trade,day,work_order_id,var_name,manhours_scaled,max_manhours_scaled,solver_value,contribution_scaled,solver_status
NC-E/I,monday,1444880,x_1444880_NC-E/I_monday,2,48,1,2,OPTIMAL
NC-E/I,monday,1450323,x_1450323_NC-E/I_monday,4,48,0,0,OPTIMAL
NC-E/I,monday,1450151,x_1450151_NC-E/I_monday,12,48,0,0,OPTIMAL
NC-E/I,monday,1446253,x_1446253_NC-E/I_monday,2,48,0,0,OPTIMAL
NC-E/I,monday,1442061,x_1442061_NC-E/I_monday,2,48,0,0,OPTIMAL
NC-E/I,monday,1441973,x_1441973_NC-E/I_monday,2,48,0,0,OPTIMAL
NC-E/I,monday,1447453,x_1447453_NC-E/I_monday,2,48,0,0,OPTIMAL
NC-E/I,monday,1451278,x_1451278_NC-E/I_monday,6,48,0,0,OPTIMAL
NC-E/I,monday,1451279,x_1451279_NC-E/I_monday,6,48,0,0,OPTIMAL
NC-E/I,monday,1450892,x_1450892_NC-E/I_monday,2,48,0,0,OPTIMAL
NC-E/I,monday,1450894,x_1450894_NC-E/I_monday,2,48,0,0,OPTIMAL
NC-E/I,monday,1450895,x_1450895_NC-E/I_monday,2,48,0,0,OPTIMAL
NC-E/I,monday,1450893,x_1450893_NC-E/I_monday,2,48,1,2,OPTIMAL
NC-E/I,monday,1448462,x_1448462_NC-E/I_monday,8,48,0,0,OPTIMAL
NC-E/I,monday,1442969,x_1442969_NC-E/I_monday,2,48,0,0,OPTIMAL
NC-E/I,monday,1451286,x_1451286_NC-E/I_monday,2,48,0,0,OPTIMAL
NC-E/I,monday,1388696,x_1388696_NC-E/I_monday,12,48,0,0,OPTIMAL
NC-E/I,monday,1387434,x_1387434_NC-E/I_monday,2,48,0,0,OPTIMAL
NC-E/I,monday,1426292,x_1426292_NC-E/I_monday,4,48,0,0,OPTIMAL
NC-E/I,monday,1430677,x_1430677_NC-E/I_monday,8,48,0,0,OPTIMAL
NC-E/I,monday,1437521,x_1437521_NC-E/I_monday,8,48,0,0,OPTIMAL
NC-E/I,monday,1444984,x_1444984_NC-E/I_monday,8,48,1,8,OPTIMAL
NC-E/I,monday,1437615,x_1437615_NC-E/I_monday,16,48,1,16,OPTIMAL
NC-E/I,monday,1442950,x_1442950_NC-E/I_monday,2,48,1,2,OPTIMAL
NC-E/I,monday,1429139,x_1429139_NC-E/I_monday,6,48,0,0,OPTIMAL
NC-E/I,monday,1442901,x_1442901_NC-E/I_monday,8,48,0,0,OPTIMAL
NC-E/I,monday,1435859,x_1435859_NC-E/I_monday,12,48,0,0,OPTIMAL
NC-E/I,monday,1450304,x_1450304_NC-E/I_monday,4,48,1,4,OPTIMAL
NC-E/I,monday,1448470,x_1448470_NC-E/I_monday,2,48,0,0,OPTIMAL
NC-E/I,monday,1442871,x_1442871_NC-E/I_monday,4,48,0,0,OPTIMAL
NC-E/I,monday,1450324,x_1450324_NC-E/I_monday,4,48,0,0,OPTIMAL
NC-E/I,monday,1450326,x_1450326_NC-E/I_monday,80,48,0,0,OPTIMAL
NC-E/I,monday,1450128,x_1450128_NC-E/I_monday,16,48,0,0,OPTIMAL
NC-E/I,monday,1450120,x_1450120_NC-E/I_monday,4,48,0,0,OPTIMAL
NC-E/I,monday,1446276,x_1446276_NC-E/I_monday,2,48,0,0,OPTIMAL
NC-E/I,monday,1446322,x_1446322_NC-E/I_monday,2,48,0,0,OPTIMAL
NC-E/I,monday,1446273,x_1446273_NC-E/I_monday,12,48,1,12,OPTIMAL
NC-E/I,monday,1446203,x_1446203_NC-E/I_monday,8,48,0,0,OPTIMAL
NC-E/I,monday,1446204,x_1446204_NC-E/I_monday,16,48,0,0,OPTIMAL
NC-E/I,monday,1449857,x_1449857_NC-E/I_monday,8,48,0,0,OPTIMAL
NC-E/I,monday,1435167,x_1435167_NC-E/I_monday,32,48,0,0,OPTIMAL
NC-E/I,monday,1420764,x_1420764_NC-E/I_monday,24,48,0,0,OPTIMAL
NC-E/I,monday,1433738,x_1433738_NC-E/I_monday,4,48,0,0,OPTIMAL
NC-E/I,monday,1440685,x_1440685_NC-E/I_monday,40,48,0,0,OPTIMAL
NC-E/I,monday,1444005,x_1444005_NC-E/I_monday,8,48,0,0,OPTIMAL
NC-E/I,monday,1434969,x_1434969_NC-E/I_monday,24,48,0,0,OPTIMAL
NC-E/I,monday,1447506,x_1447506_NC-E/I_monday,8,48,0,0,OPTIMAL
NC-E/I,monday,1436320,x_1436320_NC-E/I_monday,6,48,0,0,OPTIMAL
NC-E/I,monday,1387468,x_1387468_NC-E/I_monday,8,48,0,0,OPTIMAL
NC-E/I,monday,1448794,x_1448794_NC-E/I_monday,1,48,0,0,OPTIMAL
NC-E/I,monday,1448845,x_1448845_NC-E/I_monday,4,48,0,0,OPTIMAL
NC-E/I,monday,1378310,x_1378310_NC-E/I_monday,8,48,0,0,OPTIMAL
NC-E/I,monday,1442317,x_1442317_NC-E/I_monday,2,48,0,0,OPTIMAL
NC-E/I,monday,1442366,x_1442366_NC-E/I_monday,2,48,0,0,OPTIMAL
NC-E/I,monday,1437923,x_1437923_NC-E/I_monday,4,48,0,0,OPTIMAL
NC-E/I,monday,1437921,x_1437921_NC-E/I_monday,16,48,0,0,OPTIMAL
NC-E/I,monday,1437924,x_1437924_NC-E/I_monday,16,48,0,0,OPTIMAL
NC-E/I,monday,1437926,x_1437926_NC-E/I_monday,4,48,0,0,OPTIMAL
NC-E/I,monday,1449071,x_1449071_NC-E/I_monday,2,48,0,0,OPTIMAL
NC-E/I,monday,1449070,x_1449070_NC-E/I_monday,2,48,0,0,OPTIMAL
NC-E/I,monday,1449076,x_1449076_NC-E/I_monday,2,48,0,0,OPTIMAL
NC-E/I,monday,1449077,x_1449077_NC-E/I_monday,2,48,0,0,OPTIMAL
NC-E/I,monday,1449016,x_1449016_NC-E/I_monday,1,48,0,0,OPTIMAL
NC-E/I,monday,1449032,x_1449032_NC-E/I_monday,1,48,0,0,OPTIMAL
NC-E/I,monday,1449033,x_1449033_NC-E/I_monday,1,48,0,0,OPTIMAL
NC-E/I,monday,1449034,x_1449034_NC-E/I_monday,1,48,0,0,OPTIMAL
NC-E/I,monday,1449040,x_1449040_NC-E/I_monday,2,48,0,0,OPTIMAL
NC-E/I,monday,1449041,x_1449041_NC-E/I_monday,2,48,0,0,OPTIMAL
NC-E/I,monday,1449045,x_1449045_NC-E/I_monday,2,48,0,0,OPTIMAL
NC-E/I,monday,1449044,x_1449044_NC-E/I_monday,2,48,0,0,OPTIMAL
NC-E/I,monday,1449048,x_1449048_NC-E/I_monday,2,48,0,0,OPTIMAL
NC-E/I,monday,1449049,x_1449049_NC-E/I_monday,2,48,0,0,OPTIMAL
NC-E/I,monday,1449052,x_1449052_NC-E/I_monday,2,48,0,0,OPTIMAL
NC-E/I,monday,1449053,x_1449053_NC-E/I_monday,2,48,0,0,OPTIMAL
NC-E/I,monday,1449056,x_1449056_NC-E/I_monday,2,48,1,2,OPTIMAL
NC-E/I,monday,1449057,x_1449057_NC-E/I_monday,2,48,0,0,OPTIMAL
NC-E/I,monday,1449063,x_1449063_NC-E/I_monday,2,48,0,0,OPTIMAL
NC-E/I,monday,1449061,x_1449061_NC-E/I_monday,2,48,0,0,OPTIMAL
NC-E/I,monday,1448922,x_1448922_NC-E/I_monday,64,48,0,0,OPTIMAL
NC-E/I,monday,1448923,x_1448923_NC-E/I_monday,2,48,0,0,OPTIMAL
NC-E/I,monday,1448928,x_1448928_NC-E/I_monday,2,48,0,0,OPTIMAL
NC-E/I,monday,1448880,x_1448880_NC-E/I_monday,2,48,0,0,OPTIMAL
NC-E/I,monday,1448913,x_1448913_NC-E/I_monday,2,48,0,0,OPTIMAL
NC-E/I,tuesday,1444880,x_1444880_NC-E/I_tuesday,2,48,0,0,OPTIMAL
NC-E/I,tuesday,1450323,x_1450323_NC-E/I_tuesday,4,48,0,0,OPTIMAL
NC-E/I,tuesday,1450151,x_1450151_NC-E/I_tuesday,12,48,0,0,OPTIMAL
NC-E/I,tuesday,1446253,x_1446253_NC-E/I_tuesday,2,48,0,0,OPTIMAL
NC-E/I,tuesday,1442061,x_1442061_NC-E/I_tuesday,2,48,0,0,OPTIMAL
NC-E/I,tuesday,1441973,x_1441973_NC-E/I_tuesday,2,48,0,0,OPTIMAL
NC-E/I,tuesday,1447453,x_1447453_NC-E/I_tuesday,2,48,0,0,OPTIMAL
NC-E/I,tuesday,1451278,x_1451278_NC-E/I_tuesday,6,48,0,0,OPTIMAL
NC-E/I,tuesday,1451279,x_1451279_NC-E/I_tuesday,6,48,0,0,OPTIMAL
NC-E/I,tuesday,1450892,x_1450892_NC-E/I_tuesday,2,48,0,0,OPTIMAL
NC-E/I,tuesday,1450894,x_1450894_NC-E/I_tuesday,2,48,0,0,OPTIMAL
NC-E/I,tuesday,1450895,x_1450895_NC-E/I_tuesday,2,48,0,0,OPTIMAL
NC-E/I,tuesday,1450893,x_1450893_NC-E/I_tuesday,2,48,0,0,OPTIMAL
NC-E/I,tuesday,1448462,x_1448462_NC-E/I_tuesday,8,48,0,0,OPTIMAL
NC-E/I,tuesday,1442969,x_1442969_NC-E/I_tuesday,2,48,0,0,OPTIMAL
NC-E/I,tuesday,1451286,x_1451286_NC-E/I_tuesday,2,48,0,0,OPTIMAL
NC-E/I,tuesday,1388696,x_1388696_NC-E/I_tuesday,12,48,0,0,OPTIMAL
NC-E/I,tuesday,1387434,x_1387434_NC-E/I_tuesday,2,48,0,0,OPTIMAL
NC-E/I,tuesday,1426292,x_1426292_NC-E/I_tuesday,4,48,0,0,OPTIMAL
NC-E/I,tuesday,1430677,x_1430677_NC-E/I_tuesday,8,48,0,0,OPTIMAL
NC-E/I,tuesday,1437521,x_1437521_NC-E/I_tuesday,8,48,0,0,OPTIMAL
NC-E/I,tuesday,1444984,x_1444984_NC-E/I_tuesday,8,48,0,0,OPTIMAL
NC-E/I,tuesday,1437615,x_1437615_NC-E/I_tuesday,16,48,0,0,OPTIMAL
NC-E/I,tuesday,1442950,x_1442950_NC-E/I_tuesday,2,48,0,0,OPTIMAL
NC-E/I,tuesday,1429139,x_1429139_NC-E/I_tuesday,6,48,0,0,OPTIMAL
NC-E/I,tuesday,1442901,x_1442901_NC-E/I_tuesday,8,48,1,8,OPTIMAL
NC-E/I,tuesday,1435859,x_1435859_NC-E/I_tuesday,12,48,0,0,OPTIMAL
NC-E/I,tuesday,1450304,x_1450304_NC-E/I_tuesday,4,48,0,0,OPTIMAL
NC-E/I,tuesday,1448470,x_1448470_NC-E/I_tuesday,2,48,0,0,OPTIMAL
NC-E/I,tuesday,1442871,x_1442871_NC-E/I_tuesday,4,48,0,0,OPTIMAL
NC-E/I,tuesday,1450324,x_1450324_NC-E/I_tuesday,4,48,0,0,OPTIMAL
NC-E/I,tuesday,1450326,x_1450326_NC-E/I_tuesday,80,48,0,0,OPTIMAL
NC-E/I,tuesday,1450128,x_1450128_NC-E/I_tuesday,16,48,0,0,OPTIMAL
NC-E/I,tuesday,1450120,x_1450120_NC-E/I_tuesday,4,48,0,0,OPTIMAL
NC-E/I,tuesday,1446276,x_1446276_NC-E/I_tuesday,2,48,0,0,OPTIMAL
NC-E/I,tuesday,1446322,x_1446322_NC-E/I_tuesday,2,48,0,0,OPTIMAL
NC-E/I,tuesday,1446273,x_1446273_NC-E/I_tuesday,12,48,0,0,OPTIMAL
NC-E/I,tuesday,1446203,x_1446203_NC-E/I_tuesday,8,48,0,0,OPTIMAL
NC-E/I,tuesday,1446204,x_1446204_NC-E/I_tuesday,16,48,0,0,OPTIMAL
NC-E/I,tuesday,1449857,x_1449857_NC-E/I_tuesday,8,48,1,8,OPTIMAL
NC-E/I,tuesday,1435167,x_1435167_NC-E/I_tuesday,32,48,0,0,OPTIMAL
NC-E/I,tuesday,1420764,x_1420764_NC-E/I_tuesday,24,48,0,0,OPTIMAL
NC-E/I,tuesday,1433738,x_1433738_NC-E/I_tuesday,4,48,0,0,OPTIMAL
NC-E/I,tuesday,1440685,x_1440685_NC-E/I_tuesday,40,48,0,0,OPTIMAL
NC-E/I,tuesday,1444005,x_1444005_NC-E/I_tuesday,8,48,1,8,OPTIMAL
NC-E/I,tuesday,1434969,x_1434969_NC-E/I_tuesday,24,48,1,24,OPTIMAL
NC-E/I,tuesday,1447506,x_1447506_NC-E/I_tuesday,8,48,0,0,OPTIMAL
NC-E/I,tuesday,1436320,x_1436320_NC-E/I_tuesday,6,48,0,0,OPTIMAL
NC-E/I,tuesday,1387468,x_1387468_NC-E/I_tuesday,8,48,0,0,OPTIMAL
NC-E/I,tuesday,1448794,x_1448794_NC-E/I_tuesday,1,48,0,0,OPTIMAL
NC-E/I,tuesday,1448845,x_1448845_NC-E/I_tuesday,4,48,0,0,OPTIMAL
NC-E/I,tuesday,1378310,x_1378310_NC-E/I_tuesday,8,48,0,0,OPTIMAL
NC-E/I,tuesday,1442317,x_1442317_NC-E/I_tuesday,2,48,0,0,OPTIMAL
NC-E/I,tuesday,1442366,x_1442366_NC-E/I_tuesday,2,48,0,0,OPTIMAL
NC-E/I,tuesday,1437923,x_1437923_NC-E/I_tuesday,4,48,0,0,OPTIMAL
NC-E/I,tuesday,1437921,x_1437921_NC-E/I_tuesday,16,48,0,0,OPTIMAL
NC-E/I,tuesday,1437924,x_1437924_NC-E/I_tuesday,16,48,0,0,OPTIMAL
NC-E/I,tuesday,1437926,x_1437926_NC-E/I_tuesday,4,48,0,0,OPTIMAL
NC-E/I,tuesday,1449071,x_1449071_NC-E/I_tuesday,2,48,0,0,OPTIMAL
NC-E/I,tuesday,1449070,x_1449070_NC-E/I_tuesday,2,48,0,0,OPTIMAL
NC-E/I,tuesday,1449076,x_1449076_NC-E/I_tuesday,2,48,0,0,OPTIMAL
NC-E/I,tuesday,1449077,x_1449077_NC-E/I_tuesday,2,48,0,0,OPTIMAL
NC-E/I,tuesday,1449016,x_1449016_NC-E/I_tuesday,1,48,0,0,OPTIMAL
NC-E/I,tuesday,1449032,x_1449032_NC-E/I_tuesday,1,48,0,0,OPTIMAL
NC-E/I,tuesday,1449033,x_1449033_NC-E/I_tuesday,1,48,0,0,OPTIMAL
NC-E/I,tuesday,1449034,x_1449034_NC-E/I_tuesday,1,48,0,0,OPTIMAL
NC-E/I,tuesday,1449040,x_1449040_NC-E/I_tuesday,2,48,0,0,OPTIMAL
NC-E/I,tuesday,1449041,x_1449041_NC-E/I_tuesday,2,48,0,0,OPTIMAL
NC-E/I,tuesday,1449045,x_1449045_NC-E/I_tuesday,2,48,0,0,OPTIMAL
NC-E/I,tuesday,1449044,x_1449044_NC-E/I_tuesday,2,48,0,0,OPTIMAL
NC-E/I,tuesday,1449048,x_1449048_NC-E/I_tuesday,2,48,0,0,OPTIMAL
NC-E/I,tuesday,1449049,x_1449049_NC-E/I_tuesday,2,48,0,0,OPTIMAL
NC-E/I,tuesday,1449052,x_1449052_NC-E/I_tuesday,2,48,0,0,OPTIMAL
NC-E/I,tuesday,1449053,x_1449053_NC-E/I_tuesday,2,48,0,0,OPTIMAL
NC-E/I,tuesday,1449056,x_1449056_NC-E/I_tuesday,2,48,0,0,OPTIMAL
NC-E/I,tuesday,1449057,x_1449057_NC-E/I_tuesday,2,48,0,0,OPTIMAL
NC-E/I,tuesday,1449063,x_1449063_NC-E/I_tuesday,2,48,0,0,OPTIMAL
NC-E/I,tuesday,1449061,x_1449061_NC-E/I_tuesday,2,48,0,0,OPTIMAL
NC-E/I,tuesday,1448922,x_1448922_NC-E/I_tuesday,64,48,0,0,OPTIMAL
NC-E/I,tuesday,1448923,x_1448923_NC-E/I_tuesday,2,48,0,0,OPTIMAL
NC-E/I,tuesday,1448928,x_1448928_NC-E/I_tuesday,2,48,0,0,OPTIMAL
NC-E/I,tuesday,1448880,x_1448880_NC-E/I_tuesday,2,48,0,0,OPTIMAL
NC-E/I,tuesday,1448913,x_1448913_NC-E/I_tuesday,2,48,0,0,OPTIMAL
NC-E/I,wednesday,1444880,x_1444880_NC-E/I_wednesday,2,48,0,0,OPTIMAL
NC-E/I,wednesday,1450323,x_1450323_NC-E/I_wednesday,4,48,0,0,OPTIMAL
NC-E/I,wednesday,1450151,x_1450151_NC-E/I_wednesday,12,48,0,0,OPTIMAL
NC-E/I,wednesday,1446253,x_1446253_NC-E/I_wednesday,2,48,0,0,OPTIMAL
NC-E/I,wednesday,1442061,x_1442061_NC-E/I_wednesday,2,48,0,0,OPTIMAL
NC-E/I,wednesday,1441973,x_1441973_NC-E/I_wednesday,2,48,0,0,OPTIMAL
NC-E/I,wednesday,1447453,x_1447453_NC-E/I_wednesday,2,48,1,2,OPTIMAL
NC-E/I,wednesday,1451278,x_1451278_NC-E/I_wednesday,6,48,0,0,OPTIMAL
NC-E/I,wednesday,1451279,x_1451279_NC-E/I_wednesday,6,48,0,0,OPTIMAL
NC-E/I,wednesday,1450892,x_1450892_NC-E/I_wednesday,2,48,0,0,OPTIMAL
NC-E/I,wednesday,1450894,x_1450894_NC-E/I_wednesday,2,48,0,0,OPTIMAL
NC-E/I,wednesday,1450895,x_1450895_NC-E/I_wednesday,2,48,0,0,OPTIMAL
NC-E/I,wednesday,1450893,x_1450893_NC-E/I_wednesday,2,48,0,0,OPTIMAL
NC-E/I,wednesday,1448462,x_1448462_NC-E/I_wednesday,8,48,0,0,OPTIMAL
NC-E/I,wednesday,1442969,x_1442969_NC-E/I_wednesday,2,48,0,0,OPTIMAL
NC-E/I,wednesday,1451286,x_1451286_NC-E/I_wednesday,2,48,1,2,OPTIMAL
NC-E/I,wednesday,1388696,x_1388696_NC-E/I_wednesday,12,48,0,0,OPTIMAL
NC-E/I,wednesday,1387434,x_1387434_NC-E/I_wednesday,2,48,0,0,OPTIMAL
NC-E/I,wednesday,1426292,x_1426292_NC-E/I_wednesday,4,48,0,0,OPTIMAL
NC-E/I,wednesday,1430677,x_1430677_NC-E/I_wednesday,8,48,0,0,OPTIMAL
NC-E/I,wednesday,1437521,x_1437521_NC-E/I_wednesday,8,48,1,8,OPTIMAL
NC-E/I,wednesday,1444984,x_1444984_NC-E/I_wednesday,8,48,0,0,OPTIMAL
NC-E/I,wednesday,1437615,x_1437615_NC-E/I_wednesday,16,48,0,0,OPTIMAL
NC-E/I,wednesday,1442950,x_1442950_NC-E/I_wednesday,2,48,0,0,OPTIMAL
NC-E/I,wednesday,1429139,x_1429139_NC-E/I_wednesday,6,48,0,0,OPTIMAL
NC-E/I,wednesday,1442901,x_1442901_NC-E/I_wednesday,8,48,0,0,OPTIMAL
NC-E/I,wednesday,1435859,x_1435859_NC-E/I_wednesday,12,48,0,0,OPTIMAL
NC-E/I,wednesday,1450304,x_1450304_NC-E/I_wednesday,4,48,0,0,OPTIMAL
NC-E/I,wednesday,1448470,x_1448470_NC-E/I_wednesday,2,48,0,0,OPTIMAL
NC-E/I,wednesday,1442871,x_1442871_NC-E/I_wednesday,4,48,1,4,OPTIMAL
NC-E/I,wednesday,1450324,x_1450324_NC-E/I_wednesday,4,48,0,0,OPTIMAL
NC-E/I,wednesday,1450326,x_1450326_NC-E/I_wednesday,80,48,0,0,OPTIMAL
NC-E/I,wednesday,1450128,x_1450128_NC-E/I_wednesday,16,48,0,0,OPTIMAL
NC-E/I,wednesday,1450120,x_1450120_NC-E/I_wednesday,4,48,0,0,OPTIMAL
NC-E/I,wednesday,1446276,x_1446276_NC-E/I_wednesday,2,48,0,0,OPTIMAL
NC-E/I,wednesday,1446322,x_1446322_NC-E/I_wednesday,2,48,0,0,OPTIMAL
NC-E/I,wednesday,1446273,x_1446273_NC-E/I_wednesday,12,48,0,0,OPTIMAL
NC-E/I,wednesday,1446203,x_1446203_NC-E/I_wednesday,8,48,0,0,OPTIMAL
NC-E/I,wednesday,1446204,x_1446204_NC-E/I_wednesday,16,48,0,0,OPTIMAL
NC-E/I,wednesday,1449857,x_1449857_NC-E/I_wednesday,8,48,0,0,OPTIMAL
NC-E/I,wednesday,1435167,x_1435167_NC-E/I_wednesday,32,48,0,0,OPTIMAL
NC-E/I,wednesday,1420764,x_1420764_NC-E/I_wednesday,24,48,0,0,OPTIMAL
NC-E/I,wednesday,1433738,x_1433738_NC-E/I_wednesday,4,48,0,0,OPTIMAL
NC-E/I,wednesday,1440685,x_1440685_NC-E/I_wednesday,40,48,0,0,OPTIMAL
NC-E/I,wednesday,1444005,x_1444005_NC-E/I_wednesday,8,48,0,0,OPTIMAL
NC-E/I,wednesday,1434969,x_1434969_NC-E/I_wednesday,24,48,0,0,OPTIMAL
NC-E/I,wednesday,1447506,x_1447506_NC-E/I_wednesday,8,48,1,8,OPTIMAL
NC-E/I,wednesday,1436320,x_1436320_NC-E/I_wednesday,6,48,0,0,OPTIMAL
NC-E/I,wednesday,1387468,x_1387468_NC-E/I_wednesday,8,48,0,0,OPTIMAL
NC-E/I,wednesday,1448794,x_1448794_NC-E/I_wednesday,1,48,0,0,OPTIMAL
NC-E/I,wednesday,1448845,x_1448845_NC-E/I_wednesday,4,48,1,4,OPTIMAL
NC-E/I,wednesday,1378310,x_1378310_NC-E/I_wednesday,8,48,0,0,OPTIMAL
NC-E/I,wednesday,1442317,x_1442317_NC-E/I_wednesday,2,48,0,0,OPTIMAL
NC-E/I,wednesday,1442366,x_1442366_NC-E/I_wednesday,2,48,0,0,OPTIMAL
NC-E/I,wednesday,1437923,x_1437923_NC-E/I_wednesday,4,48,0,0,OPTIMAL
NC-E/I,wednesday,1437921,x_1437921_NC-E/I_wednesday,16,48,1,16,OPTIMAL
NC-E/I,wednesday,1437924,x_1437924_NC-E/I_wednesday,16,48,0,0,OPTIMAL
NC-E/I,wednesday,1437926,x_1437926_NC-E/I_wednesday,4,48,0,0,OPTIMAL
NC-E/I,wednesday,1449071,x_1449071_NC-E/I_wednesday,2,48,0,0,OPTIMAL
NC-E/I,wednesday,1449070,x_1449070_NC-E/I_wednesday,2,48,0,0,OPTIMAL
NC-E/I,wednesday,1449076,x_1449076_NC-E/I_wednesday,2,48,1,2,OPTIMAL
NC-E/I,wednesday,1449077,x_1449077_NC-E/I_wednesday,2,48,0,0,OPTIMAL
NC-E/I,wednesday,1449016,x_1449016_NC-E/I_wednesday,1,48,0,0,OPTIMAL
NC-E/I,wednesday,1449032,x_1449032_NC-E/I_wednesday,1,48,0,0,OPTIMAL
NC-E/I,wednesday,1449033,x_1449033_NC-E/I_wednesday,1,48,0,0,OPTIMAL
NC-E/I,wednesday,1449034,x_1449034_NC-E/I_wednesday,1,48,0,0,OPTIMAL
NC-E/I,wednesday,1449040,x_1449040_NC-E/I_wednesday,2,48,0,0,OPTIMAL
NC-E/I,wednesday,1449041,x_1449041_NC-E/I_wednesday,2,48,0,0,OPTIMAL
NC-E/I,wednesday,1449045,x_1449045_NC-E/I_wednesday,2,48,0,0,OPTIMAL
NC-E/I,wednesday,1449044,x_1449044_NC-E/I_wednesday,2,48,1,2,OPTIMAL
NC-E/I,wednesday,1449048,x_1449048_NC-E/I_wednesday,2,48,0,0,OPTIMAL
NC-E/I,wednesday,1449049,x_1449049_NC-E/I_wednesday,2,48,0,0,OPTIMAL
NC-E/I,wednesday,1449052,x_1449052_NC-E/I_wednesday,2,48,0,0,OPTIMAL
NC-E/I,wednesday,1449053,x_1449053_NC-E/I_wednesday,2,48,0,0,OPTIMAL
NC-E/I,wednesday,1449056,x_1449056_NC-E/I_wednesday,2,48,0,0,OPTIMAL
NC-E/I,wednesday,1449057,x_1449057_NC-E/I_wednesday,2,48,0,0,OPTIMAL
NC-E/I,wednesday,1449063,x_1449063_NC-E/I_wednesday,2,48,0,0,OPTIMAL
NC-E/I,wednesday,1449061,x_1449061_NC-E/I_wednesday,2,48,0,0,OPTIMAL
NC-E/I,wednesday,1448922,x_1448922_NC-E/I_wednesday,64,48,0,0,OPTIMAL
NC-E/I,wednesday,1448923,x_1448923_NC-E/I_wednesday,2,48,0,0,OPTIMAL
NC-E/I,wednesday,1448928,x_1448928_NC-E/I_wednesday,2,48,0,0,OPTIMAL
NC-E/I,wednesday,1448880,x_1448880_NC-E/I_wednesday,2,48,0,0,OPTIMAL
NC-E/I,wednesday,1448913,x_1448913_NC-E/I_wednesday,2,48,0,0,OPTIMAL
NC-E/I,thursday,1444880,x_1444880_NC-E/I_thursday,2,48,0,0,OPTIMAL
NC-E/I,thursday,1450323,x_1450323_NC-E/I_thursday,4,48,0,0,OPTIMAL
NC-E/I,thursday,1450151,x_1450151_NC-E/I_thursday,12,48,0,0,OPTIMAL
NC-E/I,thursday,1446253,x_1446253_NC-E/I_thursday,2,48,0,0,OPTIMAL
NC-E/I,thursday,1442061,x_1442061_NC-E/I_thursday,2,48,0,0,OPTIMAL
NC-E/I,thursday,1441973,x_1441973_NC-E/I_thursday,2,48,0,0,OPTIMAL
NC-E/I,thursday,1447453,x_1447453_NC-E/I_thursday,2,48,0,0,OPTIMAL
NC-E/I,thursday,1451278,x_1451278_NC-E/I_thursday,6,48,0,0,OPTIMAL
NC-E/I,thursday,1451279,x_1451279_NC-E/I_thursday,6,48,0,0,OPTIMAL
NC-E/I,thursday,1450892,x_1450892_NC-E/I_thursday,2,48,0,0,OPTIMAL
NC-E/I,thursday,1450894,x_1450894_NC-E/I_thursday,2,48,0,0,OPTIMAL
NC-E/I,thursday,1450895,x_1450895_NC-E/I_thursday,2,48,0,0,OPTIMAL
NC-E/I,thursday,1450893,x_1450893_NC-E/I_thursday,2,48,0,0,OPTIMAL
NC-E/I,thursday,1448462,x_1448462_NC-E/I_thursday,8,48,0,0,OPTIMAL
NC-E/I,thursday,1442969,x_1442969_NC-E/I_thursday,2,48,1,2,OPTIMAL
NC-E/I,thursday,1451286,x_1451286_NC-E/I_thursday,2,48,0,0,OPTIMAL
NC-E/I,thursday,1388696,x_1388696_NC-E/I_thursday,12,48,0,0,OPTIMAL
NC-E/I,thursday,1387434,x_1387434_NC-E/I_thursday,2,48,0,0,OPTIMAL
NC-E/I,thursday,1426292,x_1426292_NC-E/I_thursday,4,48,0,0,OPTIMAL
NC-E/I,thursday,1430677,x_1430677_NC-E/I_thursday,8,48,0,0,OPTIMAL
NC-E/I,thursday,1437521,x_1437521_NC-E/I_thursday,8,48,0,0,OPTIMAL
NC-E/I,thursday,1444984,x_1444984_NC-E/I_thursday,8,48,0,0,OPTIMAL
NC-E/I,thursday,1437615,x_1437615_NC-E/I_thursday,16,48,0,0,OPTIMAL
NC-E/I,thursday,1442950,x_1442950_NC-E/I_thursday,2,48,0,0,OPTIMAL
NC-E/I,thursday,1429139,x_1429139_NC-E/I_thursday,6,48,0,0,OPTIMAL
NC-E/I,thursday,1442901,x_1442901_NC-E/I_thursday,8,48,0,0,OPTIMAL
NC-E/I,thursday,1435859,x_1435859_NC-E/I_thursday,12,48,0,0,OPTIMAL
NC-E/I,thursday,1450304,x_1450304_NC-E/I_thursday,4,48,0,0,OPTIMAL
NC-E/I,thursday,1448470,x_1448470_NC-E/I_thursday,2,48,0,0,OPTIMAL
NC-E/I,thursday,1442871,x_1442871_NC-E/I_thursday,4,48,0,0,OPTIMAL
NC-E/I,thursday,1450324,x_1450324_NC-E/I_thursday,4,48,0,0,OPTIMAL
NC-E/I,thursday,1450326,x_1450326_NC-E/I_thursday,80,48,0,0,OPTIMAL
NC-E/I,thursday,1450128,x_1450128_NC-E/I_thursday,16,48,0,0,OPTIMAL
NC-E/I,thursday,1450120,x_1450120_NC-E/I_thursday,4,48,0,0,OPTIMAL
NC-E/I,thursday,1446276,x_1446276_NC-E/I_thursday,2,48,1,2,OPTIMAL
NC-E/I,thursday,1446322,x_1446322_NC-E/I_thursday,2,48,1,2,OPTIMAL
NC-E/I,thursday,1446273,x_1446273_NC-E/I_thursday,12,48,0,0,OPTIMAL
NC-E/I,thursday,1446203,x_1446203_NC-E/I_thursday,8,48,0,0,OPTIMAL
NC-E/I,thursday,1446204,x_1446204_NC-E/I_thursday,16,48,0,0,OPTIMAL
NC-E/I,thursday,1449857,x_1449857_NC-E/I_thursday,8,48,0,0,OPTIMAL
NC-E/I,thursday,1435167,x_1435167_NC-E/I_thursday,32,48,0,0,OPTIMAL
NC-E/I,thursday,1420764,x_1420764_NC-E/I_thursday,24,48,0,0,OPTIMAL
NC-E/I,thursday,1433738,x_1433738_NC-E/I_thursday,4,48,0,0,OPTIMAL
NC-E/I,thursday,1440685,x_1440685_NC-E/I_thursday,40,48,0,0,OPTIMAL
NC-E/I,thursday,1444005,x_1444005_NC-E/I_thursday,8,48,0,0,OPTIMAL
NC-E/I,thursday,1434969,x_1434969_NC-E/I_thursday,24,48,0,0,OPTIMAL
NC-E/I,thursday,1447506,x_1447506_NC-E/I_thursday,8,48,0,0,OPTIMAL
NC-E/I,thursday,1436320,x_1436320_NC-E/I_thursday,6,48,0,0,OPTIMAL
NC-E/I,thursday,1387468,x_1387468_NC-E/I_thursday,8,48,0,0,OPTIMAL
NC-E/I,thursday,1448794,x_1448794_NC-E/I_thursday,1,48,0,0,OPTIMAL
NC-E/I,thursday,1448845,x_1448845_NC-E/I_thursday,4,48,0,0,OPTIMAL
NC-E/I,thursday,1378310,x_1378310_NC-E/I_thursday,8,48,1,8,OPTIMAL
NC-E/I,thursday,1442317,x_1442317_NC-E/I_thursday,2,48,1,2,OPTIMAL
NC-E/I,thursday,1442366,x_1442366_NC-E/I_thursday,2,48,0,0,OPTIMAL
NC-E/I,thursday,1437923,x_1437923_NC-E/I_thursday,4,48,1,4,OPTIMAL
NC-E/I,thursday,1437921,x_1437921_NC-E/I_thursday,16,48,0,0,OPTIMAL
NC-E/I,thursday,1437924,x_1437924_NC-E/I_thursday,16,48,1,16,OPTIMAL
NC-E/I,thursday,1437926,x_1437926_NC-E/I_thursday,4,48,1,4,OPTIMAL
NC-E/I,thursday,1449071,x_1449071_NC-E/I_thursday,2,48,0,0,OPTIMAL
NC-E/I,thursday,1449070,x_1449070_NC-E/I_thursday,2,48,0,0,OPTIMAL
NC-E/I,thursday,1449076,x_1449076_NC-E/I_thursday,2,48,0,0,OPTIMAL
NC-E/I,thursday,1449077,x_1449077_NC-E/I_thursday,2,48,0,0,OPTIMAL
NC-E/I,thursday,1449016,x_1449016_NC-E/I_thursday,1,48,0,0,OPTIMAL
NC-E/I,thursday,1449032,x_1449032_NC-E/I_thursday,1,48,0,0,OPTIMAL
NC-E/I,thursday,1449033,x_1449033_NC-E/I_thursday,1,48,0,0,OPTIMAL
NC-E/I,thursday,1449034,x_1449034_NC-E/I_thursday,1,48,0,0,OPTIMAL
NC-E/I,thursday,1449040,x_1449040_NC-E/I_thursday,2,48,0,0,OPTIMAL
NC-E/I,thursday,1449041,x_1449041_NC-E/I_thursday,2,48,0,0,OPTIMAL
NC-E/I,thursday,1449045,x_1449045_NC-E/I_thursday,2,48,0,0,OPTIMAL
NC-E/I,thursday,1449044,x_1449044_NC-E/I_thursday,2,48,0,0,OPTIMAL
NC-E/I,thursday,1449048,x_1449048_NC-E/I_thursday,2,48,0,0,OPTIMAL
NC-E/I,thursday,1449049,x_1449049_NC-E/I_thursday,2,48,0,0,OPTIMAL
NC-E/I,thursday,1449052,x_1449052_NC-E/I_thursday,2,48,0,0,OPTIMAL
NC-E/I,thursday,1449053,x_1449053_NC-E/I_thursday,2,48,0,0,OPTIMAL
NC-E/I,thursday,1449056,x_1449056_NC-E/I_thursday,2,48,0,0,OPTIMAL
NC-E/I,thursday,1449057,x_1449057_NC-E/I_thursday,2,48,0,0,OPTIMAL
NC-E/I,thursday,1449063,x_1449063_NC-E/I_thursday,2,48,0,0,OPTIMAL
NC-E/I,thursday,1449061,x_1449061_NC-E/I_thursday,2,48,1,2,OPTIMAL
NC-E/I,thursday,1448922,x_1448922_NC-E/I_thursday,64,48,0,0,OPTIMAL
NC-E/I,thursday,1448923,x_1448923_NC-E/I_thursday,2,48,1,2,OPTIMAL
NC-E/I,thursday,1448928,x_1448928_NC-E/I_thursday,2,48,0,0,OPTIMAL
NC-E/I,thursday,1448880,x_1448880_NC-E/I_thursday,2,48,1,2,OPTIMAL
NC-E/I,thursday,1448913,x_1448913_NC-E/I_thursday,2,48,1,2,OPTIMAL
NC-E/I,friday,1444880,x_1444880_NC-E/I_friday,2,48,0,0,OPTIMAL
NC-E/I,friday,1450323,x_1450323_NC-E/I_friday,4,48,0,0,OPTIMAL
NC-E/I,friday,1450151,x_1450151_NC-E/I_friday,12,48,0,0,OPTIMAL
NC-E/I,friday,1446253,x_1446253_NC-E/I_friday,2,48,0,0,OPTIMAL
NC-E/I,friday,1442061,x_1442061_NC-E/I_friday,2,48,1,2,OPTIMAL
NC-E/I,friday,1441973,x_1441973_NC-E/I_friday,2,48,1,2,OPTIMAL
NC-E/I,friday,1447453,x_1447453_NC-E/I_friday,2,48,0,0,OPTIMAL
NC-E/I,friday,1451278,x_1451278_NC-E/I_friday,6,48,0,0,OPTIMAL
NC-E/I,friday,1451279,x_1451279_NC-E/I_friday,6,48,0,0,OPTIMAL
NC-E/I,friday,1450892,x_1450892_NC-E/I_friday,2,48,1,2,OPTIMAL
NC-E/I,friday,1450894,x_1450894_NC-E/I_friday,2,48,1,2,OPTIMAL
NC-E/I,friday,1450895,x_1450895_NC-E/I_friday,2,48,1,2,OPTIMAL
NC-E/I,friday,1450893,x_1450893_NC-E/I_friday,2,48,0,0,OPTIMAL
NC-E/I,friday,1448462,x_1448462_NC-E/I_friday,8,48,0,0,OPTIMAL
NC-E/I,friday,1442969,x_1442969_NC-E/I_friday,2,48,0,0,OPTIMAL
NC-E/I,friday,1451286,x_1451286_NC-E/I_friday,2,48,0,0,OPTIMAL
NC-E/I,friday,1388696,x_1388696_NC-E/I_friday,12,48,1,12,OPTIMAL
NC-E/I,friday,1387434,x_1387434_NC-E/I_friday,2,48,1,2,OPTIMAL
NC-E/I,friday,1426292,x_1426292_NC-E/I_friday,4,48,0,0,OPTIMAL
NC-E/I,friday,1430677,x_1430677_NC-E/I_friday,8,48,0,0,OPTIMAL
NC-E/I,friday,1437521,x_1437521_NC-E/I_friday,8,48,0,0,OPTIMAL
NC-E/I,friday,1444984,x_1444984_NC-E/I_friday,8,48,0,0,OPTIMAL
NC-E/I,friday,1437615,x_1437615_NC-E/I_friday,16,48,0,0,OPTIMAL
NC-E/I,friday,1442950,x_1442950_NC-E/I_friday,2,48,0,0,OPTIMAL
NC-E/I,friday,1429139,x_1429139_NC-E/I_friday,6,48,1,6,OPTIMAL
NC-E/I,friday,1442901,x_1442901_NC-E/I_friday,8,48,0,0,OPTIMAL
NC-E/I,friday,1435859,x_1435859_NC-E/I_friday,12,48,0,0,OPTIMAL
NC-E/I,friday,1450304,x_1450304_NC-E/I_friday,4,48,0,0,OPTIMAL
NC-E/I,friday,1448470,x_1448470_NC-E/I_friday,2,48,1,2,OPTIMAL
NC-E/I,friday,1442871,x_1442871_NC-E/I_friday,4,48,0,0,OPTIMAL
NC-E/I,friday,1450324,x_1450324_NC-E/I_friday,4,48,0,0,OPTIMAL
NC-E/I,friday,1450326,x_1450326_NC-E/I_friday,80,48,0,0,OPTIMAL
NC-E/I,friday,1450128,x_1450128_NC-E/I_friday,16,48,0,0,OPTIMAL
NC-E/I,friday,1450120,x_1450120_NC-E/I_friday,4,48,0,0,OPTIMAL
NC-E/I,friday,1446276,x_1446276_NC-E/I_friday,2,48,0,0,OPTIMAL
NC-E/I,friday,1446322,x_1446322_NC-E/I_friday,2,48,0,0,OPTIMAL
NC-E/I,friday,1446273,x_1446273_NC-E/I_friday,12,48,0,0,OPTIMAL
NC-E/I,friday,1446203,x_1446203_NC-E/I_friday,8,48,1,8,OPTIMAL
NC-E/I,friday,1446204,x_1446204_NC-E/I_friday,16,48,0,0,OPTIMAL
NC-E/I,friday,1449857,x_1449857_NC-E/I_friday,8,48,0,0,OPTIMAL
NC-E/I,friday,1435167,x_1435167_NC-E/I_friday,32,48,0,0,OPTIMAL
NC-E/I,friday,1420764,x_1420764_NC-E/I_friday,24,48,0,0,OPTIMAL
NC-E/I,friday,1433738,x_1433738_NC-E/I_friday,4,48,0,0,OPTIMAL
NC-E/I,friday,1440685,x_1440685_NC-E/I_friday,40,48,0,0,OPTIMAL
NC-E/I,friday,1444005,x_1444005_NC-E/I_friday,8,48,0,0,OPTIMAL
NC-E/I,friday,1434969,x_1434969_NC-E/I_friday,24,48,0,0,OPTIMAL
NC-E/I,friday,1447506,x_1447506_NC-E/I_friday,8,48,0,0,OPTIMAL
NC-E/I,friday,1436320,x_1436320_NC-E/I_friday,6,48,0,0,OPTIMAL
NC-E/I,friday,1387468,x_1387468_NC-E/I_friday,8,48,0,0,OPTIMAL
NC-E/I,friday,1448794,x_1448794_NC-E/I_friday,1,48,0,0,OPTIMAL
NC-E/I,friday,1448845,x_1448845_NC-E/I_friday,4,48,0,0,OPTIMAL
NC-E/I,friday,1378310,x_1378310_NC-E/I_friday,8,48,0,0,OPTIMAL
NC-E/I,friday,1442317,x_1442317_NC-E/I_friday,2,48,0,0,OPTIMAL
NC-E/I,friday,1442366,x_1442366_NC-E/I_friday,2,48,1,2,OPTIMAL
NC-E/I,friday,1437923,x_1437923_NC-E/I_friday,4,48,0,0,OPTIMAL
NC-E/I,friday,1437921,x_1437921_NC-E/I_friday,16,48,0,0,OPTIMAL
NC-E/I,friday,1437924,x_1437924_NC-E/I_friday,16,48,0,0,OPTIMAL
NC-E/I,friday,1437926,x_1437926_NC-E/I_friday,4,48,0,0,OPTIMAL
NC-E/I,friday,1449071,x_1449071_NC-E/I_friday,2,48,0,0,OPTIMAL
NC-E/I,friday,1449070,x_1449070_NC-E/I_friday,2,48,1,2,OPTIMAL
NC-E/I,friday,1449076,x_1449076_NC-E/I_friday,2,48,0,0,OPTIMAL
NC-E/I,friday,1449077,x_1449077_NC-E/I_friday,2,48,0,0,OPTIMAL
NC-E/I,friday,1449016,x_1449016_NC-E/I_friday,1,48,0,0,OPTIMAL
NC-E/I,friday,1449032,x_1449032_NC-E/I_friday,1,48,0,0,OPTIMAL
NC-E/I,friday,1449033,x_1449033_NC-E/I_friday,1,48,0,0,OPTIMAL
NC-E/I,friday,1449034,x_1449034_NC-E/I_friday,1,48,0,0,OPTIMAL
NC-E/I,friday,1449040,x_1449040_NC-E/I_friday,2,48,0,0,OPTIMAL
NC-E/I,friday,1449041,x_1449041_NC-E/I_friday,2,48,0,0,OPTIMAL
NC-E/I,friday,1449045,x_1449045_NC-E/I_friday,2,48,0,0,OPTIMAL
NC-E/I,friday,1449044,x_1449044_NC-E/I_friday,2,48,0,0,OPTIMAL
NC-E/I,friday,1449048,x_1449048_NC-E/I_friday,2,48,1,2,OPTIMAL
NC-E/I,friday,1449049,x_1449049_NC-E/I_friday,2,48,0,0,OPTIMAL
NC-E/I,friday,1449052,x_1449052_NC-E/I_friday,2,48,0,0,OPTIMAL
NC-E/I,friday,1449053,x_1449053_NC-E/I_friday,2,48,0,0,OPTIMAL
NC-E/I,friday,1449056,x_1449056_NC-E/I_friday,2,48,0,0,OPTIMAL
NC-E/I,friday,1449057,x_1449057_NC-E/I_friday,2,48,0,0,OPTIMAL
NC-E/I,friday,1449063,x_1449063_NC-E/I_friday,2,48,0,0,OPTIMAL
NC-E/I,friday,1449061,x_1449061_NC-E/I_friday,2,48,0,0,OPTIMAL
NC-E/I,friday,1448922,x_1448922_NC-E/I_friday,64,48,0,0,OPTIMAL
NC-E/I,friday,1448923,x_1448923_NC-E/I_friday,2,48,0,0,OPTIMAL
NC-E/I,friday,1448928,x_1448928_NC-E/I_friday,2,48,1,2,OPTIMAL
NC-E/I,friday,1448880,x_1448880_NC-E/I_friday,2,48,0,0,OPTIMAL
NC-E/I,friday,1448913,x_1448913_NC-E/I_friday,2,48,0,0,OPTIMAL
NC-E/I,saturday,1444880,x_1444880_NC-E/I_saturday,2,48,0,0,OPTIMAL
NC-E/I,saturday,1450323,x_1450323_NC-E/I_saturday,4,48,0,0,OPTIMAL
NC-E/I,saturday,1450151,x_1450151_NC-E/I_saturday,12,48,0,0,OPTIMAL
NC-E/I,saturday,1446253,x_1446253_NC-E/I_saturday,2,48,1,2,OPTIMAL
NC-E/I,saturday,1442061,x_1442061_NC-E/I_saturday,2,48,0,0,OPTIMAL
NC-E/I,saturday,1441973,x_1441973_NC-E/I_saturday,2,48,0,0,OPTIMAL
NC-E/I,saturday,1447453,x_1447453_NC-E/I_saturday,2,48,0,0,OPTIMAL
NC-E/I,saturday,1451278,x_1451278_NC-E/I_saturday,6,48,0,0,OPTIMAL
NC-E/I,saturday,1451279,x_1451279_NC-E/I_saturday,6,48,0,0,OPTIMAL
NC-E/I,saturday,1450892,x_1450892_NC-E/I_saturday,2,48,0,0,OPTIMAL
NC-E/I,saturday,1450894,x_1450894_NC-E/I_saturday,2,48,0,0,OPTIMAL
NC-E/I,saturday,1450895,x_1450895_NC-E/I_saturday,2,48,0,0,OPTIMAL
NC-E/I,saturday,1450893,x_1450893_NC-E/I_saturday,2,48,0,0,OPTIMAL
NC-E/I,saturday,1448462,x_1448462_NC-E/I_saturday,8,48,0,0,OPTIMAL
NC-E/I,saturday,1442969,x_1442969_NC-E/I_saturday,2,48,0,0,OPTIMAL
NC-E/I,saturday,1451286,x_1451286_NC-E/I_saturday,2,48,0,0,OPTIMAL
NC-E/I,saturday,1388696,x_1388696_NC-E/I_saturday,12,48,0,0,OPTIMAL
NC-E/I,saturday,1387434,x_1387434_NC-E/I_saturday,2,48,0,0,OPTIMAL
NC-E/I,saturday,1426292,x_1426292_NC-E/I_saturday,4,48,1,4,OPTIMAL
NC-E/I,saturday,1430677,x_1430677_NC-E/I_saturday,8,48,0,0,OPTIMAL
NC-E/I,saturday,1437521,x_1437521_NC-E/I_saturday,8,48,0,0,OPTIMAL
NC-E/I,saturday,1444984,x_1444984_NC-E/I_saturday,8,48,0,0,OPTIMAL
NC-E/I,saturday,1437615,x_1437615_NC-E/I_saturday,16,48,0,0,OPTIMAL
NC-E/I,saturday,1442950,x_1442950_NC-E/I_saturday,2,48,0,0,OPTIMAL
NC-E/I,saturday,1429139,x_1429139_NC-E/I_saturday,6,48,0,0,OPTIMAL
NC-E/I,saturday,1442901,x_1442901_NC-E/I_saturday,8,48,0,0,OPTIMAL
NC-E/I,saturday,1435859,x_1435859_NC-E/I_saturday,12,48,1,12,OPTIMAL
NC-E/I,saturday,1450304,x_1450304_NC-E/I_saturday,4,48,0,0,OPTIMAL
NC-E/I,saturday,1448470,x_1448470_NC-E/I_saturday,2,48,0,0,OPTIMAL
NC-E/I,saturday,1442871,x_1442871_NC-E/I_saturday,4,48,0,0,OPTIMAL
NC-E/I,saturday,1450324,x_1450324_NC-E/I_saturday,4,48,1,4,OPTIMAL
NC-E/I,saturday,1450326,x_1450326_NC-E/I_saturday,80,48,0,0,OPTIMAL
NC-E/I,saturday,1450128,x_1450128_NC-E/I_saturday,16,48,0,0,OPTIMAL
NC-E/I,saturday,1450120,x_1450120_NC-E/I_saturday,4,48,0,0,OPTIMAL
NC-E/I,saturday,1446276,x_1446276_NC-E/I_saturday,2,48,0,0,OPTIMAL
NC-E/I,saturday,1446322,x_1446322_NC-E/I_saturday,2,48,0,0,OPTIMAL
NC-E/I,saturday,1446273,x_1446273_NC-E/I_saturday,12,48,0,0,OPTIMAL
NC-E/I,saturday,1446203,x_1446203_NC-E/I_saturday,8,48,0,0,OPTIMAL
NC-E/I,saturday,1446204,x_1446204_NC-E/I_saturday,16,48,0,0,OPTIMAL
NC-E/I,saturday,1449857,x_1449857_NC-E/I_saturday,8,48,0,0,OPTIMAL
NC-E/I,saturday,1435167,x_1435167_NC-E/I_saturday,32,48,0,0,OPTIMAL
NC-E/I,saturday,1420764,x_1420764_NC-E/I_saturday,24,48,1,24,OPTIMAL
NC-E/I,saturday,1433738,x_1433738_NC-E/I_saturday,4,48,0,0,OPTIMAL
NC-E/I,saturday,1440685,x_1440685_NC-E/I_saturday,40,48,0,0,OPTIMAL
NC-E/I,saturday,1444005,x_1444005_NC-E/I_saturday,8,48,0,0,OPTIMAL
NC-E/I,saturday,1434969,x_1434969_NC-E/I_saturday,24,48,0,0,OPTIMAL
NC-E/I,saturday,1447506,x_1447506_NC-E/I_saturday,8,48,0,0,OPTIMAL
NC-E/I,saturday,1436320,x_1436320_NC-E/I_saturday,6,48,0,0,OPTIMAL
NC-E/I,saturday,1387468,x_1387468_NC-E/I_saturday,8,48,0,0,OPTIMAL
NC-E/I,saturday,1448794,x_1448794_NC-E/I_saturday,1,48,0,0,OPTIMAL
NC-E/I,saturday,1448845,x_1448845_NC-E/I_saturday,4,48,0,0,OPTIMAL
NC-E/I,saturday,1378310,x_1378310_NC-E/I_saturday,8,48,0,0,OPTIMAL
NC-E/I,saturday,1442317,x_1442317_NC-E/I_saturday,2,48,0,0,OPTIMAL
NC-E/I,saturday,1442366,x_1442366_NC-E/I_saturday,2,48,0,0,OPTIMAL
NC-E/I,saturday,1437923,x_1437923_NC-E/I_saturday,4,48,0,0,OPTIMAL
NC-E/I,saturday,1437921,x_1437921_NC-E/I_saturday,16,48,0,0,OPTIMAL
NC-E/I,saturday,1437924,x_1437924_NC-E/I_saturday,16,48,0,0,OPTIMAL
NC-E/I,saturday,1437926,x_1437926_NC-E/I_saturday,4,48,0,0,OPTIMAL
NC-E/I,saturday,1449071,x_1449071_NC-E/I_saturday,2,48,0,0,OPTIMAL
NC-E/I,saturday,1449070,x_1449070_NC-E/I_saturday,2,48,0,0,OPTIMAL
NC-E/I,saturday,1449076,x_1449076_NC-E/I_saturday,2,48,0,0,OPTIMAL
NC-E/I,saturday,1449077,x_1449077_NC-E/I_saturday,2,48,0,0,OPTIMAL
NC-E/I,saturday,1449016,x_1449016_NC-E/I_saturday,1,48,0,0,OPTIMAL
NC-E/I,saturday,1449032,x_1449032_NC-E/I_saturday,1,48,0,0,OPTIMAL
NC-E/I,saturday,1449033,x_1449033_NC-E/I_saturday,1,48,0,0,OPTIMAL
NC-E/I,saturday,1449034,x_1449034_NC-E/I_saturday,1,48,0,0,OPTIMAL
NC-E/I,saturday,1449040,x_1449040_NC-E/I_saturday,2,48,1,2,OPTIMAL
NC-E/I,saturday,1449041,x_1449041_NC-E/I_saturday,2,48,0,0,OPTIMAL
NC-E/I,saturday,1449045,x_1449045_NC-E/I_saturday,2,48,0,0,OPTIMAL
NC-E/I,saturday,1449044,x_1449044_NC-E/I_saturday,2,48,0,0,OPTIMAL
NC-E/I,saturday,1449048,x_1449048_NC-E/I_saturday,2,48,0,0,OPTIMAL
NC-E/I,saturday,1449049,x_1449049_NC-E/I_saturday,2,48,0,0,OPTIMAL
NC-E/I,saturday,1449052,x_1449052_NC-E/I_saturday,2,48,0,0,OPTIMAL
NC-E/I,saturday,1449053,x_1449053_NC-E/I_saturday,2,48,0,0,OPTIMAL
NC-E/I,saturday,1449056,x_1449056_NC-E/I_saturday,2,48,0,0,OPTIMAL
NC-E/I,saturday,1449057,x_1449057_NC-E/I_saturday,2,48,0,0,OPTIMAL
NC-E/I,saturday,1449063,x_1449063_NC-E/I_saturday,2,48,0,0,OPTIMAL
NC-E/I,saturday,1449061,x_1449061_NC-E/I_saturday,2,48,0,0,OPTIMAL
NC-E/I,saturday,1448922,x_1448922_NC-E/I_saturday,64,48,0,0,OPTIMAL
NC-E/I,saturday,1448923,x_1448923_NC-E/I_saturday,2,48,0,0,OPTIMAL
NC-E/I,saturday,1448928,x_1448928_NC-E/I_saturday,2,48,0,0,OPTIMAL
NC-E/I,saturday,1448880,x_1448880_NC-E/I_saturday,2,48,0,0,OPTIMAL
NC-E/I,saturday,1448913,x_1448913_NC-E/I_saturday,2,48,0,0,OPTIMAL
NC-E/I,sunday,1444880,x_1444880_NC-E/I_sunday,2,48,0,0,OPTIMAL
NC-E/I,sunday,1450323,x_1450323_NC-E/I_sunday,4,48,0,0,OPTIMAL
NC-E/I,sunday,1450151,x_1450151_NC-E/I_sunday,12,48,0,0,OPTIMAL
NC-E/I,sunday,1446253,x_1446253_NC-E/I_sunday,2,48,0,0,OPTIMAL
NC-E/I,sunday,1442061,x_1442061_NC-E/I_sunday,2,48,0,0,OPTIMAL
NC-E/I,sunday,1441973,x_1441973_NC-E/I_sunday,2,48,0,0,OPTIMAL
NC-E/I,sunday,1447453,x_1447453_NC-E/I_sunday,2,48,0,0,OPTIMAL
NC-E/I,sunday,1451278,x_1451278_NC-E/I_sunday,6,48,0,0,OPTIMAL
NC-E/I,sunday,1451279,x_1451279_NC-E/I_sunday,6,48,0,0,OPTIMAL
NC-E/I,sunday,1450892,x_1450892_NC-E/I_sunday,2,48,0,0,OPTIMAL
NC-E/I,sunday,1450894,x_1450894_NC-E/I_sunday,2,48,0,0,OPTIMAL
NC-E/I,sunday,1450895,x_1450895_NC-E/I_sunday,2,48,0,0,OPTIMAL
NC-E/I,sunday,1450893,x_1450893_NC-E/I_sunday,2,48,0,0,OPTIMAL
NC-E/I,sunday,1448462,x_1448462_NC-E/I_sunday,8,48,0,0,OPTIMAL
NC-E/I,sunday,1442969,x_1442969_NC-E/I_sunday,2,48,0,0,OPTIMAL
NC-E/I,sunday,1451286,x_1451286_NC-E/I_sunday,2,48,0,0,OPTIMAL
NC-E/I,sunday,1388696,x_1388696_NC-E/I_sunday,12,48,0,0,OPTIMAL
NC-E/I,sunday,1387434,x_1387434_NC-E/I_sunday,2,48,0,0,OPTIMAL
NC-E/I,sunday,1426292,x_1426292_NC-E/I_sunday,4,48,0,0,OPTIMAL
NC-E/I,sunday,1430677,x_1430677_NC-E/I_sunday,8,48,1,8,OPTIMAL
NC-E/I,sunday,1437521,x_1437521_NC-E/I_sunday,8,48,0,0,OPTIMAL
NC-E/I,sunday,1444984,x_1444984_NC-E/I_sunday,8,48,0,0,OPTIMAL
NC-E/I,sunday,1437615,x_1437615_NC-E/I_sunday,16,48,0,0,OPTIMAL
NC-E/I,sunday,1442950,x_1442950_NC-E/I_sunday,2,48,0,0,OPTIMAL
NC-E/I,sunday,1429139,x_1429139_NC-E/I_sunday,6,48,0,0,OPTIMAL
NC-E/I,sunday,1442901,x_1442901_NC-E/I_sunday,8,48,0,0,OPTIMAL
NC-E/I,sunday,1435859,x_1435859_NC-E/I_sunday,12,48,0,0,OPTIMAL
NC-E/I,sunday,1450304,x_1450304_NC-E/I_sunday,4,48,0,0,OPTIMAL
NC-E/I,sunday,1448470,x_1448470_NC-E/I_sunday,2,48,0,0,OPTIMAL
NC-E/I,sunday,1442871,x_1442871_NC-E/I_sunday,4,48,0,0,OPTIMAL
NC-E/I,sunday,1450324,x_1450324_NC-E/I_sunday,4,48,0,0,OPTIMAL
NC-E/I,sunday,1450326,x_1450326_NC-E/I_sunday,80,48,0,0,OPTIMAL
NC-E/I,sunday,1450128,x_1450128_NC-E/I_sunday,16,48,0,0,OPTIMAL
NC-E/I,sunday,1450120,x_1450120_NC-E/I_sunday,4,48,0,0,OPTIMAL
NC-E/I,sunday,1446276,x_1446276_NC-E/I_sunday,2,48,0,0,OPTIMAL
NC-E/I,sunday,1446322,x_1446322_NC-E/I_sunday,2,48,0,0,OPTIMAL
NC-E/I,sunday,1446273,x_1446273_NC-E/I_sunday,12,48,0,0,OPTIMAL
NC-E/I,sunday,1446203,x_1446203_NC-E/I_sunday,8,48,0,0,OPTIMAL
NC-E/I,sunday,1446204,x_1446204_NC-E/I_sunday,16,48,0,0,OPTIMAL
NC-E/I,sunday,1449857,x_1449857_NC-E/I_sunday,8,48,0,0,OPTIMAL
NC-E/I,sunday,1435167,x_1435167_NC-E/I_sunday,32,48,0,0,OPTIMAL
NC-E/I,sunday,1420764,x_1420764_NC-E/I_sunday,24,48,0,0,OPTIMAL
NC-E/I,sunday,1433738,x_1433738_NC-E/I_sunday,4,48,1,4,OPTIMAL
NC-E/I,sunday,1440685,x_1440685_NC-E/I_sunday,40,48,0,0,OPTIMAL
NC-E/I,sunday,1444005,x_1444005_NC-E/I_sunday,8,48,0,0,OPTIMAL
NC-E/I,sunday,1434969,x_1434969_NC-E/I_sunday,24,48,0,0,OPTIMAL
NC-E/I,sunday,1447506,x_1447506_NC-E/I_sunday,8,48,0,0,OPTIMAL
NC-E/I,sunday,1436320,x_1436320_NC-E/I_sunday,6,48,1,6,OPTIMAL
NC-E/I,sunday,1387468,x_1387468_NC-E/I_sunday,8,48,1,8,OPTIMAL
NC-E/I,sunday,1448794,x_1448794_NC-E/I_sunday,1,48,0,0,OPTIMAL
NC-E/I,sunday,1448845,x_1448845_NC-E/I_sunday,4,48,0,0,OPTIMAL
NC-E/I,sunday,1378310,x_1378310_NC-E/I_sunday,8,48,0,0,OPTIMAL
NC-E/I,sunday,1442317,x_1442317_NC-E/I_sunday,2,48,0,0,OPTIMAL
NC-E/I,sunday,1442366,x_1442366_NC-E/I_sunday,2,48,0,0,OPTIMAL
NC-E/I,sunday,1437923,x_1437923_NC-E/I_sunday,4,48,0,0,OPTIMAL
NC-E/I,sunday,1437921,x_1437921_NC-E/I_sunday,16,48,0,0,OPTIMAL
NC-E/I,sunday,1437924,x_1437924_NC-E/I_sunday,16,48,0,0,OPTIMAL
NC-E/I,sunday,1437926,x_1437926_NC-E/I_sunday,4,48,0,0,OPTIMAL
NC-E/I,sunday,1449071,x_1449071_NC-E/I_sunday,2,48,1,2,OPTIMAL
NC-E/I,sunday,1449070,x_1449070_NC-E/I_sunday,2,48,0,0,OPTIMAL
NC-E/I,sunday,1449076,x_1449076_NC-E/I_sunday,2,48,0,0,OPTIMAL
NC-E/I,sunday,1449077,x_1449077_NC-E/I_sunday,2,48,1,2,OPTIMAL
NC-E/I,sunday,1449016,x_1449016_NC-E/I_sunday,1,48,1,1,OPTIMAL
NC-E/I,sunday,1449032,x_1449032_NC-E/I_sunday,1,48,1,1,OPTIMAL
NC-E/I,sunday,1449033,x_1449033_NC-E/I_sunday,1,48,1,1,OPTIMAL
NC-E/I,sunday,1449034,x_1449034_NC-E/I_sunday,1,48,1,1,OPTIMAL
NC-E/I,sunday,1449040,x_1449040_NC-E/I_sunday,2,48,0,0,OPTIMAL
NC-E/I,sunday,1449041,x_1449041_NC-E/I_sunday,2,48,1,2,OPTIMAL
NC-E/I,sunday,1449045,x_1449045_NC-E/I_sunday,2,48,1,2,OPTIMAL
NC-E/I,sunday,1449044,x_1449044_NC-E/I_sunday,2,48,0,0,OPTIMAL
NC-E/I,sunday,1449048,x_1449048_NC-E/I_sunday,2,48,0,0,OPTIMAL
NC-E/I,sunday,1449049,x_1449049_NC-E/I_sunday,2,48,1,2,OPTIMAL
NC-E/I,sunday,1449052,x_1449052_NC-E/I_sunday,2,48,1,2,OPTIMAL
NC-E/I,sunday,1449053,x_1449053_NC-E/I_sunday,2,48,1,2,OPTIMAL
NC-E/I,sunday,1449056,x_1449056_NC-E/I_sunday,2,48,0,0,OPTIMAL
NC-E/I,sunday,1449057,x_1449057_NC-E/I_sunday,2,48,1,2,OPTIMAL
NC-E/I,sunday,1449063,x_1449063_NC-E/I_sunday,2,48,1,2,OPTIMAL
NC-E/I,sunday,1449061,x_1449061_NC-E/I_sunday,2,48,0,0,OPTIMAL
NC-E/I,sunday,1448922,x_1448922_NC-E/I_sunday,64,48,0,0,OPTIMAL
NC-E/I,sunday,1448923,x_1448923_NC-E/I_sunday,2,48,0,0,OPTIMAL
NC-E/I,sunday,1448928,x_1448928_NC-E/I_sunday,2,48,0,0,OPTIMAL
NC-E/I,sunday,1448880,x_1448880_NC-E/I_sunday,2,48,0,0,OPTIMAL
NC-E/I,sunday,1448913,x_1448913_NC-E/I_sunday,2,48,0,0,OPTIMAL
NC-EQUIPMENT,monday,1442948,x_1442948_NC-EQUIPMENT_monday,2,16,0,0,OPTIMAL
NC-EQUIPMENT,monday,1444954,x_1444954_NC-EQUIPMENT_monday,12,16,0,0,OPTIMAL
NC-EQUIPMENT,monday,1446090,x_1446090_NC-EQUIPMENT_monday,4,16,1,4,OPTIMAL
NC-EQUIPMENT,monday,1448081,x_1448081_NC-EQUIPMENT_monday,16,16,0,0,OPTIMAL
NC-EQUIPMENT,monday,1432538,x_1432538_NC-EQUIPMENT_monday,20,16,0,0,OPTIMAL
NC-EQUIPMENT,monday,1444006,x_1444006_NC-EQUIPMENT_monday,4,16,0,0,OPTIMAL
NC-EQUIPMENT,monday,1443872,x_1443872_NC-EQUIPMENT_monday,12,16,1,12,OPTIMAL
NC-EQUIPMENT,monday,1447469,x_1447469_NC-EQUIPMENT_monday,8,16,0,0,OPTIMAL
NC-EQUIPMENT,tuesday,1442948,x_1442948_NC-EQUIPMENT_tuesday,2,16,1,2,OPTIMAL
NC-EQUIPMENT,tuesday,1444954,x_1444954_NC-EQUIPMENT_tuesday,12,16,0,0,OPTIMAL
NC-EQUIPMENT,tuesday,1446090,x_1446090_NC-EQUIPMENT_tuesday,4,16,0,0,OPTIMAL
NC-EQUIPMENT,tuesday,1448081,x_1448081_NC-EQUIPMENT_tuesday,16,16,0,0,OPTIMAL
NC-EQUIPMENT,tuesday,1432538,x_1432538_NC-EQUIPMENT_tuesday,20,16,0,0,OPTIMAL
NC-EQUIPMENT,tuesday,1444006,x_1444006_NC-EQUIPMENT_tuesday,4,16,0,0,OPTIMAL
NC-EQUIPMENT,tuesday,1443872,x_1443872_NC-EQUIPMENT_tuesday,12,16,0,0,OPTIMAL
NC-EQUIPMENT,tuesday,1447469,x_1447469_NC-EQUIPMENT_tuesday,8,16,1,8,OPTIMAL
NC-EQUIPMENT,wednesday,1442948,x_1442948_NC-EQUIPMENT_wednesday,2,16,0,0,OPTIMAL
NC-EQUIPMENT,wednesday,1444954,x_1444954_NC-EQUIPMENT_wednesday,12,16,1,12,OPTIMAL
NC-EQUIPMENT,wednesday,1446090,x_1446090_NC-EQUIPMENT_wednesday,4,16,0,0,OPTIMAL
NC-EQUIPMENT,wednesday,1448081,x_1448081_NC-EQUIPMENT_wednesday,16,16,0,0,OPTIMAL
NC-EQUIPMENT,wednesday,1432538,x_1432538_NC-EQUIPMENT_wednesday,20,16,0,0,OPTIMAL
NC-EQUIPMENT,wednesday,1444006,x_1444006_NC-EQUIPMENT_wednesday,4,16,1,4,OPTIMAL
NC-EQUIPMENT,wednesday,1443872,x_1443872_NC-EQUIPMENT_wednesday,12,16,0,0,OPTIMAL
NC-EQUIPMENT,wednesday,1447469,x_1447469_NC-EQUIPMENT_wednesday,8,16,0,0,OPTIMAL
NC-EQUIPMENT,thursday,1442948,x_1442948_NC-EQUIPMENT_thursday,2,16,0,0,OPTIMAL
NC-EQUIPMENT,thursday,1444954,x_1444954_NC-EQUIPMENT_thursday,12,16,0,0,OPTIMAL
NC-EQUIPMENT,thursday,1446090,x_1446090_NC-EQUIPMENT_thursday,4,16,0,0,OPTIMAL
NC-EQUIPMENT,thursday,1448081,x_1448081_NC-EQUIPMENT_thursday,16,16,0,0,OPTIMAL
NC-EQUIPMENT,thursday,1432538,x_1432538_NC-EQUIPMENT_thursday,20,16,0,0,OPTIMAL
NC-EQUIPMENT,thursday,1444006,x_1444006_NC-EQUIPMENT_thursday,4,16,0,0,OPTIMAL
NC-EQUIPMENT,thursday,1443872,x_1443872_NC-EQUIPMENT_thursday,12,16,0,0,OPTIMAL
NC-EQUIPMENT,thursday,1447469,x_1447469_NC-EQUIPMENT_thursday,8,16,0,0,OPTIMAL
NC-EQUIPMENT,friday,1442948,x_1442948_NC-EQUIPMENT_friday,2,16,0,0,OPTIMAL
NC-EQUIPMENT,friday,1444954,x_1444954_NC-EQUIPMENT_friday,12,16,0,0,OPTIMAL
NC-EQUIPMENT,friday,1446090,x_1446090_NC-EQUIPMENT_friday,4,16,0,0,OPTIMAL
NC-EQUIPMENT,friday,1448081,x_1448081_NC-EQUIPMENT_friday,16,16,1,16,OPTIMAL
NC-EQUIPMENT,friday,1432538,x_1432538_NC-EQUIPMENT_friday,20,16,0,0,OPTIMAL
NC-EQUIPMENT,friday,1444006,x_1444006_NC-EQUIPMENT_friday,4,16,0,0,OPTIMAL
NC-EQUIPMENT,friday,1443872,x_1443872_NC-EQUIPMENT_friday,12,16,0,0,OPTIMAL
NC-EQUIPMENT,friday,1447469,x_1447469_NC-EQUIPMENT_friday,8,16,0,0,OPTIMAL
NC-LUBRICATOR,monday,1376960,x_1376960_NC-LUBRICATOR_monday,8,16,0,0,OPTIMAL
NC-LUBRICATOR,monday,1448781,x_1448781_NC-LUBRICATOR_monday,2,16,0,0,OPTIMAL
NC-LUBRICATOR,monday,1448783,x_1448783_NC-LUBRICATOR_monday,10,16,0,0,OPTIMAL
NC-LUBRICATOR,monday,1448804,x_1448804_NC-LUBRICATOR_monday,2,16,0,0,OPTIMAL
NC-LUBRICATOR,monday,1448807,x_1448807_NC-LUBRICATOR_monday,2,16,0,0,OPTIMAL
NC-LUBRICATOR,monday,1448835,x_1448835_NC-LUBRICATOR_monday,2,16,0,0,OPTIMAL
NC-LUBRICATOR,monday,1448840,x_1448840_NC-LUBRICATOR_monday,2,16,0,0,OPTIMAL
NC-LUBRICATOR,monday,1448706,x_1448706_NC-LUBRICATOR_monday,2,16,1,2,OPTIMAL
NC-LUBRICATOR,monday,1448714,x_1448714_NC-LUBRICATOR_monday,2,16,1,2,OPTIMAL
NC-LUBRICATOR,monday,1448719,x_1448719_NC-LUBRICATOR_monday,2,16,0,0,OPTIMAL
NC-LUBRICATOR,monday,1431833,x_1431833_NC-LUBRICATOR_monday,20,16,0,0,OPTIMAL
NC-LUBRICATOR,monday,1448676,x_1448676_NC-LUBRICATOR_monday,2,16,0,0,OPTIMAL
NC-LUBRICATOR,monday,1448677,x_1448677_NC-LUBRICATOR_monday,2,16,0,0,OPTIMAL
NC-LUBRICATOR,monday,1448665,x_1448665_NC-LUBRICATOR_monday,4,16,0,0,OPTIMAL
NC-LUBRICATOR,monday,1448667,x_1448667_NC-LUBRICATOR_monday,4,16,0,0,OPTIMAL
NC-LUBRICATOR,monday,1418424,x_1418424_NC-LUBRICATOR_monday,2,16,0,0,OPTIMAL
NC-LUBRICATOR,monday,1442916,x_1442916_NC-LUBRICATOR_monday,8,16,0,0,OPTIMAL
NC-LUBRICATOR,monday,1441447,x_1441447_NC-LUBRICATOR_monday,8,16,0,0,OPTIMAL
NC-LUBRICATOR,monday,1442620,x_1442620_NC-LUBRICATOR_monday,4,16,0,0,OPTIMAL
NC-LUBRICATOR,monday,1442621,x_1442621_NC-LUBRICATOR_monday,4,16,0,0,OPTIMAL
NC-LUBRICATOR,monday,1442626,x_1442626_NC-LUBRICATOR_monday,4,16,1,4,OPTIMAL
NC-LUBRICATOR,monday,1442627,x_1442627_NC-LUBRICATOR_monday,4,16,0,0,OPTIMAL
NC-LUBRICATOR,monday,1444517,x_1444517_NC-LUBRICATOR_monday,8,16,0,0,OPTIMAL
NC-LUBRICATOR,monday,1442367,x_1442367_NC-LUBRICATOR_monday,2,16,0,0,OPTIMAL
NC-LUBRICATOR,monday,1448084,x_1448084_NC-LUBRICATOR_monday,1,16,0,0,OPTIMAL
NC-LUBRICATOR,monday,1433859,x_1433859_NC-LUBRICATOR_monday,16,16,0,0,OPTIMAL
NC-LUBRICATOR,monday,1435191,x_1435191_NC-LUBRICATOR_monday,16,16,0,0,OPTIMAL
NC-LUBRICATOR,monday,1442287,x_1442287_NC-LUBRICATOR_monday,2,16,1,2,OPTIMAL
NC-LUBRICATOR,monday,1442292,x_1442292_NC-LUBRICATOR_monday,2,16,1,2,OPTIMAL
NC-LUBRICATOR,monday,1442096,x_1442096_NC-LUBRICATOR_monday,4,16,0,0,OPTIMAL
NC-LUBRICATOR,monday,1436384,x_1436384_NC-LUBRICATOR_monday,16,16,0,0,OPTIMAL
NC-LUBRICATOR,monday,1447569,x_1447569_NC-LUBRICATOR_monday,1,16,1,1,OPTIMAL
NC-LUBRICATOR,monday,1449332,x_1449332_NC-LUBRICATOR_monday,4,16,0,0,OPTIMAL
NC-LUBRICATOR,monday,1449159,x_1449159_NC-LUBRICATOR_monday,4,16,0,0,OPTIMAL
NC-LUBRICATOR,monday,1449155,x_1449155_NC-LUBRICATOR_monday,4,16,0,0,OPTIMAL
NC-LUBRICATOR,monday,1449156,x_1449156_NC-LUBRICATOR_monday,4,16,0,0,OPTIMAL
NC-LUBRICATOR,monday,1449160,x_1449160_NC-LUBRICATOR_monday,4,16,0,0,OPTIMAL
NC-LUBRICATOR,monday,1449196,x_1449196_NC-LUBRICATOR_monday,1,16,1,1,OPTIMAL
NC-LUBRICATOR,monday,1449144,x_1449144_NC-LUBRICATOR_monday,3,16,0,0,OPTIMAL
NC-LUBRICATOR,monday,1449125,x_1449125_NC-LUBRICATOR_monday,1,16,1,1,OPTIMAL
NC-LUBRICATOR,monday,1449138,x_1449138_NC-LUBRICATOR_monday,8,16,0,0,OPTIMAL
NC-LUBRICATOR,monday,1448919,x_1448919_NC-LUBRICATOR_monday,8,16,0,0,OPTIMAL
NC-LUBRICATOR,monday,1448920,x_1448920_NC-LUBRICATOR_monday,8,16,0,0,OPTIMAL
NC-LUBRICATOR,monday,1448975,x_1448975_NC-LUBRICATOR_monday,1,16,1,1,OPTIMAL
NC-LUBRICATOR,monday,1448861,x_1448861_NC-LUBRICATOR_monday,2,16,0,0,OPTIMAL
NC-LUBRICATOR,monday,1448873,x_1448873_NC-LUBRICATOR_monday,3,16,0,0,OPTIMAL
NC-LUBRICATOR,monday,1448915,x_1448915_NC-LUBRICATOR_monday,2,16,0,0,OPTIMAL
NC-LUBRICATOR,monday,1448916,x_1448916_NC-LUBRICATOR_monday,8,16,0,0,OPTIMAL
NC-LUBRICATOR,monday,1448917,x_1448917_NC-LUBRICATOR_monday,8,16,0,0,OPTIMAL
NC-LUBRICATOR,monday,1448918,x_1448918_NC-LUBRICATOR_monday,8,16,0,0,OPTIMAL
NC-LUBRICATOR,tuesday,1376960,x_1376960_NC-LUBRICATOR_tuesday,8,16,0,0,OPTIMAL
NC-LUBRICATOR,tuesday,1448781,x_1448781_NC-LUBRICATOR_tuesday,2,16,0,0,OPTIMAL
NC-LUBRICATOR,tuesday,1448783,x_1448783_NC-LUBRICATOR_tuesday,10,16,0,0,OPTIMAL
NC-LUBRICATOR,tuesday,1448804,x_1448804_NC-LUBRICATOR_tuesday,2,16,0,0,OPTIMAL
NC-LUBRICATOR,tuesday,1448807,x_1448807_NC-LUBRICATOR_tuesday,2,16,0,0,OPTIMAL
NC-LUBRICATOR,tuesday,1448835,x_1448835_NC-LUBRICATOR_tuesday,2,16,0,0,OPTIMAL
NC-LUBRICATOR,tuesday,1448840,x_1448840_NC-LUBRICATOR_tuesday,2,16,1,2,OPTIMAL
NC-LUBRICATOR,tuesday,1448706,x_1448706_NC-LUBRICATOR_tuesday,2,16,0,0,OPTIMAL
NC-LUBRICATOR,tuesday,1448714,x_1448714_NC-LUBRICATOR_tuesday,2,16,0,0,OPTIMAL
NC-LUBRICATOR,tuesday,1448719,x_1448719_NC-LUBRICATOR_tuesday,2,16,0,0,OPTIMAL
NC-LUBRICATOR,tuesday,1431833,x_1431833_NC-LUBRICATOR_tuesday,20,16,0,0,OPTIMAL
NC-LUBRICATOR,tuesday,1448676,x_1448676_NC-LUBRICATOR_tuesday,2,16,0,0,OPTIMAL
NC-LUBRICATOR,tuesday,1448677,x_1448677_NC-LUBRICATOR_tuesday,2,16,0,0,OPTIMAL
NC-LUBRICATOR,tuesday,1448665,x_1448665_NC-LUBRICATOR_tuesday,4,16,0,0,OPTIMAL
NC-LUBRICATOR,tuesday,1448667,x_1448667_NC-LUBRICATOR_tuesday,4,16,0,0,OPTIMAL
NC-LUBRICATOR,tuesday,1418424,x_1418424_NC-LUBRICATOR_tuesday,2,16,0,0,OPTIMAL
NC-LUBRICATOR,tuesday,1442916,x_1442916_NC-LUBRICATOR_tuesday,8,16,0,0,OPTIMAL
NC-LUBRICATOR,tuesday,1441447,x_1441447_NC-LUBRICATOR_tuesday,8,16,0,0,OPTIMAL
NC-LUBRICATOR,tuesday,1442620,x_1442620_NC-LUBRICATOR_tuesday,4,16,1,4,OPTIMAL
NC-LUBRICATOR,tuesday,1442621,x_1442621_NC-LUBRICATOR_tuesday,4,16,0,0,OPTIMAL
NC-LUBRICATOR,tuesday,1442626,x_1442626_NC-LUBRICATOR_tuesday,4,16,0,0,OPTIMAL
NC-LUBRICATOR,tuesday,1442627,x_1442627_NC-LUBRICATOR_tuesday,4,16,1,4,OPTIMAL
NC-LUBRICATOR,tuesday,1444517,x_1444517_NC-LUBRICATOR_tuesday,8,16,0,0,OPTIMAL
NC-LUBRICATOR,tuesday,1442367,x_1442367_NC-LUBRICATOR_tuesday,2,16,0,0,OPTIMAL
NC-LUBRICATOR,tuesday,1448084,x_1448084_NC-LUBRICATOR_tuesday,1,16,1,1,OPTIMAL
NC-LUBRICATOR,tuesday,1433859,x_1433859_NC-LUBRICATOR_tuesday,16,16,0,0,OPTIMAL
NC-LUBRICATOR,tuesday,1435191,x_1435191_NC-LUBRICATOR_tuesday,16,16,0,0,OPTIMAL
NC-LUBRICATOR,tuesday,1442287,x_1442287_NC-LUBRICATOR_tuesday,2,16,0,0,OPTIMAL
NC-LUBRICATOR,tuesday,1442292,x_1442292_NC-LUBRICATOR_tuesday,2,16,0,0,OPTIMAL
NC-LUBRICATOR,tuesday,1442096,x_1442096_NC-LUBRICATOR_tuesday,4,16,0,0,OPTIMAL
NC-LUBRICATOR,tuesday,1436384,x_1436384_NC-LUBRICATOR_tuesday,16,16,0,0,OPTIMAL
NC-LUBRICATOR,tuesday,1447569,x_1447569_NC-LUBRICATOR_tuesday,1,16,0,0,OPTIMAL
NC-LUBRICATOR,tuesday,1449332,x_1449332_NC-LUBRICATOR_tuesday,4,16,0,0,OPTIMAL
NC-LUBRICATOR,tuesday,1449159,x_1449159_NC-LUBRICATOR_tuesday,4,16,0,0,OPTIMAL
NC-LUBRICATOR,tuesday,1449155,x_1449155_NC-LUBRICATOR_tuesday,4,16,0,0,OPTIMAL
NC-LUBRICATOR,tuesday,1449156,x_1449156_NC-LUBRICATOR_tuesday,4,16,0,0,OPTIMAL
NC-LUBRICATOR,tuesday,1449160,x_1449160_NC-LUBRICATOR_tuesday,4,16,0,0,OPTIMAL
NC-LUBRICATOR,tuesday,1449196,x_1449196_NC-LUBRICATOR_tuesday,1,16,0,0,OPTIMAL
NC-LUBRICATOR,tuesday,1449144,x_1449144_NC-LUBRICATOR_tuesday,3,16,0,0,OPTIMAL
NC-LUBRICATOR,tuesday,1449125,x_1449125_NC-LUBRICATOR_tuesday,1,16,0,0,OPTIMAL
NC-LUBRICATOR,tuesday,1449138,x_1449138_NC-LUBRICATOR_tuesday,8,16,0,0,OPTIMAL
NC-LUBRICATOR,tuesday,1448919,x_1448919_NC-LUBRICATOR_tuesday,8,16,0,0,OPTIMAL
NC-LUBRICATOR,tuesday,1448920,x_1448920_NC-LUBRICATOR_tuesday,8,16,0,0,OPTIMAL
NC-LUBRICATOR,tuesday,1448975,x_1448975_NC-LUBRICATOR_tuesday,1,16,0,0,OPTIMAL
NC-LUBRICATOR,tuesday,1448861,x_1448861_NC-LUBRICATOR_tuesday,2,16,1,2,OPTIMAL
NC-LUBRICATOR,tuesday,1448873,x_1448873_NC-LUBRICATOR_tuesday,3,16,1,3,OPTIMAL
NC-LUBRICATOR,tuesday,1448915,x_1448915_NC-LUBRICATOR_tuesday,2,16,0,0,OPTIMAL
NC-LUBRICATOR,tuesday,1448916,x_1448916_NC-LUBRICATOR_tuesday,8,16,0,0,OPTIMAL
NC-LUBRICATOR,tuesday,1448917,x_1448917_NC-LUBRICATOR_tuesday,8,16,0,0,OPTIMAL
NC-LUBRICATOR,tuesday,1448918,x_1448918_NC-LUBRICATOR_tuesday,8,16,0,0,OPTIMAL
NC-LUBRICATOR,wednesday,1376960,x_1376960_NC-LUBRICATOR_wednesday,8,16,0,0,OPTIMAL
NC-LUBRICATOR,wednesday,1448781,x_1448781_NC-LUBRICATOR_wednesday,2,16,1,2,OPTIMAL
NC-LUBRICATOR,wednesday,1448783,x_1448783_NC-LUBRICATOR_wednesday,10,16,0,0,OPTIMAL
NC-LUBRICATOR,wednesday,1448804,x_1448804_NC-LUBRICATOR_wednesday,2,16,0,0,OPTIMAL
NC-LUBRICATOR,wednesday,1448807,x_1448807_NC-LUBRICATOR_wednesday,2,16,1,2,OPTIMAL
NC-LUBRICATOR,wednesday,1448835,x_1448835_NC-LUBRICATOR_wednesday,2,16,0,0,OPTIMAL
NC-LUBRICATOR,wednesday,1448840,x_1448840_NC-LUBRICATOR_wednesday,2,16,0,0,OPTIMAL
NC-LUBRICATOR,wednesday,1448706,x_1448706_NC-LUBRICATOR_wednesday,2,16,0,0,OPTIMAL
NC-LUBRICATOR,wednesday,1448714,x_1448714_NC-LUBRICATOR_wednesday,2,16,0,0,OPTIMAL
NC-LUBRICATOR,wednesday,1448719,x_1448719_NC-LUBRICATOR_wednesday,2,16,1,2,OPTIMAL
NC-LUBRICATOR,wednesday,1431833,x_1431833_NC-LUBRICATOR_wednesday,20,16,0,0,OPTIMAL
NC-LUBRICATOR,wednesday,1448676,x_1448676_NC-LUBRICATOR_wednesday,2,16,0,0,OPTIMAL
NC-LUBRICATOR,wednesday,1448677,x_1448677_NC-LUBRICATOR_wednesday,2,16,1,2,OPTIMAL
NC-LUBRICATOR,wednesday,1448665,x_1448665_NC-LUBRICATOR_wednesday,4,16,0,0,OPTIMAL
NC-LUBRICATOR,wednesday,1448667,x_1448667_NC-LUBRICATOR_wednesday,4,16,0,0,OPTIMAL
NC-LUBRICATOR,wednesday,1418424,x_1418424_NC-LUBRICATOR_wednesday,2,16,0,0,OPTIMAL
NC-LUBRICATOR,wednesday,1442916,x_1442916_NC-LUBRICATOR_wednesday,8,16,0,0,OPTIMAL
NC-LUBRICATOR,wednesday,1441447,x_1441447_NC-LUBRICATOR_wednesday,8,16,0,0,OPTIMAL
NC-LUBRICATOR,wednesday,1442620,x_1442620_NC-LUBRICATOR_wednesday,4,16,0,0,OPTIMAL
NC-LUBRICATOR,wednesday,1442621,x_1442621_NC-LUBRICATOR_wednesday,4,16,1,4,OPTIMAL
NC-LUBRICATOR,wednesday,1442626,x_1442626_NC-LUBRICATOR_wednesday,4,16,0,0,OPTIMAL
NC-LUBRICATOR,wednesday,1442627,x_1442627_NC-LUBRICATOR_wednesday,4,16,0,0,OPTIMAL
NC-LUBRICATOR,wednesday,1444517,x_1444517_NC-LUBRICATOR_wednesday,8,16,0,0,OPTIMAL
NC-LUBRICATOR,wednesday,1442367,x_1442367_NC-LUBRICATOR_wednesday,2,16,0,0,OPTIMAL
NC-LUBRICATOR,wednesday,1448084,x_1448084_NC-LUBRICATOR_wednesday,1,16,0,0,OPTIMAL
NC-LUBRICATOR,wednesday,1433859,x_1433859_NC-LUBRICATOR_wednesday,16,16,0,0,OPTIMAL
NC-LUBRICATOR,wednesday,1435191,x_1435191_NC-LUBRICATOR_wednesday,16,16,0,0,OPTIMAL
NC-LUBRICATOR,wednesday,1442287,x_1442287_NC-LUBRICATOR_wednesday,2,16,0,0,OPTIMAL
NC-LUBRICATOR,wednesday,1442292,x_1442292_NC-LUBRICATOR_wednesday,2,16,0,0,OPTIMAL
NC-LUBRICATOR,wednesday,1442096,x_1442096_NC-LUBRICATOR_wednesday,4,16,1,4,OPTIMAL
NC-LUBRICATOR,wednesday,1436384,x_1436384_NC-LUBRICATOR_wednesday,16,16,0,0,OPTIMAL
NC-LUBRICATOR,wednesday,1447569,x_1447569_NC-LUBRICATOR_wednesday,1,16,0,0,OPTIMAL
NC-LUBRICATOR,wednesday,1449332,x_1449332_NC-LUBRICATOR_wednesday,4,16,0,0,OPTIMAL
NC-LUBRICATOR,wednesday,1449159,x_1449159_NC-LUBRICATOR_wednesday,4,16,0,0,OPTIMAL
NC-LUBRICATOR,wednesday,1449155,x_1449155_NC-LUBRICATOR_wednesday,4,16,0,0,OPTIMAL
NC-LUBRICATOR,wednesday,1449156,x_1449156_NC-LUBRICATOR_wednesday,4,16,0,0,OPTIMAL
NC-LUBRICATOR,wednesday,1449160,x_1449160_NC-LUBRICATOR_wednesday,4,16,0,0,OPTIMAL
NC-LUBRICATOR,wednesday,1449196,x_1449196_NC-LUBRICATOR_wednesday,1,16,0,0,OPTIMAL
NC-LUBRICATOR,wednesday,1449144,x_1449144_NC-LUBRICATOR_wednesday,3,16,0,0,OPTIMAL
NC-LUBRICATOR,wednesday,1449125,x_1449125_NC-LUBRICATOR_wednesday,1,16,0,0,OPTIMAL
NC-LUBRICATOR,wednesday,1449138,x_1449138_NC-LUBRICATOR_wednesday,8,16,0,0,OPTIMAL
NC-LUBRICATOR,wednesday,1448919,x_1448919_NC-LUBRICATOR_wednesday,8,16,0,0,OPTIMAL
NC-LUBRICATOR,wednesday,1448920,x_1448920_NC-LUBRICATOR_wednesday,8,16,0,0,OPTIMAL
NC-LUBRICATOR,wednesday,1448975,x_1448975_NC-LUBRICATOR_wednesday,1,16,0,0,OPTIMAL
NC-LUBRICATOR,wednesday,1448861,x_1448861_NC-LUBRICATOR_wednesday,2,16,0,0,OPTIMAL
NC-LUBRICATOR,wednesday,1448873,x_1448873_NC-LUBRICATOR_wednesday,3,16,0,0,OPTIMAL
NC-LUBRICATOR,wednesday,1448915,x_1448915_NC-LUBRICATOR_wednesday,2,16,0,0,OPTIMAL
NC-LUBRICATOR,wednesday,1448916,x_1448916_NC-LUBRICATOR_wednesday,8,16,0,0,OPTIMAL
NC-LUBRICATOR,wednesday,1448917,x_1448917_NC-LUBRICATOR_wednesday,8,16,0,0,OPTIMAL
NC-LUBRICATOR,wednesday,1448918,x_1448918_NC-LUBRICATOR_wednesday,8,16,0,0,OPTIMAL
NC-LUBRICATOR,thursday,1376960,x_1376960_NC-LUBRICATOR_thursday,8,16,1,8,OPTIMAL
NC-LUBRICATOR,thursday,1448781,x_1448781_NC-LUBRICATOR_thursday,2,16,0,0,OPTIMAL
NC-LUBRICATOR,thursday,1448783,x_1448783_NC-LUBRICATOR_thursday,10,16,0,0,OPTIMAL
NC-LUBRICATOR,thursday,1448804,x_1448804_NC-LUBRICATOR_thursday,2,16,0,0,OPTIMAL
NC-LUBRICATOR,thursday,1448807,x_1448807_NC-LUBRICATOR_thursday,2,16,0,0,OPTIMAL
NC-LUBRICATOR,thursday,1448835,x_1448835_NC-LUBRICATOR_thursday,2,16,0,0,OPTIMAL
NC-LUBRICATOR,thursday,1448840,x_1448840_NC-LUBRICATOR_thursday,2,16,0,0,OPTIMAL
NC-LUBRICATOR,thursday,1448706,x_1448706_NC-LUBRICATOR_thursday,2,16,0,0,OPTIMAL
NC-LUBRICATOR,thursday,1448714,x_1448714_NC-LUBRICATOR_thursday,2,16,0,0,OPTIMAL
NC-LUBRICATOR,thursday,1448719,x_1448719_NC-LUBRICATOR_thursday,2,16,0,0,OPTIMAL
NC-LUBRICATOR,thursday,1431833,x_1431833_NC-LUBRICATOR_thursday,20,16,0,0,OPTIMAL
NC-LUBRICATOR,thursday,1448676,x_1448676_NC-LUBRICATOR_thursday,2,16,1,2,OPTIMAL
NC-LUBRICATOR,thursday,1448677,x_1448677_NC-LUBRICATOR_thursday,2,16,0,0,OPTIMAL
NC-LUBRICATOR,thursday,1448665,x_1448665_NC-LUBRICATOR_thursday,4,16,0,0,OPTIMAL
NC-LUBRICATOR,thursday,1448667,x_1448667_NC-LUBRICATOR_thursday,4,16,1,4,OPTIMAL
NC-LUBRICATOR,thursday,1418424,x_1418424_NC-LUBRICATOR_thursday,2,16,0,0,OPTIMAL
NC-LUBRICATOR,thursday,1442916,x_1442916_NC-LUBRICATOR_thursday,8,16,0,0,OPTIMAL
NC-LUBRICATOR,thursday,1441447,x_1441447_NC-LUBRICATOR_thursday,8,16,0,0,OPTIMAL
NC-LUBRICATOR,thursday,1442620,x_1442620_NC-LUBRICATOR_thursday,4,16,0,0,OPTIMAL
NC-LUBRICATOR,thursday,1442621,x_1442621_NC-LUBRICATOR_thursday,4,16,0,0,OPTIMAL
NC-LUBRICATOR,thursday,1442626,x_1442626_NC-LUBRICATOR_thursday,4,16,0,0,OPTIMAL
NC-LUBRICATOR,thursday,1442627,x_1442627_NC-LUBRICATOR_thursday,4,16,0,0,OPTIMAL
NC-LUBRICATOR,thursday,1444517,x_1444517_NC-LUBRICATOR_thursday,8,16,0,0,OPTIMAL
NC-LUBRICATOR,thursday,1442367,x_1442367_NC-LUBRICATOR_thursday,2,16,1,2,OPTIMAL
NC-LUBRICATOR,thursday,1448084,x_1448084_NC-LUBRICATOR_thursday,1,16,0,0,OPTIMAL
NC-LUBRICATOR,thursday,1433859,x_1433859_NC-LUBRICATOR_thursday,16,16,0,0,OPTIMAL
NC-LUBRICATOR,thursday,1435191,x_1435191_NC-LUBRICATOR_thursday,16,16,0,0,OPTIMAL
NC-LUBRICATOR,thursday,1442287,x_1442287_NC-LUBRICATOR_thursday,2,16,0,0,OPTIMAL
NC-LUBRICATOR,thursday,1442292,x_1442292_NC-LUBRICATOR_thursday,2,16,0,0,OPTIMAL
NC-LUBRICATOR,thursday,1442096,x_1442096_NC-LUBRICATOR_thursday,4,16,0,0,OPTIMAL
NC-LUBRICATOR,thursday,1436384,x_1436384_NC-LUBRICATOR_thursday,16,16,0,0,OPTIMAL
NC-LUBRICATOR,thursday,1447569,x_1447569_NC-LUBRICATOR_thursday,1,16,0,0,OPTIMAL
NC-LUBRICATOR,thursday,1449332,x_1449332_NC-LUBRICATOR_thursday,4,16,0,0,OPTIMAL
NC-LUBRICATOR,thursday,1449159,x_1449159_NC-LUBRICATOR_thursday,4,16,0,0,OPTIMAL
NC-LUBRICATOR,thursday,1449155,x_1449155_NC-LUBRICATOR_thursday,4,16,0,0,OPTIMAL
NC-LUBRICATOR,thursday,1449156,x_1449156_NC-LUBRICATOR_thursday,4,16,0,0,OPTIMAL
NC-LUBRICATOR,thursday,1449160,x_1449160_NC-LUBRICATOR_thursday,4,16,0,0,OPTIMAL
NC-LUBRICATOR,thursday,1449196,x_1449196_NC-LUBRICATOR_thursday,1,16,0,0,OPTIMAL
NC-LUBRICATOR,thursday,1449144,x_1449144_NC-LUBRICATOR_thursday,3,16,0,0,OPTIMAL
NC-LUBRICATOR,thursday,1449125,x_1449125_NC-LUBRICATOR_thursday,1,16,0,0,OPTIMAL
NC-LUBRICATOR,thursday,1449138,x_1449138_NC-LUBRICATOR_thursday,8,16,0,0,OPTIMAL
NC-LUBRICATOR,thursday,1448919,x_1448919_NC-LUBRICATOR_thursday,8,16,0,0,OPTIMAL
NC-LUBRICATOR,thursday,1448920,x_1448920_NC-LUBRICATOR_thursday,8,16,0,0,OPTIMAL
NC-LUBRICATOR,thursday,1448975,x_1448975_NC-LUBRICATOR_thursday,1,16,0,0,OPTIMAL
NC-LUBRICATOR,thursday,1448861,x_1448861_NC-LUBRICATOR_thursday,2,16,0,0,OPTIMAL
NC-LUBRICATOR,thursday,1448873,x_1448873_NC-LUBRICATOR_thursday,3,16,0,0,OPTIMAL
NC-LUBRICATOR,thursday,1448915,x_1448915_NC-LUBRICATOR_thursday,2,16,0,0,OPTIMAL
NC-LUBRICATOR,thursday,1448916,x_1448916_NC-LUBRICATOR_thursday,8,16,0,0,OPTIMAL
NC-LUBRICATOR,thursday,1448917,x_1448917_NC-LUBRICATOR_thursday,8,16,0,0,OPTIMAL
NC-LUBRICATOR,thursday,1448918,x_1448918_NC-LUBRICATOR_thursday,8,16,0,0,OPTIMAL
NC-LUBRICATOR,friday,1376960,x_1376960_NC-LUBRICATOR_friday,8,16,0,0,OPTIMAL
NC-LUBRICATOR,friday,1448781,x_1448781_NC-LUBRICATOR_friday,2,16,0,0,OPTIMAL
NC-LUBRICATOR,friday,1448783,x_1448783_NC-LUBRICATOR_friday,10,16,0,0,OPTIMAL
NC-LUBRICATOR,friday,1448804,x_1448804_NC-LUBRICATOR_friday,2,16,1,2,OPTIMAL
NC-LUBRICATOR,friday,1448807,x_1448807_NC-LUBRICATOR_friday,2,16,0,0,OPTIMAL
NC-LUBRICATOR,friday,1448835,x_1448835_NC-LUBRICATOR_friday,2,16,1,2,OPTIMAL
NC-LUBRICATOR,friday,1448840,x_1448840_NC-LUBRICATOR_friday,2,16,0,0,OPTIMAL
NC-LUBRICATOR,friday,1448706,x_1448706_NC-LUBRICATOR_friday,2,16,0,0,OPTIMAL
NC-LUBRICATOR,friday,1448714,x_1448714_NC-LUBRICATOR_friday,2,16,0,0,OPTIMAL
NC-LUBRICATOR,friday,1448719,x_1448719_NC-LUBRICATOR_friday,2,16,0,0,OPTIMAL
NC-LUBRICATOR,friday,1431833,x_1431833_NC-LUBRICATOR_friday,20,16,0,0,OPTIMAL
NC-LUBRICATOR,friday,1448676,x_1448676_NC-LUBRICATOR_friday,2,16,0,0,OPTIMAL
NC-LUBRICATOR,friday,1448677,x_1448677_NC-LUBRICATOR_friday,2,16,0,0,OPTIMAL
NC-LUBRICATOR,friday,1448665,x_1448665_NC-LUBRICATOR_friday,4,16,0,0,OPTIMAL
NC-LUBRICATOR,friday,1448667,x_1448667_NC-LUBRICATOR_friday,4,16,0,0,OPTIMAL
NC-LUBRICATOR,friday,1418424,x_1418424_NC-LUBRICATOR_friday,2,16,1,2,OPTIMAL
NC-LUBRICATOR,friday,1442916,x_1442916_NC-LUBRICATOR_friday,8,16,0,0,OPTIMAL
NC-LUBRICATOR,friday,1441447,x_1441447_NC-LUBRICATOR_friday,8,16,0,0,OPTIMAL
NC-LUBRICATOR,friday,1442620,x_1442620_NC-LUBRICATOR_friday,4,16,0,0,OPTIMAL
NC-LUBRICATOR,friday,1442621,x_1442621_NC-LUBRICATOR_friday,4,16,0,0,OPTIMAL
NC-LUBRICATOR,friday,1442626,x_1442626_NC-LUBRICATOR_friday,4,16,0,0,OPTIMAL
NC-LUBRICATOR,friday,1442627,x_1442627_NC-LUBRICATOR_friday,4,16,0,0,OPTIMAL
NC-LUBRICATOR,friday,1444517,x_1444517_NC-LUBRICATOR_friday,8,16,0,0,OPTIMAL
NC-LUBRICATOR,friday,1442367,x_1442367_NC-LUBRICATOR_friday,2,16,0,0,OPTIMAL
NC-LUBRICATOR,friday,1448084,x_1448084_NC-LUBRICATOR_friday,1,16,0,0,OPTIMAL
NC-LUBRICATOR,friday,1433859,x_1433859_NC-LUBRICATOR_friday,16,16,0,0,OPTIMAL
NC-LUBRICATOR,friday,1435191,x_1435191_NC-LUBRICATOR_friday,16,16,0,0,OPTIMAL
NC-LUBRICATOR,friday,1442287,x_1442287_NC-LUBRICATOR_friday,2,16,0,0,OPTIMAL
NC-LUBRICATOR,friday,1442292,x_1442292_NC-LUBRICATOR_friday,2,16,0,0,OPTIMAL
NC-LUBRICATOR,friday,1442096,x_1442096_NC-LUBRICATOR_friday,4,16,0,0,OPTIMAL
NC-LUBRICATOR,friday,1436384,x_1436384_NC-LUBRICATOR_friday,16,16,0,0,OPTIMAL
NC-LUBRICATOR,friday,1447569,x_1447569_NC-LUBRICATOR_friday,1,16,0,0,OPTIMAL
NC-LUBRICATOR,friday,1449332,x_1449332_NC-LUBRICATOR_friday,4,16,0,0,OPTIMAL
NC-LUBRICATOR,friday,1449159,x_1449159_NC-LUBRICATOR_friday,4,16,0,0,OPTIMAL
NC-LUBRICATOR,friday,1449155,x_1449155_NC-LUBRICATOR_friday,4,16,0,0,OPTIMAL
NC-LUBRICATOR,friday,1449156,x_1449156_NC-LUBRICATOR_friday,4,16,1,4,OPTIMAL
NC-LUBRICATOR,friday,1449160,x_1449160_NC-LUBRICATOR_friday,4,16,1,4,OPTIMAL
NC-LUBRICATOR,friday,1449196,x_1449196_NC-LUBRICATOR_friday,1,16,0,0,OPTIMAL
NC-LUBRICATOR,friday,1449144,x_1449144_NC-LUBRICATOR_friday,3,16,0,0,OPTIMAL
NC-LUBRICATOR,friday,1449125,x_1449125_NC-LUBRICATOR_friday,1,16,0,0,OPTIMAL
NC-LUBRICATOR,friday,1449138,x_1449138_NC-LUBRICATOR_friday,8,16,0,0,OPTIMAL
NC-LUBRICATOR,friday,1448919,x_1448919_NC-LUBRICATOR_friday,8,16,0,0,OPTIMAL
NC-LUBRICATOR,friday,1448920,x_1448920_NC-LUBRICATOR_friday,8,16,0,0,OPTIMAL
NC-LUBRICATOR,friday,1448975,x_1448975_NC-LUBRICATOR_friday,1,16,0,0,OPTIMAL
NC-LUBRICATOR,friday,1448861,x_1448861_NC-LUBRICATOR_friday,2,16,0,0,OPTIMAL
NC-LUBRICATOR,friday,1448873,x_1448873_NC-LUBRICATOR_friday,3,16,0,0,OPTIMAL
NC-LUBRICATOR,friday,1448915,x_1448915_NC-LUBRICATOR_friday,2,16,1,2,OPTIMAL
NC-LUBRICATOR,friday,1448916,x_1448916_NC-LUBRICATOR_friday,8,16,0,0,OPTIMAL
NC-LUBRICATOR,friday,1448917,x_1448917_NC-LUBRICATOR_friday,8,16,0,0,OPTIMAL
NC-LUBRICATOR,friday,1448918,x_1448918_NC-LUBRICATOR_friday,8,16,0,0,OPTIMAL
NC-MECHANIC EXE,monday,1446278,x_1446278_NC-MECHANIC EXE_monday,18,40,0,0,OPTIMAL
NC-MECHANIC EXE,monday,1446161,x_1446161_NC-MECHANIC EXE_monday,8,40,0,0,OPTIMAL
NC-MECHANIC EXE,monday,1451326,x_1451326_NC-MECHANIC EXE_monday,2,40,0,0,OPTIMAL
NC-MECHANIC EXE,monday,1445092,x_1445092_NC-MECHANIC EXE_monday,2,40,1,2,OPTIMAL
NC-MECHANIC EXE,monday,1448622,x_1448622_NC-MECHANIC EXE_monday,36,40,0,0,OPTIMAL
NC-MECHANIC EXE,monday,1443005,x_1443005_NC-MECHANIC EXE_monday,12,40,0,0,OPTIMAL
NC-MECHANIC EXE,monday,1418457,x_1418457_NC-MECHANIC EXE_monday,24,40,0,0,OPTIMAL
NC-MECHANIC EXE,monday,1442842,x_1442842_NC-MECHANIC EXE_monday,12,40,0,0,OPTIMAL
NC-MECHANIC EXE,monday,1442843,x_1442843_NC-MECHANIC EXE_monday,12,40,0,0,OPTIMAL
NC-MECHANIC EXE,monday,1442845,x_1442845_NC-MECHANIC EXE_monday,12,40,0,0,OPTIMAL
NC-MECHANIC EXE,monday,1442846,x_1442846_NC-MECHANIC EXE_monday,12,40,0,0,OPTIMAL
NC-MECHANIC EXE,monday,1442847,x_1442847_NC-MECHANIC EXE_monday,12,40,0,0,OPTIMAL
NC-MECHANIC EXE,monday,1448469,x_1448469_NC-MECHANIC EXE_monday,12,40,0,0,OPTIMAL
NC-MECHANIC EXE,monday,1441434,x_1441434_NC-MECHANIC EXE_monday,20,40,0,0,OPTIMAL
NC-MECHANIC EXE,monday,1448482,x_1448482_NC-MECHANIC EXE_monday,12,40,0,0,OPTIMAL
NC-MECHANIC EXE,monday,1450318,x_1450318_NC-MECHANIC EXE_monday,12,40,0,0,OPTIMAL
NC-MECHANIC EXE,monday,1450113,x_1450113_NC-MECHANIC EXE_monday,2,40,0,0,OPTIMAL
NC-MECHANIC EXE,monday,1450256,x_1450256_NC-MECHANIC EXE_monday,8,40,0,0,OPTIMAL
NC-MECHANIC EXE,monday,1450311,x_1450311_NC-MECHANIC EXE_monday,12,40,0,0,OPTIMAL
NC-MECHANIC EXE,monday,1444528,x_1444528_NC-MECHANIC EXE_monday,12,40,0,0,OPTIMAL
NC-MECHANIC EXE,monday,1450222,x_1450222_NC-MECHANIC EXE_monday,12,40,0,0,OPTIMAL
NC-MECHANIC EXE,monday,1450248,x_1450248_NC-MECHANIC EXE_monday,8,40,0,0,OPTIMAL
NC-MECHANIC EXE,monday,1450232,x_1450232_NC-MECHANIC EXE_monday,16,40,0,0,OPTIMAL
NC-MECHANIC EXE,monday,1446277,x_1446277_NC-MECHANIC EXE_monday,18,40,0,0,OPTIMAL
NC-MECHANIC EXE,monday,1446160,x_1446160_NC-MECHANIC EXE_monday,8,40,0,0,OPTIMAL
NC-MECHANIC EXE,monday,1447542,x_1447542_NC-MECHANIC EXE_monday,2,40,1,2,OPTIMAL
NC-MECHANIC EXE,monday,1447536,x_1447536_NC-MECHANIC EXE_monday,12,40,0,0,OPTIMAL
NC-MECHANIC EXE,monday,1447396,x_1447396_NC-MECHANIC EXE_monday,8,40,0,0,OPTIMAL
NC-MECHANIC EXE,monday,1447305,x_1447305_NC-MECHANIC EXE_monday,16,40,0,0,OPTIMAL
NC-MECHANIC EXE,monday,1447324,x_1447324_NC-MECHANIC EXE_monday,8,40,0,0,OPTIMAL
NC-MECHANIC EXE,monday,1447258,x_1447258_NC-MECHANIC EXE_monday,8,40,0,0,OPTIMAL
NC-MECHANIC EXE,monday,1447329,x_1447329_NC-MECHANIC EXE_monday,12,40,0,0,OPTIMAL
NC-MECHANIC EXE,monday,1447244,x_1447244_NC-MECHANIC EXE_monday,16,40,0,0,OPTIMAL
NC-MECHANIC EXE,monday,1447298,x_1447298_NC-MECHANIC EXE_monday,12,40,0,0,OPTIMAL
NC-MECHANIC EXE,monday,1447300,x_1447300_NC-MECHANIC EXE_monday,12,40,0,0,OPTIMAL
NC-MECHANIC EXE,monday,1450898,x_1450898_NC-MECHANIC EXE_monday,8,40,0,0,OPTIMAL
NC-MECHANIC EXE,monday,1450899,x_1450899_NC-MECHANIC EXE_monday,8,40,0,0,OPTIMAL
NC-MECHANIC EXE,monday,1448846,x_1448846_NC-MECHANIC EXE_monday,16,40,0,0,OPTIMAL
NC-MECHANIC EXE,monday,1448711,x_1448711_NC-MECHANIC EXE_monday,16,40,0,0,OPTIMAL
NC-MECHANIC EXE,monday,1448702,x_1448702_NC-MECHANIC EXE_monday,8,40,0,0,OPTIMAL
NC-MECHANIC EXE,monday,1448703,x_1448703_NC-MECHANIC EXE_monday,16,40,0,0,OPTIMAL
NC-MECHANIC EXE,monday,1418463,x_1418463_NC-MECHANIC EXE_monday,12,40,1,12,OPTIMAL
NC-MECHANIC EXE,monday,1425287,x_1425287_NC-MECHANIC EXE_monday,24,40,0,0,OPTIMAL
NC-MECHANIC EXE,monday,1436326,x_1436326_NC-MECHANIC EXE_monday,8,40,0,0,OPTIMAL
NC-MECHANIC EXE,monday,1449131,x_1449131_NC-MECHANIC EXE_monday,8,40,1,8,OPTIMAL
NC-MECHANIC EXE,monday,1449132,x_1449132_NC-MECHANIC EXE_monday,8,40,1,8,OPTIMAL
NC-MECHANIC EXE,monday,1449133,x_1449133_NC-MECHANIC EXE_monday,8,40,0,0,OPTIMAL
NC-MECHANIC EXE,monday,1449134,x_1449134_NC-MECHANIC EXE_monday,8,40,0,0,OPTIMAL
NC-MECHANIC EXE,monday,1449135,x_1449135_NC-MECHANIC EXE_monday,8,40,0,0,OPTIMAL
NC-MECHANIC EXE,monday,1449136,x_1449136_NC-MECHANIC EXE_monday,8,40,0,0,OPTIMAL
NC-MECHANIC EXE,monday,1449007,x_1449007_NC-MECHANIC EXE_monday,64,40,0,0,OPTIMAL
NC-MECHANIC EXE,monday,1449018,x_1449018_NC-MECHANIC EXE_monday,8,40,0,0,OPTIMAL
NC-MECHANIC EXE,monday,1449019,x_1449019_NC-MECHANIC EXE_monday,8,40,0,0,OPTIMAL
NC-MECHANIC EXE,monday,1449000,x_1449000_NC-MECHANIC EXE_monday,2,40,1,2,OPTIMAL
NC-MECHANIC EXE,monday,1448898,x_1448898_NC-MECHANIC EXE_monday,6,40,1,6,OPTIMAL
NC-MECHANIC EXE,monday,1448909,x_1448909_NC-MECHANIC EXE_monday,2,40,0,0,OPTIMAL
NC-MECHANIC EXE,tuesday,1446278,x_1446278_NC-MECHANIC EXE_tuesday,18,40,0,0,OPTIMAL
NC-MECHANIC EXE,tuesday,1446161,x_1446161_NC-MECHANIC EXE_tuesday,8,40,0,0,OPTIMAL
NC-MECHANIC EXE,tuesday,1451326,x_1451326_NC-MECHANIC EXE_tuesday,2,40,0,0,OPTIMAL
NC-MECHANIC EXE,tuesday,1445092,x_1445092_NC-MECHANIC EXE_tuesday,2,40,0,0,OPTIMAL
NC-MECHANIC EXE,tuesday,1448622,x_1448622_NC-MECHANIC EXE_tuesday,36,40,0,0,OPTIMAL
NC-MECHANIC EXE,tuesday,1443005,x_1443005_NC-MECHANIC EXE_tuesday,12,40,0,0,OPTIMAL
NC-MECHANIC EXE,tuesday,1418457,x_1418457_NC-MECHANIC EXE_tuesday,24,40,0,0,OPTIMAL
NC-MECHANIC EXE,tuesday,1442842,x_1442842_NC-MECHANIC EXE_tuesday,12,40,0,0,OPTIMAL
NC-MECHANIC EXE,tuesday,1442843,x_1442843_NC-MECHANIC EXE_tuesday,12,40,0,0,OPTIMAL
NC-MECHANIC EXE,tuesday,1442845,x_1442845_NC-MECHANIC EXE_tuesday,12,40,0,0,OPTIMAL
NC-MECHANIC EXE,tuesday,1442846,x_1442846_NC-MECHANIC EXE_tuesday,12,40,0,0,OPTIMAL
NC-MECHANIC EXE,tuesday,1442847,x_1442847_NC-MECHANIC EXE_tuesday,12,40,0,0,OPTIMAL
NC-MECHANIC EXE,tuesday,1448469,x_1448469_NC-MECHANIC EXE_tuesday,12,40,0,0,OPTIMAL
NC-MECHANIC EXE,tuesday,1441434,x_1441434_NC-MECHANIC EXE_tuesday,20,40,0,0,OPTIMAL
NC-MECHANIC EXE,tuesday,1448482,x_1448482_NC-MECHANIC EXE_tuesday,12,40,0,0,OPTIMAL
NC-MECHANIC EXE,tuesday,1450318,x_1450318_NC-MECHANIC EXE_tuesday,12,40,0,0,OPTIMAL
NC-MECHANIC EXE,tuesday,1450113,x_1450113_NC-MECHANIC EXE_tuesday,2,40,0,0,OPTIMAL
NC-MECHANIC EXE,tuesday,1450256,x_1450256_NC-MECHANIC EXE_tuesday,8,40,0,0,OPTIMAL
NC-MECHANIC EXE,tuesday,1450311,x_1450311_NC-MECHANIC EXE_tuesday,12,40,0,0,OPTIMAL
NC-MECHANIC EXE,tuesday,1444528,x_1444528_NC-MECHANIC EXE_tuesday,12,40,0,0,OPTIMAL
NC-MECHANIC EXE,tuesday,1450222,x_1450222_NC-MECHANIC EXE_tuesday,12,40,0,0,OPTIMAL
NC-MECHANIC EXE,tuesday,1450248,x_1450248_NC-MECHANIC EXE_tuesday,8,40,0,0,OPTIMAL
NC-MECHANIC EXE,tuesday,1450232,x_1450232_NC-MECHANIC EXE_tuesday,16,40,0,0,OPTIMAL
NC-MECHANIC EXE,tuesday,1446277,x_1446277_NC-MECHANIC EXE_tuesday,18,40,0,0,OPTIMAL
NC-MECHANIC EXE,tuesday,1446160,x_1446160_NC-MECHANIC EXE_tuesday,8,40,0,0,OPTIMAL
NC-MECHANIC EXE,tuesday,1447542,x_1447542_NC-MECHANIC EXE_tuesday,2,40,0,0,OPTIMAL
NC-MECHANIC EXE,tuesday,1447536,x_1447536_NC-MECHANIC EXE_tuesday,12,40,0,0,OPTIMAL
NC-MECHANIC EXE,tuesday,1447396,x_1447396_NC-MECHANIC EXE_tuesday,8,40,0,0,OPTIMAL
NC-MECHANIC EXE,tuesday,1447305,x_1447305_NC-MECHANIC EXE_tuesday,16,40,0,0,OPTIMAL
NC-MECHANIC EXE,tuesday,1447324,x_1447324_NC-MECHANIC EXE_tuesday,8,40,0,0,OPTIMAL
NC-MECHANIC EXE,tuesday,1447258,x_1447258_NC-MECHANIC EXE_tuesday,8,40,0,0,OPTIMAL
NC-MECHANIC EXE,tuesday,1447329,x_1447329_NC-MECHANIC EXE_tuesday,12,40,0,0,OPTIMAL
NC-MECHANIC EXE,tuesday,1447244,x_1447244_NC-MECHANIC EXE_tuesday,16,40,0,0,OPTIMAL
NC-MECHANIC EXE,tuesday,1447298,x_1447298_NC-MECHANIC EXE_tuesday,12,40,0,0,OPTIMAL
NC-MECHANIC EXE,tuesday,1447300,x_1447300_NC-MECHANIC EXE_tuesday,12,40,0,0,OPTIMAL
NC-MECHANIC EXE,tuesday,1450898,x_1450898_NC-MECHANIC EXE_tuesday,8,40,0,0,OPTIMAL
NC-MECHANIC EXE,tuesday,1450899,x_1450899_NC-MECHANIC EXE_tuesday,8,40,0,0,OPTIMAL
NC-MECHANIC EXE,tuesday,1448846,x_1448846_NC-MECHANIC EXE_tuesday,16,40,0,0,OPTIMAL
NC-MECHANIC EXE,tuesday,1448711,x_1448711_NC-MECHANIC EXE_tuesday,16,40,0,0,OPTIMAL
NC-MECHANIC EXE,tuesday,1448702,x_1448702_NC-MECHANIC EXE_tuesday,8,40,0,0,OPTIMAL
NC-MECHANIC EXE,tuesday,1448703,x_1448703_NC-MECHANIC EXE_tuesday,16,40,0,0,OPTIMAL
NC-MECHANIC EXE,tuesday,1418463,x_1418463_NC-MECHANIC EXE_tuesday,12,40,0,0,OPTIMAL
NC-MECHANIC EXE,tuesday,1425287,x_1425287_NC-MECHANIC EXE_tuesday,24,40,1,24,OPTIMAL
NC-MECHANIC EXE,tuesday,1436326,x_1436326_NC-MECHANIC EXE_tuesday,8,40,0,0,OPTIMAL
NC-MECHANIC EXE,tuesday,1449131,x_1449131_NC-MECHANIC EXE_tuesday,8,40,0,0,OPTIMAL
NC-MECHANIC EXE,tuesday,1449132,x_1449132_NC-MECHANIC EXE_tuesday,8,40,0,0,OPTIMAL
NC-MECHANIC EXE,tuesday,1449133,x_1449133_NC-MECHANIC EXE_tuesday,8,40,0,0,OPTIMAL
NC-MECHANIC EXE,tuesday,1449134,x_1449134_NC-MECHANIC EXE_tuesday,8,40,1,8,OPTIMAL
NC-MECHANIC EXE,tuesday,1449135,x_1449135_NC-MECHANIC EXE_tuesday,8,40,1,8,OPTIMAL
NC-MECHANIC EXE,tuesday,1449136,x_1449136_NC-MECHANIC EXE_tuesday,8,40,0,0,OPTIMAL
NC-MECHANIC EXE,tuesday,1449007,x_1449007_NC-MECHANIC EXE_tuesday,64,40,0,0,OPTIMAL
NC-MECHANIC EXE,tuesday,1449018,x_1449018_NC-MECHANIC EXE_tuesday,8,40,0,0,OPTIMAL
NC-MECHANIC EXE,tuesday,1449019,x_1449019_NC-MECHANIC EXE_tuesday,8,40,0,0,OPTIMAL
NC-MECHANIC EXE,tuesday,1449000,x_1449000_NC-MECHANIC EXE_tuesday,2,40,0,0,OPTIMAL
NC-MECHANIC EXE,tuesday,1448898,x_1448898_NC-MECHANIC EXE_tuesday,6,40,0,0,OPTIMAL
NC-MECHANIC EXE,tuesday,1448909,x_1448909_NC-MECHANIC EXE_tuesday,2,40,0,0,OPTIMAL
NC-MECHANIC EXE,wednesday,1446278,x_1446278_NC-MECHANIC EXE_wednesday,18,40,0,0,OPTIMAL
NC-MECHANIC EXE,wednesday,1446161,x_1446161_NC-MECHANIC EXE_wednesday,8,40,0,0,OPTIMAL
NC-MECHANIC EXE,wednesday,1451326,x_1451326_NC-MECHANIC EXE_wednesday,2,40,1,2,OPTIMAL
NC-MECHANIC EXE,wednesday,1445092,x_1445092_NC-MECHANIC EXE_wednesday,2,40,0,0,OPTIMAL
NC-MECHANIC EXE,wednesday,1448622,x_1448622_NC-MECHANIC EXE_wednesday,36,40,0,0,OPTIMAL
NC-MECHANIC EXE,wednesday,1443005,x_1443005_NC-MECHANIC EXE_wednesday,12,40,0,0,OPTIMAL
NC-MECHANIC EXE,wednesday,1418457,x_1418457_NC-MECHANIC EXE_wednesday,24,40,0,0,OPTIMAL
NC-MECHANIC EXE,wednesday,1442842,x_1442842_NC-MECHANIC EXE_wednesday,12,40,0,0,OPTIMAL
NC-MECHANIC EXE,wednesday,1442843,x_1442843_NC-MECHANIC EXE_wednesday,12,40,0,0,OPTIMAL
NC-MECHANIC EXE,wednesday,1442845,x_1442845_NC-MECHANIC EXE_wednesday,12,40,0,0,OPTIMAL
NC-MECHANIC EXE,wednesday,1442846,x_1442846_NC-MECHANIC EXE_wednesday,12,40,1,12,OPTIMAL
NC-MECHANIC EXE,wednesday,1442847,x_1442847_NC-MECHANIC EXE_wednesday,12,40,0,0,OPTIMAL
NC-MECHANIC EXE,wednesday,1448469,x_1448469_NC-MECHANIC EXE_wednesday,12,40,0,0,OPTIMAL
NC-MECHANIC EXE,wednesday,1441434,x_1441434_NC-MECHANIC EXE_wednesday,20,40,0,0,OPTIMAL
NC-MECHANIC EXE,wednesday,1448482,x_1448482_NC-MECHANIC EXE_wednesday,12,40,0,0,OPTIMAL
NC-MECHANIC EXE,wednesday,1450318,x_1450318_NC-MECHANIC EXE_wednesday,12,40,0,0,OPTIMAL
NC-MECHANIC EXE,wednesday,1450113,x_1450113_NC-MECHANIC EXE_wednesday,2,40,0,0,OPTIMAL
NC-MECHANIC EXE,wednesday,1450256,x_1450256_NC-MECHANIC EXE_wednesday,8,40,0,0,OPTIMAL
NC-MECHANIC EXE,wednesday,1450311,x_1450311_NC-MECHANIC EXE_wednesday,12,40,0,0,OPTIMAL
NC-MECHANIC EXE,wednesday,1444528,x_1444528_NC-MECHANIC EXE_wednesday,12,40,0,0,OPTIMAL
NC-MECHANIC EXE,wednesday,1450222,x_1450222_NC-MECHANIC EXE_wednesday,12,40,0,0,OPTIMAL
NC-MECHANIC EXE,wednesday,1450248,x_1450248_NC-MECHANIC EXE_wednesday,8,40,0,0,OPTIMAL
NC-MECHANIC EXE,wednesday,1450232,x_1450232_NC-MECHANIC EXE_wednesday,16,40,0,0,OPTIMAL
NC-MECHANIC EXE,wednesday,1446277,x_1446277_NC-MECHANIC EXE_wednesday,18,40,0,0,OPTIMAL
NC-MECHANIC EXE,wednesday,1446160,x_1446160_NC-MECHANIC EXE_wednesday,8,40,0,0,OPTIMAL
NC-MECHANIC EXE,wednesday,1447542,x_1447542_NC-MECHANIC EXE_wednesday,2,40,0,0,OPTIMAL
NC-MECHANIC EXE,wednesday,1447536,x_1447536_NC-MECHANIC EXE_wednesday,12,40,0,0,OPTIMAL
NC-MECHANIC EXE,wednesday,1447396,x_1447396_NC-MECHANIC EXE_wednesday,8,40,0,0,OPTIMAL
NC-MECHANIC EXE,wednesday,1447305,x_1447305_NC-MECHANIC EXE_wednesday,16,40,0,0,OPTIMAL
NC-MECHANIC EXE,wednesday,1447324,x_1447324_NC-MECHANIC EXE_wednesday,8,40,0,0,OPTIMAL
NC-MECHANIC EXE,wednesday,1447258,x_1447258_NC-MECHANIC EXE_wednesday,8,40,0,0,OPTIMAL
NC-MECHANIC EXE,wednesday,1447329,x_1447329_NC-MECHANIC EXE_wednesday,12,40,0,0,OPTIMAL
NC-MECHANIC EXE,wednesday,1447244,x_1447244_NC-MECHANIC EXE_wednesday,16,40,0,0,OPTIMAL
NC-MECHANIC EXE,wednesday,1447298,x_1447298_NC-MECHANIC EXE_wednesday,12,40,0,0,OPTIMAL
NC-MECHANIC EXE,wednesday,1447300,x_1447300_NC-MECHANIC EXE_wednesday,12,40,0,0,OPTIMAL
NC-MECHANIC EXE,wednesday,1450898,x_1450898_NC-MECHANIC EXE_wednesday,8,40,0,0,OPTIMAL
NC-MECHANIC EXE,wednesday,1450899,x_1450899_NC-MECHANIC EXE_wednesday,8,40,0,0,OPTIMAL
NC-MECHANIC EXE,wednesday,1448846,x_1448846_NC-MECHANIC EXE_wednesday,16,40,0,0,OPTIMAL
NC-MECHANIC EXE,wednesday,1448711,x_1448711_NC-MECHANIC EXE_wednesday,16,40,0,0,OPTIMAL
NC-MECHANIC EXE,wednesday,1448702,x_1448702_NC-MECHANIC EXE_wednesday,8,40,0,0,OPTIMAL
NC-MECHANIC EXE,wednesday,1448703,x_1448703_NC-MECHANIC EXE_wednesday,16,40,0,0,OPTIMAL
NC-MECHANIC EXE,wednesday,1418463,x_1418463_NC-MECHANIC EXE_wednesday,12,40,0,0,OPTIMAL
NC-MECHANIC EXE,wednesday,1425287,x_1425287_NC-MECHANIC EXE_wednesday,24,40,0,0,OPTIMAL
NC-MECHANIC EXE,wednesday,1436326,x_1436326_NC-MECHANIC EXE_wednesday,8,40,0,0,OPTIMAL
NC-MECHANIC EXE,wednesday,1449131,x_1449131_NC-MECHANIC EXE_wednesday,8,40,0,0,OPTIMAL
NC-MECHANIC EXE,wednesday,1449132,x_1449132_NC-MECHANIC EXE_wednesday,8,40,0,0,OPTIMAL
NC-MECHANIC EXE,wednesday,1449133,x_1449133_NC-MECHANIC EXE_wednesday,8,40,1,8,OPTIMAL
NC-MECHANIC EXE,wednesday,1449134,x_1449134_NC-MECHANIC EXE_wednesday,8,40,0,0,OPTIMAL
NC-MECHANIC EXE,wednesday,1449135,x_1449135_NC-MECHANIC EXE_wednesday,8,40,0,0,OPTIMAL
NC-MECHANIC EXE,wednesday,1449136,x_1449136_NC-MECHANIC EXE_wednesday,8,40,0,0,OPTIMAL
NC-MECHANIC EXE,wednesday,1449007,x_1449007_NC-MECHANIC EXE_wednesday,64,40,0,0,OPTIMAL
NC-MECHANIC EXE,wednesday,1449018,x_1449018_NC-MECHANIC EXE_wednesday,8,40,1,8,OPTIMAL
NC-MECHANIC EXE,wednesday,1449019,x_1449019_NC-MECHANIC EXE_wednesday,8,40,1,8,OPTIMAL
NC-MECHANIC EXE,wednesday,1449000,x_1449000_NC-MECHANIC EXE_wednesday,2,40,0,0,OPTIMAL
NC-MECHANIC EXE,wednesday,1448898,x_1448898_NC-MECHANIC EXE_wednesday,6,40,0,0,OPTIMAL
NC-MECHANIC EXE,wednesday,1448909,x_1448909_NC-MECHANIC EXE_wednesday,2,40,1,2,OPTIMAL
NC-MECHANIC EXE,thursday,1446278,x_1446278_NC-MECHANIC EXE_thursday,18,40,0,0,OPTIMAL
NC-MECHANIC EXE,thursday,1446161,x_1446161_NC-MECHANIC EXE_thursday,8,40,0,0,OPTIMAL
NC-MECHANIC EXE,thursday,1451326,x_1451326_NC-MECHANIC EXE_thursday,2,40,0,0,OPTIMAL
NC-MECHANIC EXE,thursday,1445092,x_1445092_NC-MECHANIC EXE_thursday,2,40,0,0,OPTIMAL
NC-MECHANIC EXE,thursday,1448622,x_1448622_NC-MECHANIC EXE_thursday,36,40,0,0,OPTIMAL
NC-MECHANIC EXE,thursday,1443005,x_1443005_NC-MECHANIC EXE_thursday,12,40,0,0,OPTIMAL
NC-MECHANIC EXE,thursday,1418457,x_1418457_NC-MECHANIC EXE_thursday,24,40,1,24,OPTIMAL
NC-MECHANIC EXE,thursday,1442842,x_1442842_NC-MECHANIC EXE_thursday,12,40,0,0,OPTIMAL
NC-MECHANIC EXE,thursday,1442843,x_1442843_NC-MECHANIC EXE_thursday,12,40,0,0,OPTIMAL
NC-MECHANIC EXE,thursday,1442845,x_1442845_NC-MECHANIC EXE_thursday,12,40,0,0,OPTIMAL
NC-MECHANIC EXE,thursday,1442846,x_1442846_NC-MECHANIC EXE_thursday,12,40,0,0,OPTIMAL
NC-MECHANIC EXE,thursday,1442847,x_1442847_NC-MECHANIC EXE_thursday,12,40,0,0,OPTIMAL
NC-MECHANIC EXE,thursday,1448469,x_1448469_NC-MECHANIC EXE_thursday,12,40,0,0,OPTIMAL
NC-MECHANIC EXE,thursday,1441434,x_1441434_NC-MECHANIC EXE_thursday,20,40,0,0,OPTIMAL
NC-MECHANIC EXE,thursday,1448482,x_1448482_NC-MECHANIC EXE_thursday,12,40,0,0,OPTIMAL
NC-MECHANIC EXE,thursday,1450318,x_1450318_NC-MECHANIC EXE_thursday,12,40,0,0,OPTIMAL
NC-MECHANIC EXE,thursday,1450113,x_1450113_NC-MECHANIC EXE_thursday,2,40,0,0,OPTIMAL
NC-MECHANIC EXE,thursday,1450256,x_1450256_NC-MECHANIC EXE_thursday,8,40,0,0,OPTIMAL
NC-MECHANIC EXE,thursday,1450311,x_1450311_NC-MECHANIC EXE_thursday,12,40,0,0,OPTIMAL
NC-MECHANIC EXE,thursday,1444528,x_1444528_NC-MECHANIC EXE_thursday,12,40,0,0,OPTIMAL
NC-MECHANIC EXE,thursday,1450222,x_1450222_NC-MECHANIC EXE_thursday,12,40,0,0,OPTIMAL
NC-MECHANIC EXE,thursday,1450248,x_1450248_NC-MECHANIC EXE_thursday,8,40,0,0,OPTIMAL
NC-MECHANIC EXE,thursday,1450232,x_1450232_NC-MECHANIC EXE_thursday,16,40,0,0,OPTIMAL
NC-MECHANIC EXE,thursday,1446277,x_1446277_NC-MECHANIC EXE_thursday,18,40,0,0,OPTIMAL
NC-MECHANIC EXE,thursday,1446160,x_1446160_NC-MECHANIC EXE_thursday,8,40,0,0,OPTIMAL
NC-MECHANIC EXE,thursday,1447542,x_1447542_NC-MECHANIC EXE_thursday,2,40,0,0,OPTIMAL
NC-MECHANIC EXE,thursday,1447536,x_1447536_NC-MECHANIC EXE_thursday,12,40,0,0,OPTIMAL
NC-MECHANIC EXE,thursday,1447396,x_1447396_NC-MECHANIC EXE_thursday,8,40,0,0,OPTIMAL
NC-MECHANIC EXE,thursday,1447305,x_1447305_NC-MECHANIC EXE_thursday,16,40,0,0,OPTIMAL
NC-MECHANIC EXE,thursday,1447324,x_1447324_NC-MECHANIC EXE_thursday,8,40,0,0,OPTIMAL
NC-MECHANIC EXE,thursday,1447258,x_1447258_NC-MECHANIC EXE_thursday,8,40,1,8,OPTIMAL
NC-MECHANIC EXE,thursday,1447329,x_1447329_NC-MECHANIC EXE_thursday,12,40,0,0,OPTIMAL
NC-MECHANIC EXE,thursday,1447244,x_1447244_NC-MECHANIC EXE_thursday,16,40,0,0,OPTIMAL
NC-MECHANIC EXE,thursday,1447298,x_1447298_NC-MECHANIC EXE_thursday,12,40,0,0,OPTIMAL
NC-MECHANIC EXE,thursday,1447300,x_1447300_NC-MECHANIC EXE_thursday,12,40,0,0,OPTIMAL
NC-MECHANIC EXE,thursday,1450898,x_1450898_NC-MECHANIC EXE_thursday,8,40,0,0,OPTIMAL
NC-MECHANIC EXE,thursday,1450899,x_1450899_NC-MECHANIC EXE_thursday,8,40,0,0,OPTIMAL
NC-MECHANIC EXE,thursday,1448846,x_1448846_NC-MECHANIC EXE_thursday,16,40,0,0,OPTIMAL
NC-MECHANIC EXE,thursday,1448711,x_1448711_NC-MECHANIC EXE_thursday,16,40,0,0,OPTIMAL
NC-MECHANIC EXE,thursday,1448702,x_1448702_NC-MECHANIC EXE_thursday,8,40,0,0,OPTIMAL
NC-MECHANIC EXE,thursday,1448703,x_1448703_NC-MECHANIC EXE_thursday,16,40,0,0,OPTIMAL
NC-MECHANIC EXE,thursday,1418463,x_1418463_NC-MECHANIC EXE_thursday,12,40,0,0,OPTIMAL
NC-MECHANIC EXE,thursday,1425287,x_1425287_NC-MECHANIC EXE_thursday,24,40,0,0,OPTIMAL
NC-MECHANIC EXE,thursday,1436326,x_1436326_NC-MECHANIC EXE_thursday,8,40,1,8,OPTIMAL
NC-MECHANIC EXE,thursday,1449131,x_1449131_NC-MECHANIC EXE_thursday,8,40,0,0,OPTIMAL
NC-MECHANIC EXE,thursday,1449132,x_1449132_NC-MECHANIC EXE_thursday,8,40,0,0,OPTIMAL
NC-MECHANIC EXE,thursday,1449133,x_1449133_NC-MECHANIC EXE_thursday,8,40,0,0,OPTIMAL
NC-MECHANIC EXE,thursday,1449134,x_1449134_NC-MECHANIC EXE_thursday,8,40,0,0,OPTIMAL
NC-MECHANIC EXE,thursday,1449135,x_1449135_NC-MECHANIC EXE_thursday,8,40,0,0,OPTIMAL
NC-MECHANIC EXE,thursday,1449136,x_1449136_NC-MECHANIC EXE_thursday,8,40,0,0,OPTIMAL
NC-MECHANIC EXE,thursday,1449007,x_1449007_NC-MECHANIC EXE_thursday,64,40,0,0,OPTIMAL
NC-MECHANIC EXE,thursday,1449018,x_1449018_NC-MECHANIC EXE_thursday,8,40,0,0,OPTIMAL
NC-MECHANIC EXE,thursday,1449019,x_1449019_NC-MECHANIC EXE_thursday,8,40,0,0,OPTIMAL
NC-MECHANIC EXE,thursday,1449000,x_1449000_NC-MECHANIC EXE_thursday,2,40,0,0,OPTIMAL
NC-MECHANIC EXE,thursday,1448898,x_1448898_NC-MECHANIC EXE_thursday,6,40,0,0,OPTIMAL
NC-MECHANIC EXE,thursday,1448909,x_1448909_NC-MECHANIC EXE_thursday,2,40,0,0,OPTIMAL
NC-MECHANIC EXE,friday,1446278,x_1446278_NC-MECHANIC EXE_friday,18,40,0,0,OPTIMAL
NC-MECHANIC EXE,friday,1446161,x_1446161_NC-MECHANIC EXE_friday,8,40,0,0,OPTIMAL
NC-MECHANIC EXE,friday,1451326,x_1451326_NC-MECHANIC EXE_friday,2,40,0,0,OPTIMAL
NC-MECHANIC EXE,friday,1445092,x_1445092_NC-MECHANIC EXE_friday,2,40,0,0,OPTIMAL
NC-MECHANIC EXE,friday,1448622,x_1448622_NC-MECHANIC EXE_friday,36,40,0,0,OPTIMAL
NC-MECHANIC EXE,friday,1443005,x_1443005_NC-MECHANIC EXE_friday,12,40,0,0,OPTIMAL
NC-MECHANIC EXE,friday,1418457,x_1418457_NC-MECHANIC EXE_friday,24,40,0,0,OPTIMAL
NC-MECHANIC EXE,friday,1442842,x_1442842_NC-MECHANIC EXE_friday,12,40,0,0,OPTIMAL
NC-MECHANIC EXE,friday,1442843,x_1442843_NC-MECHANIC EXE_friday,12,40,0,0,OPTIMAL
NC-MECHANIC EXE,friday,1442845,x_1442845_NC-MECHANIC EXE_friday,12,40,1,12,OPTIMAL
NC-MECHANIC EXE,friday,1442846,x_1442846_NC-MECHANIC EXE_friday,12,40,0,0,OPTIMAL
NC-MECHANIC EXE,friday,1442847,x_1442847_NC-MECHANIC EXE_friday,12,40,1,12,OPTIMAL
NC-MECHANIC EXE,friday,1448469,x_1448469_NC-MECHANIC EXE_friday,12,40,0,0,OPTIMAL
NC-MECHANIC EXE,friday,1441434,x_1441434_NC-MECHANIC EXE_friday,20,40,0,0,OPTIMAL
NC-MECHANIC EXE,friday,1448482,x_1448482_NC-MECHANIC EXE_friday,12,40,0,0,OPTIMAL
NC-MECHANIC EXE,friday,1450318,x_1450318_NC-MECHANIC EXE_friday,12,40,0,0,OPTIMAL
NC-MECHANIC EXE,friday,1450113,x_1450113_NC-MECHANIC EXE_friday,2,40,0,0,OPTIMAL
NC-MECHANIC EXE,friday,1450256,x_1450256_NC-MECHANIC EXE_friday,8,40,0,0,OPTIMAL
NC-MECHANIC EXE,friday,1450311,x_1450311_NC-MECHANIC EXE_friday,12,40,0,0,OPTIMAL
NC-MECHANIC EXE,friday,1444528,x_1444528_NC-MECHANIC EXE_friday,12,40,0,0,OPTIMAL
NC-MECHANIC EXE,friday,1450222,x_1450222_NC-MECHANIC EXE_friday,12,40,0,0,OPTIMAL
NC-MECHANIC EXE,friday,1450248,x_1450248_NC-MECHANIC EXE_friday,8,40,0,0,OPTIMAL
NC-MECHANIC EXE,friday,1450232,x_1450232_NC-MECHANIC EXE_friday,16,40,0,0,OPTIMAL
NC-MECHANIC EXE,friday,1446277,x_1446277_NC-MECHANIC EXE_friday,18,40,0,0,OPTIMAL
NC-MECHANIC EXE,friday,1446160,x_1446160_NC-MECHANIC EXE_friday,8,40,0,0,OPTIMAL
NC-MECHANIC EXE,friday,1447542,x_1447542_NC-MECHANIC EXE_friday,2,40,0,0,OPTIMAL
NC-MECHANIC EXE,friday,1447536,x_1447536_NC-MECHANIC EXE_friday,12,40,0,0,OPTIMAL
NC-MECHANIC EXE,friday,1447396,x_1447396_NC-MECHANIC EXE_friday,8,40,0,0,OPTIMAL
NC-MECHANIC EXE,friday,1447305,x_1447305_NC-MECHANIC EXE_friday,16,40,0,0,OPTIMAL
NC-MECHANIC EXE,friday,1447324,x_1447324_NC-MECHANIC EXE_friday,8,40,0,0,OPTIMAL
NC-MECHANIC EXE,friday,1447258,x_1447258_NC-MECHANIC EXE_friday,8,40,0,0,OPTIMAL
NC-MECHANIC EXE,friday,1447329,x_1447329_NC-MECHANIC EXE_friday,12,40,0,0,OPTIMAL
NC-MECHANIC EXE,friday,1447244,x_1447244_NC-MECHANIC EXE_friday,16,40,0,0,OPTIMAL
NC-MECHANIC EXE,friday,1447298,x_1447298_NC-MECHANIC EXE_friday,12,40,0,0,OPTIMAL
NC-MECHANIC EXE,friday,1447300,x_1447300_NC-MECHANIC EXE_friday,12,40,0,0,OPTIMAL
NC-MECHANIC EXE,friday,1450898,x_1450898_NC-MECHANIC EXE_friday,8,40,0,0,OPTIMAL
NC-MECHANIC EXE,friday,1450899,x_1450899_NC-MECHANIC EXE_friday,8,40,0,0,OPTIMAL
NC-MECHANIC EXE,friday,1448846,x_1448846_NC-MECHANIC EXE_friday,16,40,0,0,OPTIMAL
NC-MECHANIC EXE,friday,1448711,x_1448711_NC-MECHANIC EXE_friday,16,40,0,0,OPTIMAL
NC-MECHANIC EXE,friday,1448702,x_1448702_NC-MECHANIC EXE_friday,8,40,1,8,OPTIMAL
NC-MECHANIC EXE,friday,1448703,x_1448703_NC-MECHANIC EXE_friday,16,40,0,0,OPTIMAL
NC-MECHANIC EXE,friday,1418463,x_1418463_NC-MECHANIC EXE_friday,12,40,0,0,OPTIMAL
NC-MECHANIC EXE,friday,1425287,x_1425287_NC-MECHANIC EXE_friday,24,40,0,0,OPTIMAL
NC-MECHANIC EXE,friday,1436326,x_1436326_NC-MECHANIC EXE_friday,8,40,0,0,OPTIMAL
NC-MECHANIC EXE,friday,1449131,x_1449131_NC-MECHANIC EXE_friday,8,40,0,0,OPTIMAL
NC-MECHANIC EXE,friday,1449132,x_1449132_NC-MECHANIC EXE_friday,8,40,0,0,OPTIMAL
NC-MECHANIC EXE,friday,1449133,x_1449133_NC-MECHANIC EXE_friday,8,40,0,0,OPTIMAL
NC-MECHANIC EXE,friday,1449134,x_1449134_NC-MECHANIC EXE_friday,8,40,0,0,OPTIMAL
NC-MECHANIC EXE,friday,1449135,x_1449135_NC-MECHANIC EXE_friday,8,40,0,0,OPTIMAL
NC-MECHANIC EXE,friday,1449136,x_1449136_NC-MECHANIC EXE_friday,8,40,1,8,OPTIMAL
NC-MECHANIC EXE,friday,1449007,x_1449007_NC-MECHANIC EXE_friday,64,40,0,0,OPTIMAL
NC-MECHANIC EXE,friday,1449018,x_1449018_NC-MECHANIC EXE_friday,8,40,0,0,OPTIMAL
NC-MECHANIC EXE,friday,1449019,x_1449019_NC-MECHANIC EXE_friday,8,40,0,0,OPTIMAL
NC-MECHANIC EXE,friday,1449000,x_1449000_NC-MECHANIC EXE_friday,2,40,0,0,OPTIMAL
NC-MECHANIC EXE,friday,1448898,x_1448898_NC-MECHANIC EXE_friday,6,40,0,0,OPTIMAL
NC-MECHANIC EXE,friday,1448909,x_1448909_NC-MECHANIC EXE_friday,2,40,0,0,OPTIMAL
NC-REBUILD,monday,1441822,x_1441822_NC-REBUILD_monday,12,40,0,0,OPTIMAL
NC-REBUILD,monday,1448643,x_1448643_NC-REBUILD_monday,8,40,0,0,OPTIMAL
NC-REBUILD,monday,1442882,x_1442882_NC-REBUILD_monday,32,40,0,0,OPTIMAL
NC-REBUILD,monday,1442883,x_1442883_NC-REBUILD_monday,32,40,0,0,OPTIMAL
NC-REBUILD,monday,1448480,x_1448480_NC-REBUILD_monday,32,40,0,0,OPTIMAL
NC-REBUILD,monday,1450159,x_1450159_NC-REBUILD_monday,12,40,0,0,OPTIMAL
NC-REBUILD,monday,1450116,x_1450116_NC-REBUILD_monday,32,40,0,0,OPTIMAL
NC-REBUILD,monday,1450210,x_1450210_NC-REBUILD_monday,32,40,0,0,OPTIMAL
NC-REBUILD,monday,1446295,x_1446295_NC-REBUILD_monday,32,40,1,32,OPTIMAL
NC-REBUILD,monday,1448054,x_1448054_NC-REBUILD_monday,16,40,0,0,OPTIMAL
NC-REBUILD,monday,1447544,x_1447544_NC-REBUILD_monday,32,40,0,0,OPTIMAL
NC-REBUILD,monday,1447328,x_1447328_NC-REBUILD_monday,24,40,0,0,OPTIMAL
NC-REBUILD,monday,1447336,x_1447336_NC-REBUILD_monday,8,40,0,0,OPTIMAL
NC-REBUILD,tuesday,1441822,x_1441822_NC-REBUILD_tuesday,12,40,0,0,OPTIMAL
NC-REBUILD,tuesday,1448643,x_1448643_NC-REBUILD_tuesday,8,40,1,8,OPTIMAL
NC-REBUILD,tuesday,1442882,x_1442882_NC-REBUILD_tuesday,32,40,1,32,OPTIMAL
NC-REBUILD,tuesday,1442883,x_1442883_NC-REBUILD_tuesday,32,40,0,0,OPTIMAL
NC-REBUILD,tuesday,1448480,x_1448480_NC-REBUILD_tuesday,32,40,0,0,OPTIMAL
NC-REBUILD,tuesday,1450159,x_1450159_NC-REBUILD_tuesday,12,40,0,0,OPTIMAL
NC-REBUILD,tuesday,1450116,x_1450116_NC-REBUILD_tuesday,32,40,0,0,OPTIMAL
NC-REBUILD,tuesday,1450210,x_1450210_NC-REBUILD_tuesday,32,40,0,0,OPTIMAL
NC-REBUILD,tuesday,1446295,x_1446295_NC-REBUILD_tuesday,32,40,0,0,OPTIMAL
NC-REBUILD,tuesday,1448054,x_1448054_NC-REBUILD_tuesday,16,40,0,0,OPTIMAL
NC-REBUILD,tuesday,1447544,x_1447544_NC-REBUILD_tuesday,32,40,0,0,OPTIMAL
NC-REBUILD,tuesday,1447328,x_1447328_NC-REBUILD_tuesday,24,40,0,0,OPTIMAL
NC-REBUILD,tuesday,1447336,x_1447336_NC-REBUILD_tuesday,8,40,0,0,OPTIMAL
NC-REBUILD,wednesday,1441822,x_1441822_NC-REBUILD_wednesday,12,40,0,0,OPTIMAL
NC-REBUILD,wednesday,1448643,x_1448643_NC-REBUILD_wednesday,8,40,0,0,OPTIMAL
NC-REBUILD,wednesday,1442882,x_1442882_NC-REBUILD_wednesday,32,40,0,0,OPTIMAL
NC-REBUILD,wednesday,1442883,x_1442883_NC-REBUILD_wednesday,32,40,1,32,OPTIMAL
NC-REBUILD,wednesday,1448480,x_1448480_NC-REBUILD_wednesday,32,40,0,0,OPTIMAL
NC-REBUILD,wednesday,1450159,x_1450159_NC-REBUILD_wednesday,12,40,0,0,OPTIMAL
NC-REBUILD,wednesday,1450116,x_1450116_NC-REBUILD_wednesday,32,40,0,0,OPTIMAL
NC-REBUILD,wednesday,1450210,x_1450210_NC-REBUILD_wednesday,32,40,0,0,OPTIMAL
NC-REBUILD,wednesday,1446295,x_1446295_NC-REBUILD_wednesday,32,40,0,0,OPTIMAL
NC-REBUILD,wednesday,1448054,x_1448054_NC-REBUILD_wednesday,16,40,0,0,OPTIMAL
NC-REBUILD,wednesday,1447544,x_1447544_NC-REBUILD_wednesday,32,40,0,0,OPTIMAL
NC-REBUILD,wednesday,1447328,x_1447328_NC-REBUILD_wednesday,24,40,0,0,OPTIMAL
NC-REBUILD,wednesday,1447336,x_1447336_NC-REBUILD_wednesday,8,40,1,8,OPTIMAL
NC-REBUILD,thursday,1441822,x_1441822_NC-REBUILD_thursday,12,40,1,12,OPTIMAL
NC-REBUILD,thursday,1448643,x_1448643_NC-REBUILD_thursday,8,40,0,0,OPTIMAL
NC-REBUILD,thursday,1442882,x_1442882_NC-REBUILD_thursday,32,40,0,0,OPTIMAL
NC-REBUILD,thursday,1442883,x_1442883_NC-REBUILD_thursday,32,40,0,0,OPTIMAL
NC-REBUILD,thursday,1448480,x_1448480_NC-REBUILD_thursday,32,40,0,0,OPTIMAL
NC-REBUILD,thursday,1450159,x_1450159_NC-REBUILD_thursday,12,40,1,12,OPTIMAL
NC-REBUILD,thursday,1450116,x_1450116_NC-REBUILD_thursday,32,40,0,0,OPTIMAL
NC-REBUILD,thursday,1450210,x_1450210_NC-REBUILD_thursday,32,40,0,0,OPTIMAL
NC-REBUILD,thursday,1446295,x_1446295_NC-REBUILD_thursday,32,40,0,0,OPTIMAL
NC-REBUILD,thursday,1448054,x_1448054_NC-REBUILD_thursday,16,40,1,16,OPTIMAL
NC-REBUILD,thursday,1447544,x_1447544_NC-REBUILD_thursday,32,40,0,0,OPTIMAL
NC-REBUILD,thursday,1447328,x_1447328_NC-REBUILD_thursday,24,40,0,0,OPTIMAL
NC-REBUILD,thursday,1447336,x_1447336_NC-REBUILD_thursday,8,40,0,0,OPTIMAL
NC-REBUILD,friday,1441822,x_1441822_NC-REBUILD_friday,12,40,0,0,OPTIMAL
NC-REBUILD,friday,1448643,x_1448643_NC-REBUILD_friday,8,40,0,0,OPTIMAL
NC-REBUILD,friday,1442882,x_1442882_NC-REBUILD_friday,32,40,0,0,OPTIMAL
NC-REBUILD,friday,1442883,x_1442883_NC-REBUILD_friday,32,40,0,0,OPTIMAL
NC-REBUILD,friday,1448480,x_1448480_NC-REBUILD_friday,32,40,0,0,OPTIMAL
NC-REBUILD,friday,1450159,x_1450159_NC-REBUILD_friday,12,40,0,0,OPTIMAL
NC-REBUILD,friday,1450116,x_1450116_NC-REBUILD_friday,32,40,0,0,OPTIMAL
NC-REBUILD,friday,1450210,x_1450210_NC-REBUILD_friday,32,40,0,0,OPTIMAL
NC-REBUILD,friday,1446295,x_1446295_NC-REBUILD_friday,32,40,0,0,OPTIMAL
NC-REBUILD,friday,1448054,x_1448054_NC-REBUILD_friday,16,40,0,0,OPTIMAL
NC-REBUILD,friday,1447544,x_1447544_NC-REBUILD_friday,32,40,1,32,OPTIMAL
NC-REBUILD,friday,1447328,x_1447328_NC-REBUILD_friday,24,40,0,0,OPTIMAL
NC-REBUILD,friday,1447336,x_1447336_NC-REBUILD_friday,8,40,0,0,OPTIMAL
