work_order_id,trade,day,var_name,solver_value,solver_status
1376960,NC-LUBRICATOR,friday,x_1376960_NC-LUBRICATOR_friday,0,OPTIMAL
1376960,NC-LUBRICATOR,monday,x_1376960_NC-LUBRICATOR_monday,0,OPTIMAL
1376960,NC-LUBRICATOR,thursday,x_1376960_NC-LUBRICATOR_thursday,1,OPTIMAL
1376960,NC-LUBRICATOR,tuesday,x_1376960_NC-LUBRICATOR_tuesday,0,OPTIMAL
1376960,NC-LUBRICATOR,wednesday,x_1376960_NC-LUBRICATOR_wednesday,0,OPTIMAL
1378310,NC-E/I,friday,x_1378310_NC-E/I_friday,0,OPTIMAL
1378310,NC-E/I,monday,x_1378310_NC-E/I_monday,0,OPTIMAL
1378310,NC-E/I,saturday,x_1378310_NC-E/I_saturday,0,OPTIMAL
1378310,NC-E/I,sunday,x_1378310_NC-E/I_sunday,0,OPTIMAL
1378310,NC-E/I,thursday,x_1378310_NC-E/I_thursday,1,OPTIMAL
1378310,NC-E/I,tuesday,x_1378310_NC-E/I_tuesday,0,OPTIMAL
1378310,NC-E/I,wednesday,x_1378310_NC-E/I_wednesday,0,OPTIMAL
1387434,NC-E/I,friday,x_1387434_NC-E/I_friday,1,OPTIMAL
1387434,NC-E/I,monday,x_1387434_NC-E/I_monday,0,OPTIMAL
1387434,NC-E/I,saturday,x_1387434_NC-E/I_saturday,0,OPTIMAL
1387434,NC-E/I,sunday,x_1387434_NC-E/I_sunday,0,OPTIMAL
1387434,NC-E/I,thursday,x_1387434_NC-E/I_thursday,0,OPTIMAL
1387434,NC-E/I,tuesday,x_1387434_NC-E/I_tuesday,0,OPTIMAL
1387434,NC-E/I,wednesday,x_1387434_NC-E/I_wednesday,0,OPTIMAL
1387468,NC-E/I,friday,x_1387468_NC-E/I_friday,0,OPTIMAL
1387468,NC-E/I,monday,x_1387468_NC-E/I_monday,0,OPTIMAL
1387468,NC-E/I,saturday,x_1387468_NC-E/I_saturday,0,OPTIMAL
1387468,NC-E/I,sunday,x_1387468_NC-E/I_sunday,1,OPTIMAL
1387468,NC-E/I,thursday,x_1387468_NC-E/I_thursday,0,OPTIMAL
1387468,NC-E/I,tuesday,x_1387468_NC-E/I_tuesday,0,OPTIMAL
1387468,NC-E/I,wednesday,x_1387468_NC-E/I_wednesday,0,OPTIMAL
1388696,NC-E/I,friday,x_1388696_NC-E/I_friday,1,OPTIMAL
1388696,NC-E/I,monday,x_1388696_NC-E/I_monday,0,OPTIMAL
1388696,NC-E/I,saturday,x_1388696_NC-E/I_saturday,0,OPTIMAL
1388696,NC-E/I,sunday,x_1388696_NC-E/I_sunday,0,OPTIMAL
1388696,NC-E/I,thursday,x_1388696_NC-E/I_thursday,0,OPTIMAL
1388696,NC-E/I,tuesday,x_1388696_NC-E/I_tuesday,0,OPTIMAL
1388696,NC-E/I,wednesday,x_1388696_NC-E/I_wednesday,0,OPTIMAL
1418424,NC-LUBRICATOR,friday,x_1418424_NC-LUBRICATOR_friday,1,OPTIMAL
1418424,NC-LUBRICATOR,monday,x_1418424_NC-LUBRICATOR_monday,0,OPTIMAL
1418424,NC-LUBRICATOR,thursday,x_1418424_NC-LUBRICATOR_thursday,0,OPTIMAL
1418424,NC-LUBRICATOR,tuesday,x_1418424_NC-LUBRICATOR_tuesday,0,OPTIMAL
1418424,NC-LUBRICATOR,wednesday,x_1418424_NC-LUBRICATOR_wednesday,0,OPTIMAL
1418457,NC-MECHANIC EXE,friday,x_1418457_NC-MECHANIC EXE_friday,0,OPTIMAL
1418457,NC-MECHANIC EXE,monday,x_1418457_NC-MECHANIC EXE_monday,0,OPTIMAL
1418457,NC-MECHANIC EXE,thursday,x_1418457_NC-MECHANIC EXE_thursday,1,OPTIMAL
1418457,NC-MECHANIC EXE,tuesday,x_1418457_NC-MECHANIC EXE_tuesday,0,OPTIMAL
1418457,NC-MECHANIC EXE,wednesday,x_1418457_NC-MECHANIC EXE_wednesday,0,OPTIMAL
1418463,NC-MECHANIC EXE,friday,x_1418463_NC-MECHANIC EXE_friday,0,OPTIMAL
1418463,NC-MECHANIC EXE,monday,x_1418463_NC-MECHANIC EXE_monday,1,OPTIMAL
1418463,NC-MECHANIC EXE,thursday,x_1418463_NC-MECHANIC EXE_thursday,0,OPTIMAL
1418463,NC-MECHANIC EXE,tuesday,x_1418463_NC-MECHANIC EXE_tuesday,0,OPTIMAL
1418463,NC-MECHANIC EXE,wednesday,x_1418463_NC-MECHANIC EXE_wednesday,0,OPTIMAL
1420764,NC-E/I,friday,x_1420764_NC-E/I_friday,0,OPTIMAL
1420764,NC-E/I,monday,x_1420764_NC-E/I_monday,0,OPTIMAL
1420764,NC-E/I,saturday,x_1420764_NC-E/I_saturday,1,OPTIMAL
1420764,NC-E/I,sunday,x_1420764_NC-E/I_sunday,0,OPTIMAL
1420764,NC-E/I,thursday,x_1420764_NC-E/I_thursday,0,OPTIMAL
1420764,NC-E/I,tuesday,x_1420764_NC-E/I_tuesday,0,OPTIMAL
1420764,NC-E/I,wednesday,x_1420764_NC-E/I_wednesday,0,OPTIMAL
1425287,NC-MECHANIC EXE,friday,x_1425287_NC-MECHANIC EXE_friday,0,OPTIMAL
1425287,NC-MECHANIC EXE,monday,x_1425287_NC-MECHANIC EXE_monday,0,OPTIMAL
1425287,NC-MECHANIC EXE,thursday,x_1425287_NC-MECHANIC EXE_thursday,0,OPTIMAL
1425287,NC-MECHANIC EXE,tuesday,x_1425287_NC-MECHANIC EXE_tuesday,1,OPTIMAL
1425287,NC-MECHANIC EXE,wednesday,x_1425287_NC-MECHANIC EXE_wednesday,0,OPTIMAL
1426292,NC-E/I,friday,x_1426292_NC-E/I_friday,0,OPTIMAL
1426292,NC-E/I,monday,x_1426292_NC-E/I_monday,0,OPTIMAL
1426292,NC-E/I,saturday,x_1426292_NC-E/I_saturday,1,OPTIMAL
1426292,NC-E/I,sunday,x_1426292_NC-E/I_sunday,0,OPTIMAL
1426292,NC-E/I,thursday,x_1426292_NC-E/I_thursday,0,OPTIMAL
1426292,NC-E/I,tuesday,x_1426292_NC-E/I_tuesday,0,OPTIMAL
1426292,NC-E/I,wednesday,x_1426292_NC-E/I_wednesday,0,OPTIMAL
1429139,NC-E/I,friday,x_1429139_NC-E/I_friday,1,OPTIMAL
1429139,NC-E/I,monday,x_1429139_NC-E/I_monday,0,OPTIMAL
1429139,NC-E/I,saturday,x_1429139_NC-E/I_saturday,0,OPTIMAL
1429139,NC-E/I,sunday,x_1429139_NC-E/I_sunday,0,OPTIMAL
1429139,NC-E/I,thursday,x_1429139_NC-E/I_thursday,0,OPTIMAL
1429139,NC-E/I,tuesday,x_1429139_NC-E/I_tuesday,0,OPTIMAL
1429139,NC-E/I,wednesday,x_1429139_NC-E/I_wednesday,0,OPTIMAL
1430677,NC-E/I,friday,x_1430677_NC-E/I_friday,0,OPTIMAL
1430677,NC-E/I,monday,x_1430677_NC-E/I_monday,0,OPTIMAL
1430677,NC-E/I,saturday,x_1430677_NC-E/I_saturday,0,OPTIMAL
1430677,NC-E/I,sunday,x_1430677_NC-E/I_sunday,1,OPTIMAL
1430677,NC-E/I,thursday,x_1430677_NC-E/I_thursday,0,OPTIMAL
1430677,NC-E/I,tuesday,x_1430677_NC-E/I_tuesday,0,OPTIMAL
1430677,NC-E/I,wednesday,x_1430677_NC-E/I_wednesday,0,OPTIMAL
1431833,NC-LUBRICATOR,friday,x_1431833_NC-LUBRICATOR_friday,0,OPTIMAL
1431833,NC-LUBRICATOR,monday,x_1431833_NC-LUBRICATOR_monday,0,OPTIMAL
1431833,NC-LUBRICATOR,thursday,x_1431833_NC-LUBRICATOR_thursday,0,OPTIMAL
1431833,NC-LUBRICATOR,tuesday,x_1431833_NC-LUBRICATOR_tuesday,0,OPTIMAL
1431833,NC-LUBRICATOR,wednesday,x_1431833_NC-LUBRICATOR_wednesday,0,OPTIMAL
1432538,NC-EQUIPMENT,friday,x_1432538_NC-EQUIPMENT_friday,0,OPTIMAL
1432538,NC-EQUIPMENT,monday,x_1432538_NC-EQUIPMENT_monday,0,OPTIMAL
1432538,NC-EQUIPMENT,thursday,x_1432538_NC-EQUIPMENT_thursday,0,OPTIMAL
1432538,NC-EQUIPMENT,tuesday,x_1432538_NC-EQUIPMENT_tuesday,0,OPTIMAL
1432538,NC-EQUIPMENT,wednesday,x_1432538_NC-EQUIPMENT_wednesday,0,OPTIMAL
1433738,NC-E/I,friday,x_1433738_NC-E/I_friday,0,OPTIMAL
1433738,NC-E/I,monday,x_1433738_NC-E/I_monday,0,OPTIMAL
1433738,NC-E/I,saturday,x_1433738_NC-E/I_saturday,0,OPTIMAL
1433738,NC-E/I,sunday,x_1433738_NC-E/I_sunday,1,OPTIMAL
1433738,NC-E/I,thursday,x_1433738_NC-E/I_thursday,0,OPTIMAL
1433738,NC-E/I,tuesday,x_1433738_NC-E/I_tuesday,0,OPTIMAL
1433738,NC-E/I,wednesday,x_1433738_NC-E/I_wednesday,0,OPTIMAL
1433859,NC-LUBRICATOR,friday,x_1433859_NC-LUBRICATOR_friday,0,OPTIMAL
1433859,NC-LUBRICATOR,monday,x_1433859_NC-LUBRICATOR_monday,0,OPTIMAL
1433859,NC-LUBRICATOR,thursday,x_1433859_NC-LUBRICATOR_thursday,0,OPTIMAL
1433859,NC-LUBRICATOR,tuesday,x_1433859_NC-LUBRICATOR_tuesday,0,OPTIMAL
1433859,NC-LUBRICATOR,wednesday,x_1433859_NC-LUBRICATOR_wednesday,0,OPTIMAL
1434969,NC-E/I,friday,x_1434969_NC-E/I_friday,0,OPTIMAL
1434969,NC-E/I,monday,x_1434969_NC-E/I_monday,0,OPTIMAL
1434969,NC-E/I,saturday,x_1434969_NC-E/I_saturday,0,OPTIMAL
1434969,NC-E/I,sunday,x_1434969_NC-E/I_sunday,0,OPTIMAL
1434969,NC-E/I,thursday,x_1434969_NC-E/I_thursday,0,OPTIMAL
1434969,NC-E/I,tuesday,x_1434969_NC-E/I_tuesday,1,OPTIMAL
1434969,NC-E/I,wednesday,x_1434969_NC-E/I_wednesday,0,OPTIMAL
1435167,NC-E/I,friday,x_1435167_NC-E/I_friday,0,OPTIMAL
1435167,NC-E/I,monday,x_1435167_NC-E/I_monday,0,OPTIMAL
1435167,NC-E/I,saturday,x_1435167_NC-E/I_saturday,0,OPTIMAL
1435167,NC-E/I,sunday,x_1435167_NC-E/I_sunday,0,OPTIMAL
1435167,NC-E/I,thursday,x_1435167_NC-E/I_thursday,0,OPTIMAL
1435167,NC-E/I,tuesday,x_1435167_NC-E/I_tuesday,0,OPTIMAL
1435167,NC-E/I,wednesday,x_1435167_NC-E/I_wednesday,0,OPTIMAL
1435191,NC-LUBRICATOR,friday,x_1435191_NC-LUBRICATOR_friday,0,OPTIMAL
1435191,NC-LUBRICATOR,monday,x_1435191_NC-LUBRICATOR_monday,0,OPTIMAL
1435191,NC-LUBRICATOR,thursday,x_1435191_NC-LUBRICATOR_thursday,0,OPTIMAL
1435191,NC-LUBRICATOR,tuesday,x_1435191_NC-LUBRICATOR_tuesday,0,OPTIMAL
1435191,NC-LUBRICATOR,wednesday,x_1435191_NC-LUBRICATOR_wednesday,0,OPTIMAL
1435859,NC-E/I,friday,x_1435859_NC-E/I_friday,0,OPTIMAL
1435859,NC-E/I,monday,x_1435859_NC-E/I_monday,0,OPTIMAL
1435859,NC-E/I,saturday,x_1435859_NC-E/I_saturday,1,OPTIMAL
1435859,NC-E/I,sunday,x_1435859_NC-E/I_sunday,0,OPTIMAL
1435859,NC-E/I,thursday,x_1435859_NC-E/I_thursday,0,OPTIMAL
1435859,NC-E/I,tuesday,x_1435859_NC-E/I_tuesday,0,OPTIMAL
1435859,NC-E/I,wednesday,x_1435859_NC-E/I_wednesday,0,OPTIMAL
1436320,NC-E/I,friday,x_1436320_NC-E/I_friday,0,OPTIMAL
1436320,NC-E/I,monday,x_1436320_NC-E/I_monday,0,OPTIMAL
1436320,NC-E/I,saturday,x_1436320_NC-E/I_saturday,0,OPTIMAL
1436320,NC-E/I,sunday,x_1436320_NC-E/I_sunday,1,OPTIMAL
1436320,NC-E/I,thursday,x_1436320_NC-E/I_thursday,0,OPTIMAL
1436320,NC-E/I,tuesday,x_1436320_NC-E/I_tuesday,0,OPTIMAL
1436320,NC-E/I,wednesday,x_1436320_NC-E/I_wednesday,0,OPTIMAL
1436326,NC-MECHANIC EXE,friday,x_1436326_NC-MECHANIC EXE_friday,0,OPTIMAL
1436326,NC-MECHANIC EXE,monday,x_1436326_NC-MECHANIC EXE_monday,0,OPTIMAL
1436326,NC-MECHANIC EXE,thursday,x_1436326_NC-MECHANIC EXE_thursday,1,OPTIMAL
1436326,NC-MECHANIC EXE,tuesday,x_1436326_NC-MECHANIC EXE_tuesday,0,OPTIMAL
1436326,NC-MECHANIC EXE,wednesday,x_1436326_NC-MECHANIC EXE_wednesday,0,OPTIMAL
1436384,NC-LUBRICATOR,friday,x_1436384_NC-LUBRICATOR_friday,0,OPTIMAL
1436384,NC-LUBRICATOR,monday,x_1436384_NC-LUBRICATOR_monday,0,OPTIMAL
1436384,NC-LUBRICATOR,thursday,x_1436384_NC-LUBRICATOR_thursday,0,OPTIMAL
1436384,NC-LUBRICATOR,tuesday,x_1436384_NC-LUBRICATOR_tuesday,0,OPTIMAL
1436384,NC-LUBRICATOR,wednesday,x_1436384_NC-LUBRICATOR_wednesday,0,OPTIMAL
1437521,NC-E/I,friday,x_1437521_NC-E/I_friday,0,OPTIMAL
1437521,NC-E/I,monday,x_1437521_NC-E/I_monday,0,OPTIMAL
1437521,NC-E/I,saturday,x_1437521_NC-E/I_saturday,0,OPTIMAL
1437521,NC-E/I,sunday,x_1437521_NC-E/I_sunday,0,OPTIMAL
1437521,NC-E/I,thursday,x_1437521_NC-E/I_thursday,0,OPTIMAL
1437521,NC-E/I,tuesday,x_1437521_NC-E/I_tuesday,0,OPTIMAL
1437521,NC-E/I,wednesday,x_1437521_NC-E/I_wednesday,1,OPTIMAL
1437615,NC-E/I,friday,x_1437615_NC-E/I_friday,0,OPTIMAL
1437615,NC-E/I,monday,x_1437615_NC-E/I_monday,1,OPTIMAL
1437615,NC-E/I,saturday,x_1437615_NC-E/I_saturday,0,OPTIMAL
1437615,NC-E/I,sunday,x_1437615_NC-E/I_sunday,0,OPTIMAL
1437615,NC-E/I,thursday,x_1437615_NC-E/I_thursday,0,OPTIMAL
1437615,NC-E/I,tuesday,x_1437615_NC-E/I_tuesday,0,OPTIMAL
1437615,NC-E/I,wednesday,x_1437615_NC-E/I_wednesday,0,OPTIMAL
1437921,NC-E/I,friday,x_1437921_NC-E/I_friday,0,OPTIMAL
1437921,NC-E/I,monday,x_1437921_NC-E/I_monday,0,OPTIMAL
1437921,NC-E/I,saturday,x_1437921_NC-E/I_saturday,0,OPTIMAL
1437921,NC-E/I,sunday,x_1437921_NC-E/I_sunday,0,OPTIMAL
1437921,NC-E/I,thursday,x_1437921_NC-E/I_thursday,0,OPTIMAL
1437921,NC-E/I,tuesday,x_1437921_NC-E/I_tuesday,0,OPTIMAL
1437921,NC-E/I,wednesday,x_1437921_NC-E/I_wednesday,1,OPTIMAL
1437923,NC-E/I,friday,x_1437923_NC-E/I_friday,0,OPTIMAL
1437923,NC-E/I,monday,x_1437923_NC-E/I_monday,0,OPTIMAL
1437923,NC-E/I,saturday,x_1437923_NC-E/I_saturday,0,OPTIMAL
1437923,NC-E/I,sunday,x_1437923_NC-E/I_sunday,0,OPTIMAL
1437923,NC-E/I,thursday,x_1437923_NC-E/I_thursday,1,OPTIMAL
1437923,NC-E/I,tuesday,x_1437923_NC-E/I_tuesday,0,OPTIMAL
1437923,NC-E/I,wednesday,x_1437923_NC-E/I_wednesday,0,OPTIMAL
1437924,NC-E/I,friday,x_1437924_NC-E/I_friday,0,OPTIMAL
1437924,NC-E/I,monday,x_1437924_NC-E/I_monday,0,OPTIMAL
1437924,NC-E/I,saturday,x_1437924_NC-E/I_saturday,0,OPTIMAL
1437924,NC-E/I,sunday,x_1437924_NC-E/I_sunday,0,OPTIMAL
1437924,NC-E/I,thursday,x_1437924_NC-E/I_thursday,1,OPTIMAL
1437924,NC-E/I,tuesday,x_1437924_NC-E/I_tuesday,0,OPTIMAL
1437924,NC-E/I,wednesday,x_1437924_NC-E/I_wednesday,0,OPTIMAL
1437926,NC-E/I,friday,x_1437926_NC-E/I_friday,0,OPTIMAL
1437926,NC-E/I,monday,x_1437926_NC-E/I_monday,0,OPTIMAL
1437926,NC-E/I,saturday,x_1437926_NC-E/I_saturday,0,OPTIMAL
1437926,NC-E/I,sunday,x_1437926_NC-E/I_sunday,0,OPTIMAL
1437926,NC-E/I,thursday,x_1437926_NC-E/I_thursday,1,OPTIMAL
1437926,NC-E/I,tuesday,x_1437926_NC-E/I_tuesday,0,OPTIMAL
1437926,NC-E/I,wednesday,x_1437926_NC-E/I_wednesday,0,OPTIMAL
1440685,NC-E/I,friday,x_1440685_NC-E/I_friday,0,OPTIMAL
1440685,NC-E/I,monday,x_1440685_NC-E/I_monday,0,OPTIMAL
1440685,NC-E/I,saturday,x_1440685_NC-E/I_saturday,0,OPTIMAL
1440685,NC-E/I,sunday,x_1440685_NC-E/I_sunday,0,OPTIMAL
1440685,NC-E/I,thursday,x_1440685_NC-E/I_thursday,0,OPTIMAL
1440685,NC-E/I,tuesday,x_1440685_NC-E/I_tuesday,0,OPTIMAL
1440685,NC-E/I,wednesday,x_1440685_NC-E/I_wednesday,0,OPTIMAL
1441434,NC-MECHANIC EXE,friday,x_1441434_NC-MECHANIC EXE_friday,0,OPTIMAL
1441434,NC-MECHANIC EXE,monday,x_1441434_NC-MECHANIC EXE_monday,0,OPTIMAL
1441434,NC-MECHANIC EXE,thursday,x_1441434_NC-MECHANIC EXE_thursday,0,OPTIMAL
1441434,NC-MECHANIC EXE,tuesday,x_1441434_NC-MECHANIC EXE_tuesday,0,OPTIMAL
1441434,NC-MECHANIC EXE,wednesday,x_1441434_NC-MECHANIC EXE_wednesday,0,OPTIMAL
1441447,NC-LUBRICATOR,friday,x_1441447_NC-LUBRICATOR_friday,0,OPTIMAL
1441447,NC-LUBRICATOR,monday,x_1441447_NC-LUBRICATOR_monday,0,OPTIMAL
1441447,NC-LUBRICATOR,thursday,x_1441447_NC-LUBRICATOR_thursday,0,OPTIMAL
1441447,NC-LUBRICATOR,tuesday,x_1441447_NC-LUBRICATOR_tuesday,0,OPTIMAL
1441447,NC-LUBRICATOR,wednesday,x_1441447_NC-LUBRICATOR_wednesday,0,OPTIMAL
1441822,NC-REBUILD,friday,x_1441822_NC-REBUILD_friday,0,OPTIMAL
1441822,NC-REBUILD,monday,x_1441822_NC-REBUILD_monday,0,OPTIMAL
1441822,NC-REBUILD,thursday,x_1441822_NC-REBUILD_thursday,1,OPTIMAL
1441822,NC-REBUILD,tuesday,x_1441822_NC-REBUILD_tuesday,0,OPTIMAL
1441822,NC-REBUILD,wednesday,x_1441822_NC-REBUILD_wednesday,0,OPTIMAL
1441973,NC-E/I,friday,x_1441973_NC-E/I_friday,1,OPTIMAL
1441973,NC-E/I,monday,x_1441973_NC-E/I_monday,0,OPTIMAL
1441973,NC-E/I,saturday,x_1441973_NC-E/I_saturday,0,OPTIMAL
1441973,NC-E/I,sunday,x_1441973_NC-E/I_sunday,0,OPTIMAL
1441973,NC-E/I,thursday,x_1441973_NC-E/I_thursday,0,OPTIMAL
1441973,NC-E/I,tuesday,x_1441973_NC-E/I_tuesday,0,OPTIMAL
1441973,NC-E/I,wednesday,x_1441973_NC-E/I_wednesday,0,OPTIMAL
1442061,NC-E/I,friday,x_1442061_NC-E/I_friday,1,OPTIMAL
1442061,NC-E/I,monday,x_1442061_NC-E/I_monday,0,OPTIMAL
1442061,NC-E/I,saturday,x_1442061_NC-E/I_saturday,0,OPTIMAL
1442061,NC-E/I,sunday,x_1442061_NC-E/I_sunday,0,OPTIMAL
1442061,NC-E/I,thursday,x_1442061_NC-E/I_thursday,0,OPTIMAL
1442061,NC-E/I,tuesday,x_1442061_NC-E/I_tuesday,0,OPTIMAL
1442061,NC-E/I,wednesday,x_1442061_NC-E/I_wednesday,0,OPTIMAL
1442096,NC-LUBRICATOR,friday,x_1442096_NC-LUBRICATOR_friday,0,OPTIMAL
1442096,NC-LUBRICATOR,monday,x_1442096_NC-LUBRICATOR_monday,0,OPTIMAL
1442096,NC-LUBRICATOR,thursday,x_1442096_NC-LUBRICATOR_thursday,0,OPTIMAL
1442096,NC-LUBRICATOR,tuesday,x_1442096_NC-LUBRICATOR_tuesday,0,OPTIMAL
1442096,NC-LUBRICATOR,wednesday,x_1442096_NC-LUBRICATOR_wednesday,1,OPTIMAL
1442287,NC-LUBRICATOR,friday,x_1442287_NC-LUBRICATOR_friday,0,OPTIMAL
1442287,NC-LUBRICATOR,monday,x_1442287_NC-LUBRICATOR_monday,1,OPTIMAL
1442287,NC-LUBRICATOR,thursday,x_1442287_NC-LUBRICATOR_thursday,0,OPTIMAL
1442287,NC-LUBRICATOR,tuesday,x_1442287_NC-LUBRICATOR_tuesday,0,OPTIMAL
1442287,NC-LUBRICATOR,wednesday,x_1442287_NC-LUBRICATOR_wednesday,0,OPTIMAL
1442292,NC-LUBRICATOR,friday,x_1442292_NC-LUBRICATOR_friday,0,OPTIMAL
1442292,NC-LUBRICATOR,monday,x_1442292_NC-LUBRICATOR_monday,1,OPTIMAL
1442292,NC-LUBRICATOR,thursday,x_1442292_NC-LUBRICATOR_thursday,0,OPTIMAL
1442292,NC-LUBRICATOR,tuesday,x_1442292_NC-LUBRICATOR_tuesday,0,OPTIMAL
1442292,NC-LUBRICATOR,wednesday,x_1442292_NC-LUBRICATOR_wednesday,0,OPTIMAL
1442317,NC-E/I,friday,x_1442317_NC-E/I_friday,0,OPTIMAL
1442317,NC-E/I,monday,x_1442317_NC-E/I_monday,0,OPTIMAL
1442317,NC-E/I,saturday,x_1442317_NC-E/I_saturday,0,OPTIMAL
1442317,NC-E/I,sunday,x_1442317_NC-E/I_sunday,0,OPTIMAL
1442317,NC-E/I,thursday,x_1442317_NC-E/I_thursday,1,OPTIMAL
1442317,NC-E/I,tuesday,x_1442317_NC-E/I_tuesday,0,OPTIMAL
1442317,NC-E/I,wednesday,x_1442317_NC-E/I_wednesday,0,OPTIMAL
1442366,NC-E/I,friday,x_1442366_NC-E/I_friday,1,OPTIMAL
1442366,NC-E/I,monday,x_1442366_NC-E/I_monday,0,OPTIMAL
1442366,NC-E/I,saturday,x_1442366_NC-E/I_saturday,0,OPTIMAL
1442366,NC-E/I,sunday,x_1442366_NC-E/I_sunday,0,OPTIMAL
1442366,NC-E/I,thursday,x_1442366_NC-E/I_thursday,0,OPTIMAL
1442366,NC-E/I,tuesday,x_1442366_NC-E/I_tuesday,0,OPTIMAL
1442366,NC-E/I,wednesday,x_1442366_NC-E/I_wednesday,0,OPTIMAL
1442367,NC-LUBRICATOR,friday,x_1442367_NC-LUBRICATOR_friday,0,OPTIMAL
1442367,NC-LUBRICATOR,monday,x_1442367_NC-LUBRICATOR_monday,0,OPTIMAL
1442367,NC-LUBRICATOR,thursday,x_1442367_NC-LUBRICATOR_thursday,1,OPTIMAL
1442367,NC-LUBRICATOR,tuesday,x_1442367_NC-LUBRICATOR_tuesday,0,OPTIMAL
1442367,NC-LUBRICATOR,wednesday,x_1442367_NC-LUBRICATOR_wednesday,0,OPTIMAL
1442620,NC-LUBRICATOR,friday,x_1442620_NC-LUBRICATOR_friday,0,OPTIMAL
1442620,NC-LUBRICATOR,monday,x_1442620_NC-LUBRICATOR_monday,0,OPTIMAL
1442620,NC-LUBRICATOR,thursday,x_1442620_NC-LUBRICATOR_thursday,0,OPTIMAL
1442620,NC-LUBRICATOR,tuesday,x_1442620_NC-LUBRICATOR_tuesday,1,OPTIMAL
1442620,NC-LUBRICATOR,wednesday,x_1442620_NC-LUBRICATOR_wednesday,0,OPTIMAL
1442621,NC-LUBRICATOR,friday,x_1442621_NC-LUBRICATOR_friday,0,OPTIMAL
1442621,NC-LUBRICATOR,monday,x_1442621_NC-LUBRICATOR_monday,0,OPTIMAL
1442621,NC-LUBRICATOR,thursday,x_1442621_NC-LUBRICATOR_thursday,0,OPTIMAL
1442621,NC-LUBRICATOR,tuesday,x_1442621_NC-LUBRICATOR_tuesday,0,OPTIMAL
1442621,NC-LUBRICATOR,wednesday,x_1442621_NC-LUBRICATOR_wednesday,1,OPTIMAL
1442626,NC-LUBRICATOR,friday,x_1442626_NC-LUBRICATOR_friday,0,OPTIMAL
1442626,NC-LUBRICATOR,monday,x_1442626_NC-LUBRICATOR_monday,1,OPTIMAL
1442626,NC-LUBRICATOR,thursday,x_1442626_NC-LUBRICATOR_thursday,0,OPTIMAL
1442626,NC-LUBRICATOR,tuesday,x_1442626_NC-LUBRICATOR_tuesday,0,OPTIMAL
1442626,NC-LUBRICATOR,wednesday,x_1442626_NC-LUBRICATOR_wednesday,0,OPTIMAL
1442627,NC-LUBRICATOR,friday,x_1442627_NC-LUBRICATOR_friday,0,OPTIMAL
1442627,NC-LUBRICATOR,monday,x_1442627_NC-LUBRICATOR_monday,0,OPTIMAL
1442627,NC-LUBRICATOR,thursday,x_1442627_NC-LUBRICATOR_thursday,0,OPTIMAL
1442627,NC-LUBRICATOR,tuesday,x_1442627_NC-LUBRICATOR_tuesday,1,OPTIMAL
1442627,NC-LUBRICATOR,wednesday,x_1442627_NC-LUBRICATOR_wednesday,0,OPTIMAL
1442842,NC-MECHANIC EXE,friday,x_1442842_NC-MECHANIC EXE_friday,0,OPTIMAL
1442842,NC-MECHANIC EXE,monday,x_1442842_NC-MECHANIC EXE_monday,0,OPTIMAL
1442842,NC-MECHANIC EXE,thursday,x_1442842_NC-MECHANIC EXE_thursday,0,OPTIMAL
1442842,NC-MECHANIC EXE,tuesday,x_1442842_NC-MECHANIC EXE_tuesday,0,OPTIMAL
1442842,NC-MECHANIC EXE,wednesday,x_1442842_NC-MECHANIC EXE_wednesday,0,OPTIMAL
1442843,NC-MECHANIC EXE,friday,x_1442843_NC-MECHANIC EXE_friday,0,OPTIMAL
1442843,NC-MECHANIC EXE,monday,x_1442843_NC-MECHANIC EXE_monday,0,OPTIMAL
1442843,NC-MECHANIC EXE,thursday,x_1442843_NC-MECHANIC EXE_thursday,0,OPTIMAL
1442843,NC-MECHANIC EXE,tuesday,x_1442843_NC-MECHANIC EXE_tuesday,0,OPTIMAL
1442843,NC-MECHANIC EXE,wednesday,x_1442843_NC-MECHANIC EXE_wednesday,0,OPTIMAL
1442845,NC-MECHANIC EXE,friday,x_1442845_NC-MECHANIC EXE_friday,1,OPTIMAL
1442845,NC-MECHANIC EXE,monday,x_1442845_NC-MECHANIC EXE_monday,0,OPTIMAL
1442845,NC-MECHANIC EXE,thursday,x_1442845_NC-MECHANIC EXE_thursday,0,OPTIMAL
1442845,NC-MECHANIC EXE,tuesday,x_1442845_NC-MECHANIC EXE_tuesday,0,OPTIMAL
1442845,NC-MECHANIC EXE,wednesday,x_1442845_NC-MECHANIC EXE_wednesday,0,OPTIMAL
1442846,NC-MECHANIC EXE,friday,x_1442846_NC-MECHANIC EXE_friday,0,OPTIMAL
1442846,NC-MECHANIC EXE,monday,x_1442846_NC-MECHANIC EXE_monday,0,OPTIMAL
1442846,NC-MECHANIC EXE,thursday,x_1442846_NC-MECHANIC EXE_thursday,0,OPTIMAL
1442846,NC-MECHANIC EXE,tuesday,x_1442846_NC-MECHANIC EXE_tuesday,0,OPTIMAL
1442846,NC-MECHANIC EXE,wednesday,x_1442846_NC-MECHANIC EXE_wednesday,1,OPTIMAL
1442847,NC-MECHANIC EXE,friday,x_1442847_NC-MECHANIC EXE_friday,1,OPTIMAL
1442847,NC-MECHANIC EXE,monday,x_1442847_NC-MECHANIC EXE_monday,0,OPTIMAL
1442847,NC-MECHANIC EXE,thursday,x_1442847_NC-MECHANIC EXE_thursday,0,OPTIMAL
1442847,NC-MECHANIC EXE,tuesday,x_1442847_NC-MECHANIC EXE_tuesday,0,OPTIMAL
1442847,NC-MECHANIC EXE,wednesday,x_1442847_NC-MECHANIC EXE_wednesday,0,OPTIMAL
1442871,NC-E/I,friday,x_1442871_NC-E/I_friday,0,OPTIMAL
1442871,NC-E/I,monday,x_1442871_NC-E/I_monday,0,OPTIMAL
1442871,NC-E/I,saturday,x_1442871_NC-E/I_saturday,0,OPTIMAL
1442871,NC-E/I,sunday,x_1442871_NC-E/I_sunday,0,OPTIMAL
1442871,NC-E/I,thursday,x_1442871_NC-E/I_thursday,0,OPTIMAL
1442871,NC-E/I,tuesday,x_1442871_NC-E/I_tuesday,0,OPTIMAL
1442871,NC-E/I,wednesday,x_1442871_NC-E/I_wednesday,1,OPTIMAL
1442882,NC-REBUILD,friday,x_1442882_NC-REBUILD_friday,0,OPTIMAL
1442882,NC-REBUILD,monday,x_1442882_NC-REBUILD_monday,0,OPTIMAL
1442882,NC-REBUILD,thursday,x_1442882_NC-REBUILD_thursday,0,OPTIMAL
1442882,NC-REBUILD,tuesday,x_1442882_NC-REBUILD_tuesday,1,OPTIMAL
1442882,NC-REBUILD,wednesday,x_1442882_NC-REBUILD_wednesday,0,OPTIMAL
1442883,NC-REBUILD,friday,x_1442883_NC-REBUILD_friday,0,OPTIMAL
1442883,NC-REBUILD,monday,x_1442883_NC-REBUILD_monday,0,OPTIMAL
1442883,NC-REBUILD,thursday,x_1442883_NC-REBUILD_thursday,0,OPTIMAL
1442883,NC-REBUILD,tuesday,x_1442883_NC-REBUILD_tuesday,0,OPTIMAL
1442883,NC-REBUILD,wednesday,x_1442883_NC-REBUILD_wednesday,1,OPTIMAL
1442901,NC-E/I,friday,x_1442901_NC-E/I_friday,0,OPTIMAL
1442901,NC-E/I,monday,x_1442901_NC-E/I_monday,0,OPTIMAL
1442901,NC-E/I,saturday,x_1442901_NC-E/I_saturday,0,OPTIMAL
1442901,NC-E/I,sunday,x_1442901_NC-E/I_sunday,0,OPTIMAL
1442901,NC-E/I,thursday,x_1442901_NC-E/I_thursday,0,OPTIMAL
1442901,NC-E/I,tuesday,x_1442901_NC-E/I_tuesday,1,OPTIMAL
1442901,NC-E/I,wednesday,x_1442901_NC-E/I_wednesday,0,OPTIMAL
1442916,NC-LUBRICATOR,friday,x_1442916_NC-LUBRICATOR_friday,0,OPTIMAL
1442916,NC-LUBRICATOR,monday,x_1442916_NC-LUBRICATOR_monday,0,OPTIMAL
1442916,NC-LUBRICATOR,thursday,x_1442916_NC-LUBRICATOR_thursday,0,OPTIMAL
1442916,NC-LUBRICATOR,tuesday,x_1442916_NC-LUBRICATOR_tuesday,0,OPTIMAL
1442916,NC-LUBRICATOR,wednesday,x_1442916_NC-LUBRICATOR_wednesday,0,OPTIMAL
1442948,NC-EQUIPMENT,friday,x_1442948_NC-EQUIPMENT_friday,0,OPTIMAL
1442948,NC-EQUIPMENT,monday,x_1442948_NC-EQUIPMENT_monday,0,OPTIMAL
1442948,NC-EQUIPMENT,thursday,x_1442948_NC-EQUIPMENT_thursday,0,OPTIMAL
1442948,NC-EQUIPMENT,tuesday,x_1442948_NC-EQUIPMENT_tuesday,1,OPTIMAL
1442948,NC-EQUIPMENT,wednesday,x_1442948_NC-EQUIPMENT_wednesday,0,OPTIMAL
1442950,NC-E/I,friday,x_1442950_NC-E/I_friday,0,OPTIMAL
1442950,NC-E/I,monday,x_1442950_NC-E/I_monday,1,OPTIMAL
1442950,NC-E/I,saturday,x_1442950_NC-E/I_saturday,0,OPTIMAL
1442950,NC-E/I,sunday,x_1442950_NC-E/I_sunday,0,OPTIMAL
1442950,NC-E/I,thursday,x_1442950_NC-E/I_thursday,0,OPTIMAL
1442950,NC-E/I,tuesday,x_1442950_NC-E/I_tuesday,0,OPTIMAL
1442950,NC-E/I,wednesday,x_1442950_NC-E/I_wednesday,0,OPTIMAL
1442969,NC-E/I,friday,x_1442969_NC-E/I_friday,0,OPTIMAL
1442969,NC-E/I,monday,x_1442969_NC-E/I_monday,0,OPTIMAL
1442969,NC-E/I,saturday,x_1442969_NC-E/I_saturday,0,OPTIMAL
1442969,NC-E/I,sunday,x_1442969_NC-E/I_sunday,0,OPTIMAL
1442969,NC-E/I,thursday,x_1442969_NC-E/I_thursday,1,OPTIMAL
1442969,NC-E/I,tuesday,x_1442969_NC-E/I_tuesday,0,OPTIMAL
1442969,NC-E/I,wednesday,x_1442969_NC-E/I_wednesday,0,OPTIMAL
1443005,NC-MECHANIC EXE,friday,x_1443005_NC-MECHANIC EXE_friday,0,OPTIMAL
1443005,NC-MECHANIC EXE,monday,x_1443005_NC-MECHANIC EXE_monday,0,OPTIMAL
1443005,NC-MECHANIC EXE,thursday,x_1443005_NC-MECHANIC EXE_thursday,0,OPTIMAL
1443005,NC-MECHANIC EXE,tuesday,x_1443005_NC-MECHANIC EXE_tuesday,0,OPTIMAL
1443005,NC-MECHANIC EXE,wednesday,x_1443005_NC-MECHANIC EXE_wednesday,0,OPTIMAL
1443872,NC-EQUIPMENT,friday,x_1443872_NC-EQUIPMENT_friday,0,OPTIMAL
1443872,NC-EQUIPMENT,monday,x_1443872_NC-EQUIPMENT_monday,1,OPTIMAL
1443872,NC-EQUIPMENT,thursday,x_1443872_NC-EQUIPMENT_thursday,0,OPTIMAL
1443872,NC-EQUIPMENT,tuesday,x_1443872_NC-EQUIPMENT_tuesday,0,OPTIMAL
1443872,NC-EQUIPMENT,wednesday,x_1443872_NC-EQUIPMENT_wednesday,0,OPTIMAL
1444005,NC-E/I,friday,x_1444005_NC-E/I_friday,0,OPTIMAL
1444005,NC-E/I,monday,x_1444005_NC-E/I_monday,0,OPTIMAL
1444005,NC-E/I,saturday,x_1444005_NC-E/I_saturday,0,OPTIMAL
1444005,NC-E/I,sunday,x_1444005_NC-E/I_sunday,0,OPTIMAL
1444005,NC-E/I,thursday,x_1444005_NC-E/I_thursday,0,OPTIMAL
1444005,NC-E/I,tuesday,x_1444005_NC-E/I_tuesday,1,OPTIMAL
1444005,NC-E/I,wednesday,x_1444005_NC-E/I_wednesday,0,OPTIMAL
1444006,NC-EQUIPMENT,friday,x_1444006_NC-EQUIPMENT_friday,0,OPTIMAL
1444006,NC-EQUIPMENT,monday,x_1444006_NC-EQUIPMENT_monday,0,OPTIMAL
1444006,NC-EQUIPMENT,thursday,x_1444006_NC-EQUIPMENT_thursday,0,OPTIMAL
1444006,NC-EQUIPMENT,tuesday,x_1444006_NC-EQUIPMENT_tuesday,0,OPTIMAL
1444006,NC-EQUIPMENT,wednesday,x_1444006_NC-EQUIPMENT_wednesday,1,OPTIMAL
1444517,NC-LUBRICATOR,friday,x_1444517_NC-LUBRICATOR_friday,0,OPTIMAL
1444517,NC-LUBRICATOR,monday,x_1444517_NC-LUBRICATOR_monday,0,OPTIMAL
1444517,NC-LUBRICATOR,thursday,x_1444517_NC-LUBRICATOR_thursday,0,OPTIMAL
1444517,NC-LUBRICATOR,tuesday,x_1444517_NC-LUBRICATOR_tuesday,0,OPTIMAL
1444517,NC-LUBRICATOR,wednesday,x_1444517_NC-LUBRICATOR_wednesday,0,OPTIMAL
1444528,NC-MECHANIC EXE,friday,x_1444528_NC-MECHANIC EXE_friday,0,OPTIMAL
1444528,NC-MECHANIC EXE,monday,x_1444528_NC-MECHANIC EXE_monday,0,OPTIMAL
1444528,NC-MECHANIC EXE,thursday,x_1444528_NC-MECHANIC EXE_thursday,0,OPTIMAL
1444528,NC-MECHANIC EXE,tuesday,x_1444528_NC-MECHANIC EXE_tuesday,0,OPTIMAL
1444528,NC-MECHANIC EXE,wednesday,x_1444528_NC-MECHANIC EXE_wednesday,0,OPTIMAL
1444880,NC-E/I,friday,x_1444880_NC-E/I_friday,0,OPTIMAL
1444880,NC-E/I,monday,x_1444880_NC-E/I_monday,1,OPTIMAL
1444880,NC-E/I,saturday,x_1444880_NC-E/I_saturday,0,OPTIMAL
1444880,NC-E/I,sunday,x_1444880_NC-E/I_sunday,0,OPTIMAL
1444880,NC-E/I,thursday,x_1444880_NC-E/I_thursday,0,OPTIMAL
1444880,NC-E/I,tuesday,x_1444880_NC-E/I_tuesday,0,OPTIMAL
1444880,NC-E/I,wednesday,x_1444880_NC-E/I_wednesday,0,OPTIMAL
1444954,NC-EQUIPMENT,friday,x_1444954_NC-EQUIPMENT_friday,0,OPTIMAL
1444954,NC-EQUIPMENT,monday,x_1444954_NC-EQUIPMENT_monday,0,OPTIMAL
1444954,NC-EQUIPMENT,thursday,x_1444954_NC-EQUIPMENT_thursday,0,OPTIMAL
1444954,NC-EQUIPMENT,tuesday,x_1444954_NC-EQUIPMENT_tuesday,0,OPTIMAL
1444954,NC-EQUIPMENT,wednesday,x_1444954_NC-EQUIPMENT_wednesday,1,OPTIMAL
1444984,NC-E/I,friday,x_1444984_NC-E/I_friday,0,OPTIMAL
1444984,NC-E/I,monday,x_1444984_NC-E/I_monday,1,OPTIMAL
1444984,NC-E/I,saturday,x_1444984_NC-E/I_saturday,0,OPTIMAL
1444984,NC-E/I,sunday,x_1444984_NC-E/I_sunday,0,OPTIMAL
1444984,NC-E/I,thursday,x_1444984_NC-E/I_thursday,0,OPTIMAL
1444984,NC-E/I,tuesday,x_1444984_NC-E/I_tuesday,0,OPTIMAL
1444984,NC-E/I,wednesday,x_1444984_NC-E/I_wednesday,0,OPTIMAL
1445092,NC-MECHANIC EXE,friday,x_1445092_NC-MECHANIC EXE_friday,0,OPTIMAL
1445092,NC-MECHANIC EXE,monday,x_1445092_NC-MECHANIC EXE_monday,1,OPTIMAL
1445092,NC-MECHANIC EXE,thursday,x_1445092_NC-MECHANIC EXE_thursday,0,OPTIMAL
1445092,NC-MECHANIC EXE,tuesday,x_1445092_NC-MECHANIC EXE_tuesday,0,OPTIMAL
1445092,NC-MECHANIC EXE,wednesday,x_1445092_NC-MECHANIC EXE_wednesday,0,OPTIMAL
1446090,NC-EQUIPMENT,friday,x_1446090_NC-EQUIPMENT_friday,0,OPTIMAL
1446090,NC-EQUIPMENT,monday,x_1446090_NC-EQUIPMENT_monday,1,OPTIMAL
1446090,NC-EQUIPMENT,thursday,x_1446090_NC-EQUIPMENT_thursday,0,OPTIMAL
1446090,NC-EQUIPMENT,tuesday,x_1446090_NC-EQUIPMENT_tuesday,0,OPTIMAL
1446090,NC-EQUIPMENT,wednesday,x_1446090_NC-EQUIPMENT_wednesday,0,OPTIMAL
1446160,NC-MECHANIC EXE,friday,x_1446160_NC-MECHANIC EXE_friday,0,OPTIMAL
1446160,NC-MECHANIC EXE,monday,x_1446160_NC-MECHANIC EXE_monday,0,OPTIMAL
1446160,NC-MECHANIC EXE,thursday,x_1446160_NC-MECHANIC EXE_thursday,0,OPTIMAL
1446160,NC-MECHANIC EXE,tuesday,x_1446160_NC-MECHANIC EXE_tuesday,0,OPTIMAL
1446160,NC-MECHANIC EXE,wednesday,x_1446160_NC-MECHANIC EXE_wednesday,0,OPTIMAL
1446161,NC-MECHANIC EXE,friday,x_1446161_NC-MECHANIC EXE_friday,0,OPTIMAL
1446161,NC-MECHANIC EXE,monday,x_1446161_NC-MECHANIC EXE_monday,0,OPTIMAL
1446161,NC-MECHANIC EXE,thursday,x_1446161_NC-MECHANIC EXE_thursday,0,OPTIMAL
1446161,NC-MECHANIC EXE,tuesday,x_1446161_NC-MECHANIC EXE_tuesday,0,OPTIMAL
1446161,NC-MECHANIC EXE,wednesday,x_1446161_NC-MECHANIC EXE_wednesday,0,OPTIMAL
1446203,NC-E/I,friday,x_1446203_NC-E/I_friday,1,OPTIMAL
1446203,NC-E/I,monday,x_1446203_NC-E/I_monday,0,OPTIMAL
1446203,NC-E/I,saturday,x_1446203_NC-E/I_saturday,0,OPTIMAL
1446203,NC-E/I,sunday,x_1446203_NC-E/I_sunday,0,OPTIMAL
1446203,NC-E/I,thursday,x_1446203_NC-E/I_thursday,0,OPTIMAL
1446203,NC-E/I,tuesday,x_1446203_NC-E/I_tuesday,0,OPTIMAL
1446203,NC-E/I,wednesday,x_1446203_NC-E/I_wednesday,0,OPTIMAL
1446204,NC-E/I,friday,x_1446204_NC-E/I_friday,0,OPTIMAL
1446204,NC-E/I,monday,x_1446204_NC-E/I_monday,0,OPTIMAL
1446204,NC-E/I,saturday,x_1446204_NC-E/I_saturday,0,OPTIMAL
1446204,NC-E/I,sunday,x_1446204_NC-E/I_sunday,0,OPTIMAL
1446204,NC-E/I,thursday,x_1446204_NC-E/I_thursday,0,OPTIMAL
1446204,NC-E/I,tuesday,x_1446204_NC-E/I_tuesday,0,OPTIMAL
1446204,NC-E/I,wednesday,x_1446204_NC-E/I_wednesday,0,OPTIMAL
1446253,NC-E/I,friday,x_1446253_NC-E/I_friday,0,OPTIMAL
1446253,NC-E/I,monday,x_1446253_NC-E/I_monday,0,OPTIMAL
1446253,NC-E/I,saturday,x_1446253_NC-E/I_saturday,1,OPTIMAL
1446253,NC-E/I,sunday,x_1446253_NC-E/I_sunday,0,OPTIMAL
1446253,NC-E/I,thursday,x_1446253_NC-E/I_thursday,0,OPTIMAL
1446253,NC-E/I,tuesday,x_1446253_NC-E/I_tuesday,0,OPTIMAL
1446253,NC-E/I,wednesday,x_1446253_NC-E/I_wednesday,0,OPTIMAL
1446273,NC-E/I,friday,x_1446273_NC-E/I_friday,0,OPTIMAL
1446273,NC-E/I,monday,x_1446273_NC-E/I_monday,1,OPTIMAL
1446273,NC-E/I,saturday,x_1446273_NC-E/I_saturday,0,OPTIMAL
1446273,NC-E/I,sunday,x_1446273_NC-E/I_sunday,0,OPTIMAL
1446273,NC-E/I,thursday,x_1446273_NC-E/I_thursday,0,OPTIMAL
1446273,NC-E/I,tuesday,x_1446273_NC-E/I_tuesday,0,OPTIMAL
1446273,NC-E/I,wednesday,x_1446273_NC-E/I_wednesday,0,OPTIMAL
1446276,NC-E/I,friday,x_1446276_NC-E/I_friday,0,OPTIMAL
1446276,NC-E/I,monday,x_1446276_NC-E/I_monday,0,OPTIMAL
1446276,NC-E/I,saturday,x_1446276_NC-E/I_saturday,0,OPTIMAL
1446276,NC-E/I,sunday,x_1446276_NC-E/I_sunday,0,OPTIMAL
1446276,NC-E/I,thursday,x_1446276_NC-E/I_thursday,1,OPTIMAL
1446276,NC-E/I,tuesday,x_1446276_NC-E/I_tuesday,0,OPTIMAL
1446276,NC-E/I,wednesday,x_1446276_NC-E/I_wednesday,0,OPTIMAL
1446277,NC-MECHANIC EXE,friday,x_1446277_NC-MECHANIC EXE_friday,0,OPTIMAL
1446277,NC-MECHANIC EXE,monday,x_1446277_NC-MECHANIC EXE_monday,0,OPTIMAL
1446277,NC-MECHANIC EXE,thursday,x_1446277_NC-MECHANIC EXE_thursday,0,OPTIMAL
1446277,NC-MECHANIC EXE,tuesday,x_1446277_NC-MECHANIC EXE_tuesday,0,OPTIMAL
1446277,NC-MECHANIC EXE,wednesday,x_1446277_NC-MECHANIC EXE_wednesday,0,OPTIMAL
1446278,NC-MECHANIC EXE,friday,x_1446278_NC-MECHANIC EXE_friday,0,OPTIMAL
1446278,NC-MECHANIC EXE,monday,x_1446278_NC-MECHANIC EXE_monday,0,OPTIMAL
1446278,NC-MECHANIC EXE,thursday,x_1446278_NC-MECHANIC EXE_thursday,0,OPTIMAL
1446278,NC-MECHANIC EXE,tuesday,x_1446278_NC-MECHANIC EXE_tuesday,0,OPTIMAL
1446278,NC-MECHANIC EXE,wednesday,x_1446278_NC-MECHANIC EXE_wednesday,0,OPTIMAL
1446295,NC-REBUILD,friday,x_1446295_NC-REBUILD_friday,0,OPTIMAL
1446295,NC-REBUILD,monday,x_1446295_NC-REBUILD_monday,1,OPTIMAL
1446295,NC-REBUILD,thursday,x_1446295_NC-REBUILD_thursday,0,OPTIMAL
1446295,NC-REBUILD,tuesday,x_1446295_NC-REBUILD_tuesday,0,OPTIMAL
1446295,NC-REBUILD,wednesday,x_1446295_NC-REBUILD_wednesday,0,OPTIMAL
1446322,NC-E/I,friday,x_1446322_NC-E/I_friday,0,OPTIMAL
1446322,NC-E/I,monday,x_1446322_NC-E/I_monday,0,OPTIMAL
1446322,NC-E/I,saturday,x_1446322_NC-E/I_saturday,0,OPTIMAL
1446322,NC-E/I,sunday,x_1446322_NC-E/I_sunday,0,OPTIMAL
1446322,NC-E/I,thursday,x_1446322_NC-E/I_thursday,1,OPTIMAL
1446322,NC-E/I,tuesday,x_1446322_NC-E/I_tuesday,0,OPTIMAL
1446322,NC-E/I,wednesday,x_1446322_NC-E/I_wednesday,0,OPTIMAL
1447244,NC-MECHANIC EXE,friday,x_1447244_NC-MECHANIC EXE_friday,0,OPTIMAL
1447244,NC-MECHANIC EXE,monday,x_1447244_NC-MECHANIC EXE_monday,0,OPTIMAL
1447244,NC-MECHANIC EXE,thursday,x_1447244_NC-MECHANIC EXE_thursday,0,OPTIMAL
1447244,NC-MECHANIC EXE,tuesday,x_1447244_NC-MECHANIC EXE_tuesday,0,OPTIMAL
1447244,NC-MECHANIC EXE,wednesday,x_1447244_NC-MECHANIC EXE_wednesday,0,OPTIMAL
1447258,NC-MECHANIC EXE,friday,x_1447258_NC-MECHANIC EXE_friday,0,OPTIMAL
1447258,NC-MECHANIC EXE,monday,x_1447258_NC-MECHANIC EXE_monday,0,OPTIMAL
1447258,NC-MECHANIC EXE,thursday,x_1447258_NC-MECHANIC EXE_thursday,1,OPTIMAL
1447258,NC-MECHANIC EXE,tuesday,x_1447258_NC-MECHANIC EXE_tuesday,0,OPTIMAL
1447258,NC-MECHANIC EXE,wednesday,x_1447258_NC-MECHANIC EXE_wednesday,0,OPTIMAL
1447298,NC-MECHANIC EXE,friday,x_1447298_NC-MECHANIC EXE_friday,0,OPTIMAL
1447298,NC-MECHANIC EXE,monday,x_1447298_NC-MECHANIC EXE_monday,0,OPTIMAL
1447298,NC-MECHANIC EXE,thursday,x_1447298_NC-MECHANIC EXE_thursday,0,OPTIMAL
1447298,NC-MECHANIC EXE,tuesday,x_1447298_NC-MECHANIC EXE_tuesday,0,OPTIMAL
1447298,NC-MECHANIC EXE,wednesday,x_1447298_NC-MECHANIC EXE_wednesday,0,OPTIMAL
1447300,NC-MECHANIC EXE,friday,x_1447300_NC-MECHANIC EXE_friday,0,OPTIMAL
1447300,NC-MECHANIC EXE,monday,x_1447300_NC-MECHANIC EXE_monday,0,OPTIMAL
1447300,NC-MECHANIC EXE,thursday,x_1447300_NC-MECHANIC EXE_thursday,0,OPTIMAL
1447300,NC-MECHANIC EXE,tuesday,x_1447300_NC-MECHANIC EXE_tuesday,0,OPTIMAL
1447300,NC-MECHANIC EXE,wednesday,x_1447300_NC-MECHANIC EXE_wednesday,0,OPTIMAL
1447305,NC-MECHANIC EXE,friday,x_1447305_NC-MECHANIC EXE_friday,0,OPTIMAL
1447305,NC-MECHANIC EXE,monday,x_1447305_NC-MECHANIC EXE_monday,0,OPTIMAL
1447305,NC-MECHANIC EXE,thursday,x_1447305_NC-MECHANIC EXE_thursday,0,OPTIMAL
1447305,NC-MECHANIC EXE,tuesday,x_1447305_NC-MECHANIC EXE_tuesday,0,OPTIMAL
1447305,NC-MECHANIC EXE,wednesday,x_1447305_NC-MECHANIC EXE_wednesday,0,OPTIMAL
1447324,NC-MECHANIC EXE,friday,x_1447324_NC-MECHANIC EXE_friday,0,OPTIMAL
1447324,NC-MECHANIC EXE,monday,x_1447324_NC-MECHANIC EXE_monday,0,OPTIMAL
1447324,NC-MECHANIC EXE,thursday,x_1447324_NC-MECHANIC EXE_thursday,0,OPTIMAL
1447324,NC-MECHANIC EXE,tuesday,x_1447324_NC-MECHANIC EXE_tuesday,0,OPTIMAL
1447324,NC-MECHANIC EXE,wednesday,x_1447324_NC-MECHANIC EXE_wednesday,0,OPTIMAL
1447328,NC-REBUILD,friday,x_1447328_NC-REBUILD_friday,0,OPTIMAL
1447328,NC-REBUILD,monday,x_1447328_NC-REBUILD_monday,0,OPTIMAL
1447328,NC-REBUILD,thursday,x_1447328_NC-REBUILD_thursday,0,OPTIMAL
1447328,NC-REBUILD,tuesday,x_1447328_NC-REBUILD_tuesday,0,OPTIMAL
1447328,NC-REBUILD,wednesday,x_1447328_NC-REBUILD_wednesday,0,OPTIMAL
1447329,NC-MECHANIC EXE,friday,x_1447329_NC-MECHANIC EXE_friday,0,OPTIMAL
1447329,NC-MECHANIC EXE,monday,x_1447329_NC-MECHANIC EXE_monday,0,OPTIMAL
1447329,NC-MECHANIC EXE,thursday,x_1447329_NC-MECHANIC EXE_thursday,0,OPTIMAL
1447329,NC-MECHANIC EXE,tuesday,x_1447329_NC-MECHANIC EXE_tuesday,0,OPTIMAL
1447329,NC-MECHANIC EXE,wednesday,x_1447329_NC-MECHANIC EXE_wednesday,0,OPTIMAL
1447336,NC-REBUILD,friday,x_1447336_NC-REBUILD_friday,0,OPTIMAL
1447336,NC-REBUILD,monday,x_1447336_NC-REBUILD_monday,0,OPTIMAL
1447336,NC-REBUILD,thursday,x_1447336_NC-REBUILD_thursday,0,OPTIMAL
1447336,NC-REBUILD,tuesday,x_1447336_NC-REBUILD_tuesday,0,OPTIMAL
1447336,NC-REBUILD,wednesday,x_1447336_NC-REBUILD_wednesday,1,OPTIMAL
1447396,NC-MECHANIC EXE,friday,x_1447396_NC-MECHANIC EXE_friday,0,OPTIMAL
1447396,NC-MECHANIC EXE,monday,x_1447396_NC-MECHANIC EXE_monday,0,OPTIMAL
1447396,NC-MECHANIC EXE,thursday,x_1447396_NC-MECHANIC EXE_thursday,0,OPTIMAL
1447396,NC-MECHANIC EXE,tuesday,x_1447396_NC-MECHANIC EXE_tuesday,0,OPTIMAL
1447396,NC-MECHANIC EXE,wednesday,x_1447396_NC-MECHANIC EXE_wednesday,0,OPTIMAL
1447453,NC-E/I,friday,x_1447453_NC-E/I_friday,0,OPTIMAL
1447453,NC-E/I,monday,x_1447453_NC-E/I_monday,0,OPTIMAL
1447453,NC-E/I,saturday,x_1447453_NC-E/I_saturday,0,OPTIMAL
1447453,NC-E/I,sunday,x_1447453_NC-E/I_sunday,0,OPTIMAL
1447453,NC-E/I,thursday,x_1447453_NC-E/I_thursday,0,OPTIMAL
1447453,NC-E/I,tuesday,x_1447453_NC-E/I_tuesday,0,OPTIMAL
1447453,NC-E/I,wednesday,x_1447453_NC-E/I_wednesday,1,OPTIMAL
1447469,NC-EQUIPMENT,friday,x_1447469_NC-EQUIPMENT_friday,0,OPTIMAL
1447469,NC-EQUIPMENT,monday,x_1447469_NC-EQUIPMENT_monday,0,OPTIMAL
1447469,NC-EQUIPMENT,thursday,x_1447469_NC-EQUIPMENT_thursday,0,OPTIMAL
1447469,NC-EQUIPMENT,tuesday,x_1447469_NC-EQUIPMENT_tuesday,1,OPTIMAL
1447469,NC-EQUIPMENT,wednesday,x_1447469_NC-EQUIPMENT_wednesday,0,OPTIMAL
1447506,NC-E/I,friday,x_1447506_NC-E/I_friday,0,OPTIMAL
1447506,NC-E/I,monday,x_1447506_NC-E/I_monday,0,OPTIMAL
1447506,NC-E/I,saturday,x_1447506_NC-E/I_saturday,0,OPTIMAL
1447506,NC-E/I,sunday,x_1447506_NC-E/I_sunday,0,OPTIMAL
1447506,NC-E/I,thursday,x_1447506_NC-E/I_thursday,0,OPTIMAL
1447506,NC-E/I,tuesday,x_1447506_NC-E/I_tuesday,0,OPTIMAL
1447506,NC-E/I,wednesday,x_1447506_NC-E/I_wednesday,1,OPTIMAL
1447536,NC-MECHANIC EXE,friday,x_1447536_NC-MECHANIC EXE_friday,0,OPTIMAL
1447536,NC-MECHANIC EXE,monday,x_1447536_NC-MECHANIC EXE_monday,0,OPTIMAL
1447536,NC-MECHANIC EXE,thursday,x_1447536_NC-MECHANIC EXE_thursday,0,OPTIMAL
1447536,NC-MECHANIC EXE,tuesday,x_1447536_NC-MECHANIC EXE_tuesday,0,OPTIMAL
1447536,NC-MECHANIC EXE,wednesday,x_1447536_NC-MECHANIC EXE_wednesday,0,OPTIMAL
1447542,NC-MECHANIC EXE,friday,x_1447542_NC-MECHANIC EXE_friday,0,OPTIMAL
1447542,NC-MECHANIC EXE,monday,x_1447542_NC-MECHANIC EXE_monday,1,OPTIMAL
1447542,NC-MECHANIC EXE,thursday,x_1447542_NC-MECHANIC EXE_thursday,0,OPTIMAL
1447542,NC-MECHANIC EXE,tuesday,x_1447542_NC-MECHANIC EXE_tuesday,0,OPTIMAL
1447542,NC-MECHANIC EXE,wednesday,x_1447542_NC-MECHANIC EXE_wednesday,0,OPTIMAL
1447544,NC-REBUILD,friday,x_1447544_NC-REBUILD_friday,1,OPTIMAL
1447544,NC-REBUILD,monday,x_1447544_NC-REBUILD_monday,0,OPTIMAL
1447544,NC-REBUILD,thursday,x_1447544_NC-REBUILD_thursday,0,OPTIMAL
1447544,NC-REBUILD,tuesday,x_1447544_NC-REBUILD_tuesday,0,OPTIMAL
1447544,NC-REBUILD,wednesday,x_1447544_NC-REBUILD_wednesday,0,OPTIMAL
1447569,NC-LUBRICATOR,friday,x_1447569_NC-LUBRICATOR_friday,0,OPTIMAL
1447569,NC-LUBRICATOR,monday,x_1447569_NC-LUBRICATOR_monday,1,OPTIMAL
1447569,NC-LUBRICATOR,thursday,x_1447569_NC-LUBRICATOR_thursday,0,OPTIMAL
1447569,NC-LUBRICATOR,tuesday,x_1447569_NC-LUBRICATOR_tuesday,0,OPTIMAL
1447569,NC-LUBRICATOR,wednesday,x_1447569_NC-LUBRICATOR_wednesday,0,OPTIMAL
1448054,NC-REBUILD,friday,x_1448054_NC-REBUILD_friday,0,OPTIMAL
1448054,NC-REBUILD,monday,x_1448054_NC-REBUILD_monday,0,OPTIMAL
1448054,NC-REBUILD,thursday,x_1448054_NC-REBUILD_thursday,1,OPTIMAL
1448054,NC-REBUILD,tuesday,x_1448054_NC-REBUILD_tuesday,0,OPTIMAL
1448054,NC-REBUILD,wednesday,x_1448054_NC-REBUILD_wednesday,0,OPTIMAL
1448081,NC-EQUIPMENT,friday,x_1448081_NC-EQUIPMENT_friday,1,OPTIMAL
1448081,NC-EQUIPMENT,monday,x_1448081_NC-EQUIPMENT_monday,0,OPTIMAL
1448081,NC-EQUIPMENT,thursday,x_1448081_NC-EQUIPMENT_thursday,0,OPTIMAL
1448081,NC-EQUIPMENT,tuesday,x_1448081_NC-EQUIPMENT_tuesday,0,OPTIMAL
1448081,NC-EQUIPMENT,wednesday,x_1448081_NC-EQUIPMENT_wednesday,0,OPTIMAL
1448084,NC-LUBRICATOR,friday,x_1448084_NC-LUBRICATOR_friday,0,OPTIMAL
1448084,NC-LUBRICATOR,monday,x_1448084_NC-LUBRICATOR_monday,0,OPTIMAL
1448084,NC-LUBRICATOR,thursday,x_1448084_NC-LUBRICATOR_thursday,0,OPTIMAL
1448084,NC-LUBRICATOR,tuesday,x_1448084_NC-LUBRICATOR_tuesday,1,OPTIMAL
1448084,NC-LUBRICATOR,wednesday,x_1448084_NC-LUBRICATOR_wednesday,0,OPTIMAL
1448462,NC-E/I,friday,x_1448462_NC-E/I_friday,0,OPTIMAL
1448462,NC-E/I,monday,x_1448462_NC-E/I_monday,0,OPTIMAL
1448462,NC-E/I,saturday,x_1448462_NC-E/I_saturday,0,OPTIMAL
1448462,NC-E/I,sunday,x_1448462_NC-E/I_sunday,0,OPTIMAL
1448462,NC-E/I,thursday,x_1448462_NC-E/I_thursday,0,OPTIMAL
1448462,NC-E/I,tuesday,x_1448462_NC-E/I_tuesday,0,OPTIMAL
1448462,NC-E/I,wednesday,x_1448462_NC-E/I_wednesday,0,OPTIMAL
1448469,NC-MECHANIC EXE,friday,x_1448469_NC-MECHANIC EXE_friday,0,OPTIMAL
1448469,NC-MECHANIC EXE,monday,x_1448469_NC-MECHANIC EXE_monday,0,OPTIMAL
1448469,NC-MECHANIC EXE,thursday,x_1448469_NC-MECHANIC EXE_thursday,0,OPTIMAL
1448469,NC-MECHANIC EXE,tuesday,x_1448469_NC-MECHANIC EXE_tuesday,0,OPTIMAL
1448469,NC-MECHANIC EXE,wednesday,x_1448469_NC-MECHANIC EXE_wednesday,0,OPTIMAL
1448470,NC-E/I,friday,x_1448470_NC-E/I_friday,1,OPTIMAL
1448470,NC-E/I,monday,x_1448470_NC-E/I_monday,0,OPTIMAL
1448470,NC-E/I,saturday,x_1448470_NC-E/I_saturday,0,OPTIMAL
1448470,NC-E/I,sunday,x_1448470_NC-E/I_sunday,0,OPTIMAL
1448470,NC-E/I,thursday,x_1448470_NC-E/I_thursday,0,OPTIMAL
1448470,NC-E/I,tuesday,x_1448470_NC-E/I_tuesday,0,OPTIMAL
1448470,NC-E/I,wednesday,x_1448470_NC-E/I_wednesday,0,OPTIMAL
1448480,NC-REBUILD,friday,x_1448480_NC-REBUILD_friday,0,OPTIMAL
1448480,NC-REBUILD,monday,x_1448480_NC-REBUILD_monday,0,OPTIMAL
1448480,NC-REBUILD,thursday,x_1448480_NC-REBUILD_thursday,0,OPTIMAL
1448480,NC-REBUILD,tuesday,x_1448480_NC-REBUILD_tuesday,0,OPTIMAL
1448480,NC-REBUILD,wednesday,x_1448480_NC-REBUILD_wednesday,0,OPTIMAL
1448482,NC-MECHANIC EXE,friday,x_1448482_NC-MECHANIC EXE_friday,0,OPTIMAL
1448482,NC-MECHANIC EXE,monday,x_1448482_NC-MECHANIC EXE_monday,0,OPTIMAL
1448482,NC-MECHANIC EXE,thursday,x_1448482_NC-MECHANIC EXE_thursday,0,OPTIMAL
1448482,NC-MECHANIC EXE,tuesday,x_1448482_NC-MECHANIC EXE_tuesday,0,OPTIMAL
1448482,NC-MECHANIC EXE,wednesday,x_1448482_NC-MECHANIC EXE_wednesday,0,OPTIMAL
1448622,NC-MECHANIC EXE,friday,x_1448622_NC-MECHANIC EXE_friday,0,OPTIMAL
1448622,NC-MECHANIC EXE,monday,x_1448622_NC-MECHANIC EXE_monday,0,OPTIMAL
1448622,NC-MECHANIC EXE,thursday,x_1448622_NC-MECHANIC EXE_thursday,0,OPTIMAL
1448622,NC-MECHANIC EXE,tuesday,x_1448622_NC-MECHANIC EXE_tuesday,0,OPTIMAL
1448622,NC-MECHANIC EXE,wednesday,x_1448622_NC-MECHANIC EXE_wednesday,0,OPTIMAL
1448643,NC-REBUILD,friday,x_1448643_NC-REBUILD_friday,0,OPTIMAL
1448643,NC-REBUILD,monday,x_1448643_NC-REBUILD_monday,0,OPTIMAL
1448643,NC-REBUILD,thursday,x_1448643_NC-REBUILD_thursday,0,OPTIMAL
1448643,NC-REBUILD,tuesday,x_1448643_NC-REBUILD_tuesday,1,OPTIMAL
1448643,NC-REBUILD,wednesday,x_1448643_NC-REBUILD_wednesday,0,OPTIMAL
1448665,NC-LUBRICATOR,friday,x_1448665_NC-LUBRICATOR_friday,0,OPTIMAL
1448665,NC-LUBRICATOR,monday,x_1448665_NC-LUBRICATOR_monday,0,OPTIMAL
1448665,NC-LUBRICATOR,thursday,x_1448665_NC-LUBRICATOR_thursday,0,OPTIMAL
1448665,NC-LUBRICATOR,tuesday,x_1448665_NC-LUBRICATOR_tuesday,0,OPTIMAL
1448665,NC-LUBRICATOR,wednesday,x_1448665_NC-LUBRICATOR_wednesday,0,OPTIMAL
1448667,NC-LUBRICATOR,friday,x_1448667_NC-LUBRICATOR_friday,0,OPTIMAL
1448667,NC-LUBRICATOR,monday,x_1448667_NC-LUBRICATOR_monday,0,OPTIMAL
1448667,NC-LUBRICATOR,thursday,x_1448667_NC-LUBRICATOR_thursday,1,OPTIMAL
1448667,NC-LUBRICATOR,tuesday,x_1448667_NC-LUBRICATOR_tuesday,0,OPTIMAL
1448667,NC-LUBRICATOR,wednesday,x_1448667_NC-LUBRICATOR_wednesday,0,OPTIMAL
1448676,NC-LUBRICATOR,friday,x_1448676_NC-LUBRICATOR_friday,0,OPTIMAL
1448676,NC-LUBRICATOR,monday,x_1448676_NC-LUBRICATOR_monday,0,OPTIMAL
1448676,NC-LUBRICATOR,thursday,x_1448676_NC-LUBRICATOR_thursday,1,OPTIMAL
1448676,NC-LUBRICATOR,tuesday,x_1448676_NC-LUBRICATOR_tuesday,0,OPTIMAL
1448676,NC-LUBRICATOR,wednesday,x_1448676_NC-LUBRICATOR_wednesday,0,OPTIMAL
1448677,NC-LUBRICATOR,friday,x_1448677_NC-LUBRICATOR_friday,0,OPTIMAL
1448677,NC-LUBRICATOR,monday,x_1448677_NC-LUBRICATOR_monday,0,OPTIMAL
1448677,NC-LUBRICATOR,thursday,x_1448677_NC-LUBRICATOR_thursday,0,OPTIMAL
1448677,NC-LUBRICATOR,tuesday,x_1448677_NC-LUBRICATOR_tuesday,0,OPTIMAL
1448677,NC-LUBRICATOR,wednesday,x_1448677_NC-LUBRICATOR_wednesday,1,OPTIMAL
1448702,NC-MECHANIC EXE,friday,x_1448702_NC-MECHANIC EXE_friday,1,OPTIMAL
1448702,NC-MECHANIC EXE,monday,x_1448702_NC-MECHANIC EXE_monday,0,OPTIMAL
1448702,NC-MECHANIC EXE,thursday,x_1448702_NC-MECHANIC EXE_thursday,0,OPTIMAL
1448702,NC-MECHANIC EXE,tuesday,x_1448702_NC-MECHANIC EXE_tuesday,0,OPTIMAL
1448702,NC-MECHANIC EXE,wednesday,x_1448702_NC-MECHANIC EXE_wednesday,0,OPTIMAL
1448703,NC-MECHANIC EXE,friday,x_1448703_NC-MECHANIC EXE_friday,0,OPTIMAL
1448703,NC-MECHANIC EXE,monday,x_1448703_NC-MECHANIC EXE_monday,0,OPTIMAL
1448703,NC-MECHANIC EXE,thursday,x_1448703_NC-MECHANIC EXE_thursday,0,OPTIMAL
1448703,NC-MECHANIC EXE,tuesday,x_1448703_NC-MECHANIC EXE_tuesday,0,OPTIMAL
1448703,NC-MECHANIC EXE,wednesday,x_1448703_NC-MECHANIC EXE_wednesday,0,OPTIMAL
1448706,NC-LUBRICATOR,friday,x_1448706_NC-LUBRICATOR_friday,0,OPTIMAL
1448706,NC-LUBRICATOR,monday,x_1448706_NC-LUBRICATOR_monday,1,OPTIMAL
1448706,NC-LUBRICATOR,thursday,x_1448706_NC-LUBRICATOR_thursday,0,OPTIMAL
1448706,NC-LUBRICATOR,tuesday,x_1448706_NC-LUBRICATOR_tuesday,0,OPTIMAL
1448706,NC-LUBRICATOR,wednesday,x_1448706_NC-LUBRICATOR_wednesday,0,OPTIMAL
1448711,NC-MECHANIC EXE,friday,x_1448711_NC-MECHANIC EXE_friday,0,OPTIMAL
1448711,NC-MECHANIC EXE,monday,x_1448711_NC-MECHANIC EXE_monday,0,OPTIMAL
1448711,NC-MECHANIC EXE,thursday,x_1448711_NC-MECHANIC EXE_thursday,0,OPTIMAL
1448711,NC-MECHANIC EXE,tuesday,x_1448711_NC-MECHANIC EXE_tuesday,0,OPTIMAL
1448711,NC-MECHANIC EXE,wednesday,x_1448711_NC-MECHANIC EXE_wednesday,0,OPTIMAL
1448714,NC-LUBRICATOR,friday,x_1448714_NC-LUBRICATOR_friday,0,OPTIMAL
1448714,NC-LUBRICATOR,monday,x_1448714_NC-LUBRICATOR_monday,1,OPTIMAL
1448714,NC-LUBRICATOR,thursday,x_1448714_NC-LUBRICATOR_thursday,0,OPTIMAL
1448714,NC-LUBRICATOR,tuesday,x_1448714_NC-LUBRICATOR_tuesday,0,OPTIMAL
1448714,NC-LUBRICATOR,wednesday,x_1448714_NC-LUBRICATOR_wednesday,0,OPTIMAL
1448719,NC-LUBRICATOR,friday,x_1448719_NC-LUBRICATOR_friday,0,OPTIMAL
1448719,NC-LUBRICATOR,monday,x_1448719_NC-LUBRICATOR_monday,0,OPTIMAL
1448719,NC-LUBRICATOR,thursday,x_1448719_NC-LUBRICATOR_thursday,0,OPTIMAL
1448719,NC-LUBRICATOR,tuesday,x_1448719_NC-LUBRICATOR_tuesday,0,OPTIMAL
1448719,NC-LUBRICATOR,wednesday,x_1448719_NC-LUBRICATOR_wednesday,1,OPTIMAL
1448781,NC-LUBRICATOR,friday,x_1448781_NC-LUBRICATOR_friday,0,OPTIMAL
1448781,NC-LUBRICATOR,monday,x_1448781_NC-LUBRICATOR_monday,0,OPTIMAL
1448781,NC-LUBRICATOR,thursday,x_1448781_NC-LUBRICATOR_thursday,0,OPTIMAL
1448781,NC-LUBRICATOR,tuesday,x_1448781_NC-LUBRICATOR_tuesday,0,OPTIMAL
1448781,NC-LUBRICATOR,wednesday,x_1448781_NC-LUBRICATOR_wednesday,1,OPTIMAL
1448783,NC-LUBRICATOR,friday,x_1448783_NC-LUBRICATOR_friday,0,OPTIMAL
1448783,NC-LUBRICATOR,monday,x_1448783_NC-LUBRICATOR_monday,0,OPTIMAL
1448783,NC-LUBRICATOR,thursday,x_1448783_NC-LUBRICATOR_thursday,0,OPTIMAL
1448783,NC-LUBRICATOR,tuesday,x_1448783_NC-LUBRICATOR_tuesday,0,OPTIMAL
1448783,NC-LUBRICATOR,wednesday,x_1448783_NC-LUBRICATOR_wednesday,0,OPTIMAL
1448794,NC-E/I,friday,x_1448794_NC-E/I_friday,0,OPTIMAL
1448794,NC-E/I,monday,x_1448794_NC-E/I_monday,0,OPTIMAL
1448794,NC-E/I,saturday,x_1448794_NC-E/I_saturday,0,OPTIMAL
1448794,NC-E/I,sunday,x_1448794_NC-E/I_sunday,0,OPTIMAL
1448794,NC-E/I,thursday,x_1448794_NC-E/I_thursday,0,OPTIMAL
1448794,NC-E/I,tuesday,x_1448794_NC-E/I_tuesday,0,OPTIMAL
1448794,NC-E/I,wednesday,x_1448794_NC-E/I_wednesday,0,OPTIMAL
1448804,NC-LUBRICATOR,friday,x_1448804_NC-LUBRICATOR_friday,1,OPTIMAL
1448804,NC-LUBRICATOR,monday,x_1448804_NC-LUBRICATOR_monday,0,OPTIMAL
1448804,NC-LUBRICATOR,thursday,x_1448804_NC-LUBRICATOR_thursday,0,OPTIMAL
1448804,NC-LUBRICATOR,tuesday,x_1448804_NC-LUBRICATOR_tuesday,0,OPTIMAL
1448804,NC-LUBRICATOR,wednesday,x_1448804_NC-LUBRICATOR_wednesday,0,OPTIMAL
1448807,NC-LUBRICATOR,friday,x_1448807_NC-LUBRICATOR_friday,0,OPTIMAL
1448807,NC-LUBRICATOR,monday,x_1448807_NC-LUBRICATOR_monday,0,OPTIMAL
1448807,NC-LUBRICATOR,thursday,x_1448807_NC-LUBRICATOR_thursday,0,OPTIMAL
1448807,NC-LUBRICATOR,tuesday,x_1448807_NC-LUBRICATOR_tuesday,0,OPTIMAL
1448807,NC-LUBRICATOR,wednesday,x_1448807_NC-LUBRICATOR_wednesday,1,OPTIMAL
1448835,NC-LUBRICATOR,friday,x_1448835_NC-LUBRICATOR_friday,1,OPTIMAL
1448835,NC-LUBRICATOR,monday,x_1448835_NC-LUBRICATOR_monday,0,OPTIMAL
1448835,NC-LUBRICATOR,thursday,x_1448835_NC-LUBRICATOR_thursday,0,OPTIMAL
1448835,NC-LUBRICATOR,tuesday,x_1448835_NC-LUBRICATOR_tuesday,0,OPTIMAL
1448835,NC-LUBRICATOR,wednesday,x_1448835_NC-LUBRICATOR_wednesday,0,OPTIMAL
1448840,NC-LUBRICATOR,friday,x_1448840_NC-LUBRICATOR_friday,0,OPTIMAL
1448840,NC-LUBRICATOR,monday,x_1448840_NC-LUBRICATOR_monday,0,OPTIMAL
1448840,NC-LUBRICATOR,thursday,x_1448840_NC-LUBRICATOR_thursday,0,OPTIMAL
1448840,NC-LUBRICATOR,tuesday,x_1448840_NC-LUBRICATOR_tuesday,1,OPTIMAL
1448840,NC-LUBRICATOR,wednesday,x_1448840_NC-LUBRICATOR_wednesday,0,OPTIMAL
1448845,NC-E/I,friday,x_1448845_NC-E/I_friday,0,OPTIMAL
1448845,NC-E/I,monday,x_1448845_NC-E/I_monday,0,OPTIMAL
1448845,NC-E/I,saturday,x_1448845_NC-E/I_saturday,0,OPTIMAL
1448845,NC-E/I,sunday,x_1448845_NC-E/I_sunday,0,OPTIMAL
1448845,NC-E/I,thursday,x_1448845_NC-E/I_thursday,0,OPTIMAL
1448845,NC-E/I,tuesday,x_1448845_NC-E/I_tuesday,0,OPTIMAL
1448845,NC-E/I,wednesday,x_1448845_NC-E/I_wednesday,1,OPTIMAL
1448846,NC-MECHANIC EXE,friday,x_1448846_NC-MECHANIC EXE_friday,0,OPTIMAL
1448846,NC-MECHANIC EXE,monday,x_1448846_NC-MECHANIC EXE_monday,0,OPTIMAL
1448846,NC-MECHANIC EXE,thursday,x_1448846_NC-MECHANIC EXE_thursday,0,OPTIMAL
1448846,NC-MECHANIC EXE,tuesday,x_1448846_NC-MECHANIC EXE_tuesday,0,OPTIMAL
1448846,NC-MECHANIC EXE,wednesday,x_1448846_NC-MECHANIC EXE_wednesday,0,OPTIMAL
1448861,NC-LUBRICATOR,friday,x_1448861_NC-LUBRICATOR_friday,0,OPTIMAL
1448861,NC-LUBRICATOR,monday,x_1448861_NC-LUBRICATOR_monday,0,OPTIMAL
1448861,NC-LUBRICATOR,thursday,x_1448861_NC-LUBRICATOR_thursday,0,OPTIMAL
1448861,NC-LUBRICATOR,tuesday,x_1448861_NC-LUBRICATOR_tuesday,1,OPTIMAL
1448861,NC-LUBRICATOR,wednesday,x_1448861_NC-LUBRICATOR_wednesday,0,OPTIMAL
1448873,NC-LUBRICATOR,friday,x_1448873_NC-LUBRICATOR_friday,0,OPTIMAL
1448873,NC-LUBRICATOR,monday,x_1448873_NC-LUBRICATOR_monday,0,OPTIMAL
1448873,NC-LUBRICATOR,thursday,x_1448873_NC-LUBRICATOR_thursday,0,OPTIMAL
1448873,NC-LUBRICATOR,tuesday,x_1448873_NC-LUBRICATOR_tuesday,1,OPTIMAL
1448873,NC-LUBRICATOR,wednesday,x_1448873_NC-LUBRICATOR_wednesday,0,OPTIMAL
1448880,NC-E/I,friday,x_1448880_NC-E/I_friday,0,OPTIMAL
1448880,NC-E/I,monday,x_1448880_NC-E/I_monday,0,OPTIMAL
1448880,NC-E/I,saturday,x_1448880_NC-E/I_saturday,0,OPTIMAL
1448880,NC-E/I,sunday,x_1448880_NC-E/I_sunday,0,OPTIMAL
1448880,NC-E/I,thursday,x_1448880_NC-E/I_thursday,1,OPTIMAL
1448880,NC-E/I,tuesday,x_1448880_NC-E/I_tuesday,0,OPTIMAL
1448880,NC-E/I,wednesday,x_1448880_NC-E/I_wednesday,0,OPTIMAL
1448898,NC-MECHANIC EXE,friday,x_1448898_NC-MECHANIC EXE_friday,0,OPTIMAL
1448898,NC-MECHANIC EXE,monday,x_1448898_NC-MECHANIC EXE_monday,1,OPTIMAL
1448898,NC-MECHANIC EXE,thursday,x_1448898_NC-MECHANIC EXE_thursday,0,OPTIMAL
1448898,NC-MECHANIC EXE,tuesday,x_1448898_NC-MECHANIC EXE_tuesday,0,OPTIMAL
1448898,NC-MECHANIC EXE,wednesday,x_1448898_NC-MECHANIC EXE_wednesday,0,OPTIMAL
1448909,NC-MECHANIC EXE,friday,x_1448909_NC-MECHANIC EXE_friday,0,OPTIMAL
1448909,NC-MECHANIC EXE,monday,x_1448909_NC-MECHANIC EXE_monday,0,OPTIMAL
1448909,NC-MECHANIC EXE,thursday,x_1448909_NC-MECHANIC EXE_thursday,0,OPTIMAL
1448909,NC-MECHANIC EXE,tuesday,x_1448909_NC-MECHANIC EXE_tuesday,0,OPTIMAL
1448909,NC-MECHANIC EXE,wednesday,x_1448909_NC-MECHANIC EXE_wednesday,1,OPTIMAL
1448913,NC-E/I,friday,x_1448913_NC-E/I_friday,0,OPTIMAL
1448913,NC-E/I,monday,x_1448913_NC-E/I_monday,0,OPTIMAL
1448913,NC-E/I,saturday,x_1448913_NC-E/I_saturday,0,OPTIMAL
1448913,NC-E/I,sunday,x_1448913_NC-E/I_sunday,0,OPTIMAL
1448913,NC-E/I,thursday,x_1448913_NC-E/I_thursday,1,OPTIMAL
1448913,NC-E/I,tuesday,x_1448913_NC-E/I_tuesday,0,OPTIMAL
1448913,NC-E/I,wednesday,x_1448913_NC-E/I_wednesday,0,OPTIMAL
1448915,NC-LUBRICATOR,friday,x_1448915_NC-LUBRICATOR_friday,1,OPTIMAL
1448915,NC-LUBRICATOR,monday,x_1448915_NC-LUBRICATOR_monday,0,OPTIMAL
1448915,NC-LUBRICATOR,thursday,x_1448915_NC-LUBRICATOR_thursday,0,OPTIMAL
1448915,NC-LUBRICATOR,tuesday,x_1448915_NC-LUBRICATOR_tuesday,0,OPTIMAL
1448915,NC-LUBRICATOR,wednesday,x_1448915_NC-LUBRICATOR_wednesday,0,OPTIMAL
1448916,NC-LUBRICATOR,friday,x_1448916_NC-LUBRICATOR_friday,0,OPTIMAL
1448916,NC-LUBRICATOR,monday,x_1448916_NC-LUBRICATOR_monday,0,OPTIMAL
1448916,NC-LUBRICATOR,thursday,x_1448916_NC-LUBRICATOR_thursday,0,OPTIMAL
1448916,NC-LUBRICATOR,tuesday,x_1448916_NC-LUBRICATOR_tuesday,0,OPTIMAL
1448916,NC-LUBRICATOR,wednesday,x_1448916_NC-LUBRICATOR_wednesday,0,OPTIMAL
1448917,NC-LUBRICATOR,friday,x_1448917_NC-LUBRICATOR_friday,0,OPTIMAL
1448917,NC-LUBRICATOR,monday,x_1448917_NC-LUBRICATOR_monday,0,OPTIMAL
1448917,NC-LUBRICATOR,thursday,x_1448917_NC-LUBRICATOR_thursday,0,OPTIMAL
1448917,NC-LUBRICATOR,tuesday,x_1448917_NC-LUBRICATOR_tuesday,0,OPTIMAL
1448917,NC-LUBRICATOR,wednesday,x_1448917_NC-LUBRICATOR_wednesday,0,OPTIMAL
1448918,NC-LUBRICATOR,friday,x_1448918_NC-LUBRICATOR_friday,0,OPTIMAL
1448918,NC-LUBRICATOR,monday,x_1448918_NC-LUBRICATOR_monday,0,OPTIMAL
1448918,NC-LUBRICATOR,thursday,x_1448918_NC-LUBRICATOR_thursday,0,OPTIMAL
1448918,NC-LUBRICATOR,tuesday,x_1448918_NC-LUBRICATOR_tuesday,0,OPTIMAL
1448918,NC-LUBRICATOR,wednesday,x_1448918_NC-LUBRICATOR_wednesday,0,OPTIMAL
1448919,NC-LUBRICATOR,friday,x_1448919_NC-LUBRICATOR_friday,0,OPTIMAL
1448919,NC-LUBRICATOR,monday,x_1448919_NC-LUBRICATOR_monday,0,OPTIMAL
1448919,NC-LUBRICATOR,thursday,x_1448919_NC-LUBRICATOR_thursday,0,OPTIMAL
1448919,NC-LUBRICATOR,tuesday,x_1448919_NC-LUBRICATOR_tuesday,0,OPTIMAL
1448919,NC-LUBRICATOR,wednesday,x_1448919_NC-LUBRICATOR_wednesday,0,OPTIMAL
1448920,NC-LUBRICATOR,friday,x_1448920_NC-LUBRICATOR_friday,0,OPTIMAL
1448920,NC-LUBRICATOR,monday,x_1448920_NC-LUBRICATOR_monday,0,OPTIMAL
1448920,NC-LUBRICATOR,thursday,x_1448920_NC-LUBRICATOR_thursday,0,OPTIMAL
1448920,NC-LUBRICATOR,tuesday,x_1448920_NC-LUBRICATOR_tuesday,0,OPTIMAL
1448920,NC-LUBRICATOR,wednesday,x_1448920_NC-LUBRICATOR_wednesday,0,OPTIMAL
1448922,NC-E/I,friday,x_1448922_NC-E/I_friday,0,OPTIMAL
1448922,NC-E/I,monday,x_1448922_NC-E/I_monday,0,OPTIMAL
1448922,NC-E/I,saturday,x_1448922_NC-E/I_saturday,0,OPTIMAL
1448922,NC-E/I,sunday,x_1448922_NC-E/I_sunday,0,OPTIMAL
1448922,NC-E/I,thursday,x_1448922_NC-E/I_thursday,0,OPTIMAL
1448922,NC-E/I,tuesday,x_1448922_NC-E/I_tuesday,0,OPTIMAL
1448922,NC-E/I,wednesday,x_1448922_NC-E/I_wednesday,0,OPTIMAL
1448923,NC-E/I,friday,x_1448923_NC-E/I_friday,0,OPTIMAL
1448923,NC-E/I,monday,x_1448923_NC-E/I_monday,0,OPTIMAL
1448923,NC-E/I,saturday,x_1448923_NC-E/I_saturday,0,OPTIMAL
1448923,NC-E/I,sunday,x_1448923_NC-E/I_sunday,0,OPTIMAL
1448923,NC-E/I,thursday,x_1448923_NC-E/I_thursday,1,OPTIMAL
1448923,NC-E/I,tuesday,x_1448923_NC-E/I_tuesday,0,OPTIMAL
1448923,NC-E/I,wednesday,x_1448923_NC-E/I_wednesday,0,OPTIMAL
1448928,NC-E/I,friday,x_1448928_NC-E/I_friday,1,OPTIMAL
1448928,NC-E/I,monday,x_1448928_NC-E/I_monday,0,OPTIMAL
1448928,NC-E/I,saturday,x_1448928_NC-E/I_saturday,0,OPTIMAL
1448928,NC-E/I,sunday,x_1448928_NC-E/I_sunday,0,OPTIMAL
1448928,NC-E/I,thursday,x_1448928_NC-E/I_thursday,0,OPTIMAL
1448928,NC-E/I,tuesday,x_1448928_NC-E/I_tuesday,0,OPTIMAL
1448928,NC-E/I,wednesday,x_1448928_NC-E/I_wednesday,0,OPTIMAL
1448975,NC-LUBRICATOR,friday,x_1448975_NC-LUBRICATOR_friday,0,OPTIMAL
1448975,NC-LUBRICATOR,monday,x_1448975_NC-LUBRICATOR_monday,1,OPTIMAL
1448975,NC-LUBRICATOR,thursday,x_1448975_NC-LUBRICATOR_thursday,0,OPTIMAL
1448975,NC-LUBRICATOR,tuesday,x_1448975_NC-LUBRICATOR_tuesday,0,OPTIMAL
1448975,NC-LUBRICATOR,wednesday,x_1448975_NC-LUBRICATOR_wednesday,0,OPTIMAL
1449000,NC-MECHANIC EXE,friday,x_1449000_NC-MECHANIC EXE_friday,0,OPTIMAL
1449000,NC-MECHANIC EXE,monday,x_1449000_NC-MECHANIC EXE_monday,1,OPTIMAL
1449000,NC-MECHANIC EXE,thursday,x_1449000_NC-MECHANIC EXE_thursday,0,OPTIMAL
1449000,NC-MECHANIC EXE,tuesday,x_1449000_NC-MECHANIC EXE_tuesday,0,OPTIMAL
1449000,NC-MECHANIC EXE,wednesday,x_1449000_NC-MECHANIC EXE_wednesday,0,OPTIMAL
1449007,NC-MECHANIC EXE,friday,x_1449007_NC-MECHANIC EXE_friday,0,OPTIMAL
1449007,NC-MECHANIC EXE,monday,x_1449007_NC-MECHANIC EXE_monday,0,OPTIMAL
1449007,NC-MECHANIC EXE,thursday,x_1449007_NC-MECHANIC EXE_thursday,0,OPTIMAL
1449007,NC-MECHANIC EXE,tuesday,x_1449007_NC-MECHANIC EXE_tuesday,0,OPTIMAL
1449007,NC-MECHANIC EXE,wednesday,x_1449007_NC-MECHANIC EXE_wednesday,0,OPTIMAL
1449016,NC-E/I,friday,x_1449016_NC-E/I_friday,0,OPTIMAL
1449016,NC-E/I,monday,x_1449016_NC-E/I_monday,0,OPTIMAL
1449016,NC-E/I,saturday,x_1449016_NC-E/I_saturday,0,OPTIMAL
1449016,NC-E/I,sunday,x_1449016_NC-E/I_sunday,1,OPTIMAL
1449016,NC-E/I,thursday,x_1449016_NC-E/I_thursday,0,OPTIMAL
1449016,NC-E/I,tuesday,x_1449016_NC-E/I_tuesday,0,OPTIMAL
1449016,NC-E/I,wednesday,x_1449016_NC-E/I_wednesday,0,OPTIMAL
1449018,NC-MECHANIC EXE,friday,x_1449018_NC-MECHANIC EXE_friday,0,OPTIMAL
1449018,NC-MECHANIC EXE,monday,x_1449018_NC-MECHANIC EXE_monday,0,OPTIMAL
1449018,NC-MECHANIC EXE,thursday,x_1449018_NC-MECHANIC EXE_thursday,0,OPTIMAL
1449018,NC-MECHANIC EXE,tuesday,x_1449018_NC-MECHANIC EXE_tuesday,0,OPTIMAL
1449018,NC-MECHANIC EXE,wednesday,x_1449018_NC-MECHANIC EXE_wednesday,1,OPTIMAL
1449019,NC-MECHANIC EXE,friday,x_1449019_NC-MECHANIC EXE_friday,0,OPTIMAL
1449019,NC-MECHANIC EXE,monday,x_1449019_NC-MECHANIC EXE_monday,0,OPTIMAL
1449019,NC-MECHANIC EXE,thursday,x_1449019_NC-MECHANIC EXE_thursday,0,OPTIMAL
1449019,NC-MECHANIC EXE,tuesday,x_1449019_NC-MECHANIC EXE_tuesday,0,OPTIMAL
1449019,NC-MECHANIC EXE,wednesday,x_1449019_NC-MECHANIC EXE_wednesday,1,OPTIMAL
1449032,NC-E/I,friday,x_1449032_NC-E/I_friday,0,OPTIMAL
1449032,NC-E/I,monday,x_1449032_NC-E/I_monday,0,OPTIMAL
1449032,NC-E/I,saturday,x_1449032_NC-E/I_saturday,0,OPTIMAL
1449032,NC-E/I,sunday,x_1449032_NC-E/I_sunday,1,OPTIMAL
1449032,NC-E/I,thursday,x_1449032_NC-E/I_thursday,0,OPTIMAL
1449032,NC-E/I,tuesday,x_1449032_NC-E/I_tuesday,0,OPTIMAL
1449032,NC-E/I,wednesday,x_1449032_NC-E/I_wednesday,0,OPTIMAL
1449033,NC-E/I,friday,x_1449033_NC-E/I_friday,0,OPTIMAL
1449033,NC-E/I,monday,x_1449033_NC-E/I_monday,0,OPTIMAL
1449033,NC-E/I,saturday,x_1449033_NC-E/I_saturday,0,OPTIMAL
1449033,NC-E/I,sunday,x_1449033_NC-E/I_sunday,1,OPTIMAL
1449033,NC-E/I,thursday,x_1449033_NC-E/I_thursday,0,OPTIMAL
1449033,NC-E/I,tuesday,x_1449033_NC-E/I_tuesday,0,OPTIMAL
1449033,NC-E/I,wednesday,x_1449033_NC-E/I_wednesday,0,OPTIMAL
1449034,NC-E/I,friday,x_1449034_NC-E/I_friday,0,OPTIMAL
1449034,NC-E/I,monday,x_1449034_NC-E/I_monday,0,OPTIMAL
1449034,NC-E/I,saturday,x_1449034_NC-E/I_saturday,0,OPTIMAL
1449034,NC-E/I,sunday,x_1449034_NC-E/I_sunday,1,OPTIMAL
1449034,NC-E/I,thursday,x_1449034_NC-E/I_thursday,0,OPTIMAL
1449034,NC-E/I,tuesday,x_1449034_NC-E/I_tuesday,0,OPTIMAL
1449034,NC-E/I,wednesday,x_1449034_NC-E/I_wednesday,0,OPTIMAL
1449040,NC-E/I,friday,x_1449040_NC-E/I_friday,0,OPTIMAL
1449040,NC-E/I,monday,x_1449040_NC-E/I_monday,0,OPTIMAL
1449040,NC-E/I,saturday,x_1449040_NC-E/I_saturday,1,OPTIMAL
1449040,NC-E/I,sunday,x_1449040_NC-E/I_sunday,0,OPTIMAL
1449040,NC-E/I,thursday,x_1449040_NC-E/I_thursday,0,OPTIMAL
1449040,NC-E/I,tuesday,x_1449040_NC-E/I_tuesday,0,OPTIMAL
1449040,NC-E/I,wednesday,x_1449040_NC-E/I_wednesday,0,OPTIMAL
1449041,NC-E/I,friday,x_1449041_NC-E/I_friday,0,OPTIMAL
1449041,NC-E/I,monday,x_1449041_NC-E/I_monday,0,OPTIMAL
1449041,NC-E/I,saturday,x_1449041_NC-E/I_saturday,0,OPTIMAL
1449041,NC-E/I,sunday,x_1449041_NC-E/I_sunday,1,OPTIMAL
1449041,NC-E/I,thursday,x_1449041_NC-E/I_thursday,0,OPTIMAL
1449041,NC-E/I,tuesday,x_1449041_NC-E/I_tuesday,0,OPTIMAL
1449041,NC-E/I,wednesday,x_1449041_NC-E/I_wednesday,0,OPTIMAL
1449044,NC-E/I,friday,x_1449044_NC-E/I_friday,0,OPTIMAL
1449044,NC-E/I,monday,x_1449044_NC-E/I_monday,0,OPTIMAL
1449044,NC-E/I,saturday,x_1449044_NC-E/I_saturday,0,OPTIMAL
1449044,NC-E/I,sunday,x_1449044_NC-E/I_sunday,0,OPTIMAL
1449044,NC-E/I,thursday,x_1449044_NC-E/I_thursday,0,OPTIMAL
1449044,NC-E/I,tuesday,x_1449044_NC-E/I_tuesday,0,OPTIMAL
1449044,NC-E/I,wednesday,x_1449044_NC-E/I_wednesday,1,OPTIMAL
1449045,NC-E/I,friday,x_1449045_NC-E/I_friday,0,OPTIMAL
1449045,NC-E/I,monday,x_1449045_NC-E/I_monday,0,OPTIMAL
1449045,NC-E/I,saturday,x_1449045_NC-E/I_saturday,0,OPTIMAL
1449045,NC-E/I,sunday,x_1449045_NC-E/I_sunday,1,OPTIMAL
1449045,NC-E/I,thursday,x_1449045_NC-E/I_thursday,0,OPTIMAL
1449045,NC-E/I,tuesday,x_1449045_NC-E/I_tuesday,0,OPTIMAL
1449045,NC-E/I,wednesday,x_1449045_NC-E/I_wednesday,0,OPTIMAL
1449048,NC-E/I,friday,x_1449048_NC-E/I_friday,1,OPTIMAL
1449048,NC-E/I,monday,x_1449048_NC-E/I_monday,0,OPTIMAL
1449048,NC-E/I,saturday,x_1449048_NC-E/I_saturday,0,OPTIMAL
1449048,NC-E/I,sunday,x_1449048_NC-E/I_sunday,0,OPTIMAL
1449048,NC-E/I,thursday,x_1449048_NC-E/I_thursday,0,OPTIMAL
1449048,NC-E/I,tuesday,x_1449048_NC-E/I_tuesday,0,OPTIMAL
1449048,NC-E/I,wednesday,x_1449048_NC-E/I_wednesday,0,OPTIMAL
1449049,NC-E/I,friday,x_1449049_NC-E/I_friday,0,OPTIMAL
1449049,NC-E/I,monday,x_1449049_NC-E/I_monday,0,OPTIMAL
1449049,NC-E/I,saturday,x_1449049_NC-E/I_saturday,0,OPTIMAL
1449049,NC-E/I,sunday,x_1449049_NC-E/I_sunday,1,OPTIMAL
1449049,NC-E/I,thursday,x_1449049_NC-E/I_thursday,0,OPTIMAL
1449049,NC-E/I,tuesday,x_1449049_NC-E/I_tuesday,0,OPTIMAL
1449049,NC-E/I,wednesday,x_1449049_NC-E/I_wednesday,0,OPTIMAL
1449052,NC-E/I,friday,x_1449052_NC-E/I_friday,0,OPTIMAL
1449052,NC-E/I,monday,x_1449052_NC-E/I_monday,0,OPTIMAL
1449052,NC-E/I,saturday,x_1449052_NC-E/I_saturday,0,OPTIMAL
1449052,NC-E/I,sunday,x_1449052_NC-E/I_sunday,1,OPTIMAL
1449052,NC-E/I,thursday,x_1449052_NC-E/I_thursday,0,OPTIMAL
1449052,NC-E/I,tuesday,x_1449052_NC-E/I_tuesday,0,OPTIMAL
1449052,NC-E/I,wednesday,x_1449052_NC-E/I_wednesday,0,OPTIMAL
1449053,NC-E/I,friday,x_1449053_NC-E/I_friday,0,OPTIMAL
1449053,NC-E/I,monday,x_1449053_NC-E/I_monday,0,OPTIMAL
1449053,NC-E/I,saturday,x_1449053_NC-E/I_saturday,0,OPTIMAL
1449053,NC-E/I,sunday,x_1449053_NC-E/I_sunday,1,OPTIMAL
1449053,NC-E/I,thursday,x_1449053_NC-E/I_thursday,0,OPTIMAL
1449053,NC-E/I,tuesday,x_1449053_NC-E/I_tuesday,0,OPTIMAL
1449053,NC-E/I,wednesday,x_1449053_NC-E/I_wednesday,0,OPTIMAL
1449056,NC-E/I,friday,x_1449056_NC-E/I_friday,0,OPTIMAL
1449056,NC-E/I,monday,x_1449056_NC-E/I_monday,1,OPTIMAL
1449056,NC-E/I,saturday,x_1449056_NC-E/I_saturday,0,OPTIMAL
1449056,NC-E/I,sunday,x_1449056_NC-E/I_sunday,0,OPTIMAL
1449056,NC-E/I,thursday,x_1449056_NC-E/I_thursday,0,OPTIMAL
1449056,NC-E/I,tuesday,x_1449056_NC-E/I_tuesday,0,OPTIMAL
1449056,NC-E/I,wednesday,x_1449056_NC-E/I_wednesday,0,OPTIMAL
1449057,NC-E/I,friday,x_1449057_NC-E/I_friday,0,OPTIMAL
1449057,NC-E/I,monday,x_1449057_NC-E/I_monday,0,OPTIMAL
1449057,NC-E/I,saturday,x_1449057_NC-E/I_saturday,0,OPTIMAL
1449057,NC-E/I,sunday,x_1449057_NC-E/I_sunday,1,OPTIMAL
1449057,NC-E/I,thursday,x_1449057_NC-E/I_thursday,0,OPTIMAL
1449057,NC-E/I,tuesday,x_1449057_NC-E/I_tuesday,0,OPTIMAL
1449057,NC-E/I,wednesday,x_1449057_NC-E/I_wednesday,0,OPTIMAL
1449061,NC-E/I,friday,x_1449061_NC-E/I_friday,0,OPTIMAL
1449061,NC-E/I,monday,x_1449061_NC-E/I_monday,0,OPTIMAL
1449061,NC-E/I,saturday,x_1449061_NC-E/I_saturday,0,OPTIMAL
1449061,NC-E/I,sunday,x_1449061_NC-E/I_sunday,0,OPTIMAL
1449061,NC-E/I,thursday,x_1449061_NC-E/I_thursday,1,OPTIMAL
1449061,NC-E/I,tuesday,x_1449061_NC-E/I_tuesday,0,OPTIMAL
1449061,NC-E/I,wednesday,x_1449061_NC-E/I_wednesday,0,OPTIMAL
1449063,NC-E/I,friday,x_1449063_NC-E/I_friday,0,OPTIMAL
1449063,NC-E/I,monday,x_1449063_NC-E/I_monday,0,OPTIMAL
1449063,NC-E/I,saturday,x_1449063_NC-E/I_saturday,0,OPTIMAL
1449063,NC-E/I,sunday,x_1449063_NC-E/I_sunday,1,OPTIMAL
1449063,NC-E/I,thursday,x_1449063_NC-E/I_thursday,0,OPTIMAL
1449063,NC-E/I,tuesday,x_1449063_NC-E/I_tuesday,0,OPTIMAL
1449063,NC-E/I,wednesday,x_1449063_NC-E/I_wednesday,0,OPTIMAL
1449070,NC-E/I,friday,x_1449070_NC-E/I_friday,1,OPTIMAL
1449070,NC-E/I,monday,x_1449070_NC-E/I_monday,0,OPTIMAL
1449070,NC-E/I,saturday,x_1449070_NC-E/I_saturday,0,OPTIMAL
1449070,NC-E/I,sunday,x_1449070_NC-E/I_sunday,0,OPTIMAL
1449070,NC-E/I,thursday,x_1449070_NC-E/I_thursday,0,OPTIMAL
1449070,NC-E/I,tuesday,x_1449070_NC-E/I_tuesday,0,OPTIMAL
1449070,NC-E/I,wednesday,x_1449070_NC-E/I_wednesday,0,OPTIMAL
1449071,NC-E/I,friday,x_1449071_NC-E/I_friday,0,OPTIMAL
1449071,NC-E/I,monday,x_1449071_NC-E/I_monday,0,OPTIMAL
1449071,NC-E/I,saturday,x_1449071_NC-E/I_saturday,0,OPTIMAL
1449071,NC-E/I,sunday,x_1449071_NC-E/I_sunday,1,OPTIMAL
1449071,NC-E/I,thursday,x_1449071_NC-E/I_thursday,0,OPTIMAL
1449071,NC-E/I,tuesday,x_1449071_NC-E/I_tuesday,0,OPTIMAL
1449071,NC-E/I,wednesday,x_1449071_NC-E/I_wednesday,0,OPTIMAL
1449076,NC-E/I,friday,x_1449076_NC-E/I_friday,0,OPTIMAL
1449076,NC-E/I,monday,x_1449076_NC-E/I_monday,0,OPTIMAL
1449076,NC-E/I,saturday,x_1449076_NC-E/I_saturday,0,OPTIMAL
1449076,NC-E/I,sunday,x_1449076_NC-E/I_sunday,0,OPTIMAL
1449076,NC-E/I,thursday,x_1449076_NC-E/I_thursday,0,OPTIMAL
1449076,NC-E/I,tuesday,x_1449076_NC-E/I_tuesday,0,OPTIMAL
1449076,NC-E/I,wednesday,x_1449076_NC-E/I_wednesday,1,OPTIMAL
1449077,NC-E/I,friday,x_1449077_NC-E/I_friday,0,OPTIMAL
1449077,NC-E/I,monday,x_1449077_NC-E/I_monday,0,OPTIMAL
1449077,NC-E/I,saturday,x_1449077_NC-E/I_saturday,0,OPTIMAL
1449077,NC-E/I,sunday,x_1449077_NC-E/I_sunday,1,OPTIMAL
1449077,NC-E/I,thursday,x_1449077_NC-E/I_thursday,0,OPTIMAL
1449077,NC-E/I,tuesday,x_1449077_NC-E/I_tuesday,0,OPTIMAL
1449077,NC-E/I,wednesday,x_1449077_NC-E/I_wednesday,0,OPTIMAL
1449125,NC-LUBRICATOR,friday,x_1449125_NC-LUBRICATOR_friday,0,OPTIMAL
1449125,NC-LUBRICATOR,monday,x_1449125_NC-LUBRICATOR_monday,1,OPTIMAL
1449125,NC-LUBRICATOR,thursday,x_1449125_NC-LUBRICATOR_thursday,0,OPTIMAL
1449125,NC-LUBRICATOR,tuesday,x_1449125_NC-LUBRICATOR_tuesday,0,OPTIMAL
1449125,NC-LUBRICATOR,wednesday,x_1449125_NC-LUBRICATOR_wednesday,0,OPTIMAL
1449131,NC-MECHANIC EXE,friday,x_1449131_NC-MECHANIC EXE_friday,0,OPTIMAL
1449131,NC-MECHANIC EXE,monday,x_1449131_NC-MECHANIC EXE_monday,1,OPTIMAL
1449131,NC-MECHANIC EXE,thursday,x_1449131_NC-MECHANIC EXE_thursday,0,OPTIMAL
1449131,NC-MECHANIC EXE,tuesday,x_1449131_NC-MECHANIC EXE_tuesday,0,OPTIMAL
1449131,NC-MECHANIC EXE,wednesday,x_1449131_NC-MECHANIC EXE_wednesday,0,OPTIMAL
1449132,NC-MECHANIC EXE,friday,x_1449132_NC-MECHANIC EXE_friday,0,OPTIMAL
1449132,NC-MECHANIC EXE,monday,x_1449132_NC-MECHANIC EXE_monday,1,OPTIMAL
1449132,NC-MECHANIC EXE,thursday,x_1449132_NC-MECHANIC EXE_thursday,0,OPTIMAL
1449132,NC-MECHANIC EXE,tuesday,x_1449132_NC-MECHANIC EXE_tuesday,0,OPTIMAL
1449132,NC-MECHANIC EXE,wednesday,x_1449132_NC-MECHANIC EXE_wednesday,0,OPTIMAL
1449133,NC-MECHANIC EXE,friday,x_1449133_NC-MECHANIC EXE_friday,0,OPTIMAL
1449133,NC-MECHANIC EXE,monday,x_1449133_NC-MECHANIC EXE_monday,0,OPTIMAL
1449133,NC-MECHANIC EXE,thursday,x_1449133_NC-MECHANIC EXE_thursday,0,OPTIMAL
1449133,NC-MECHANIC EXE,tuesday,x_1449133_NC-MECHANIC EXE_tuesday,0,OPTIMAL
1449133,NC-MECHANIC EXE,wednesday,x_1449133_NC-MECHANIC EXE_wednesday,1,OPTIMAL
1449134,NC-MECHANIC EXE,friday,x_1449134_NC-MECHANIC EXE_friday,0,OPTIMAL
1449134,NC-MECHANIC EXE,monday,x_1449134_NC-MECHANIC EXE_monday,0,OPTIMAL
1449134,NC-MECHANIC EXE,thursday,x_1449134_NC-MECHANIC EXE_thursday,0,OPTIMAL
1449134,NC-MECHANIC EXE,tuesday,x_1449134_NC-MECHANIC EXE_tuesday,1,OPTIMAL
1449134,NC-MECHANIC EXE,wednesday,x_1449134_NC-MECHANIC EXE_wednesday,0,OPTIMAL
1449135,NC-MECHANIC EXE,friday,x_1449135_NC-MECHANIC EXE_friday,0,OPTIMAL
1449135,NC-MECHANIC EXE,monday,x_1449135_NC-MECHANIC EXE_monday,0,OPTIMAL
1449135,NC-MECHANIC EXE,thursday,x_1449135_NC-MECHANIC EXE_thursday,0,OPTIMAL
1449135,NC-MECHANIC EXE,tuesday,x_1449135_NC-MECHANIC EXE_tuesday,1,OPTIMAL
1449135,NC-MECHANIC EXE,wednesday,x_1449135_NC-MECHANIC EXE_wednesday,0,OPTIMAL
1449136,NC-MECHANIC EXE,friday,x_1449136_NC-MECHANIC EXE_friday,1,OPTIMAL
1449136,NC-MECHANIC EXE,monday,x_1449136_NC-MECHANIC EXE_monday,0,OPTIMAL
1449136,NC-MECHANIC EXE,thursday,x_1449136_NC-MECHANIC EXE_thursday,0,OPTIMAL
1449136,NC-MECHANIC EXE,tuesday,x_1449136_NC-MECHANIC EXE_tuesday,0,OPTIMAL
1449136,NC-MECHANIC EXE,wednesday,x_1449136_NC-MECHANIC EXE_wednesday,0,OPTIMAL
1449138,NC-LUBRICATOR,friday,x_1449138_NC-LUBRICATOR_friday,0,OPTIMAL
1449138,NC-LUBRICATOR,monday,x_1449138_NC-LUBRICATOR_monday,0,OPTIMAL
1449138,NC-LUBRICATOR,thursday,x_1449138_NC-LUBRICATOR_thursday,0,OPTIMAL
1449138,NC-LUBRICATOR,tuesday,x_1449138_NC-LUBRICATOR_tuesday,0,OPTIMAL
1449138,NC-LUBRICATOR,wednesday,x_1449138_NC-LUBRICATOR_wednesday,0,OPTIMAL
1449144,NC-LUBRICATOR,friday,x_1449144_NC-LUBRICATOR_friday,0,OPTIMAL
1449144,NC-LUBRICATOR,monday,x_1449144_NC-LUBRICATOR_monday,0,OPTIMAL
1449144,NC-LUBRICATOR,thursday,x_1449144_NC-LUBRICATOR_thursday,0,OPTIMAL
1449144,NC-LUBRICATOR,tuesday,x_1449144_NC-LUBRICATOR_tuesday,0,OPTIMAL
1449144,NC-LUBRICATOR,wednesday,x_1449144_NC-LUBRICATOR_wednesday,0,OPTIMAL
1449155,NC-LUBRICATOR,friday,x_1449155_NC-LUBRICATOR_friday,0,OPTIMAL
1449155,NC-LUBRICATOR,monday,x_1449155_NC-LUBRICATOR_monday,0,OPTIMAL
1449155,NC-LUBRICATOR,thursday,x_1449155_NC-LUBRICATOR_thursday,0,OPTIMAL
1449155,NC-LUBRICATOR,tuesday,x_1449155_NC-LUBRICATOR_tuesday,0,OPTIMAL
1449155,NC-LUBRICATOR,wednesday,x_1449155_NC-LUBRICATOR_wednesday,0,OPTIMAL
1449156,NC-LUBRICATOR,friday,x_1449156_NC-LUBRICATOR_friday,1,OPTIMAL
1449156,NC-LUBRICATOR,monday,x_1449156_NC-LUBRICATOR_monday,0,OPTIMAL
1449156,NC-LUBRICATOR,thursday,x_1449156_NC-LUBRICATOR_thursday,0,OPTIMAL
1449156,NC-LUBRICATOR,tuesday,x_1449156_NC-LUBRICATOR_tuesday,0,OPTIMAL
1449156,NC-LUBRICATOR,wednesday,x_1449156_NC-LUBRICATOR_wednesday,0,OPTIMAL
1449159,NC-LUBRICATOR,friday,x_1449159_NC-LUBRICATOR_friday,0,OPTIMAL
1449159,NC-LUBRICATOR,monday,x_1449159_NC-LUBRICATOR_monday,0,OPTIMAL
1449159,NC-LUBRICATOR,thursday,x_1449159_NC-LUBRICATOR_thursday,0,OPTIMAL
1449159,NC-LUBRICATOR,tuesday,x_1449159_NC-LUBRICATOR_tuesday,0,OPTIMAL
1449159,NC-LUBRICATOR,wednesday,x_1449159_NC-LUBRICATOR_wednesday,0,OPTIMAL
1449160,NC-LUBRICATOR,friday,x_1449160_NC-LUBRICATOR_friday,1,OPTIMAL
1449160,NC-LUBRICATOR,monday,x_1449160_NC-LUBRICATOR_monday,0,OPTIMAL
1449160,NC-LUBRICATOR,thursday,x_1449160_NC-LUBRICATOR_thursday,0,OPTIMAL
1449160,NC-LUBRICATOR,tuesday,x_1449160_NC-LUBRICATOR_tuesday,0,OPTIMAL
1449160,NC-LUBRICATOR,wednesday,x_1449160_NC-LUBRICATOR_wednesday,0,OPTIMAL
1449196,NC-LUBRICATOR,friday,x_1449196_NC-LUBRICATOR_friday,0,OPTIMAL
1449196,NC-LUBRICATOR,monday,x_1449196_NC-LUBRICATOR_monday,1,OPTIMAL
1449196,NC-LUBRICATOR,thursday,x_1449196_NC-LUBRICATOR_thursday,0,OPTIMAL
1449196,NC-LUBRICATOR,tuesday,x_1449196_NC-LUBRICATOR_tuesday,0,OPTIMAL
1449196,NC-LUBRICATOR,wednesday,x_1449196_NC-LUBRICATOR_wednesday,0,OPTIMAL
1449332,NC-LUBRICATOR,friday,x_1449332_NC-LUBRICATOR_friday,0,OPTIMAL
1449332,NC-LUBRICATOR,monday,x_1449332_NC-LUBRICATOR_monday,0,OPTIMAL
1449332,NC-LUBRICATOR,thursday,x_1449332_NC-LUBRICATOR_thursday,0,OPTIMAL
1449332,NC-LUBRICATOR,tuesday,x_1449332_NC-LUBRICATOR_tuesday,0,OPTIMAL
1449332,NC-LUBRICATOR,wednesday,x_1449332_NC-LUBRICATOR_wednesday,0,OPTIMAL
1449857,NC-E/I,friday,x_1449857_NC-E/I_friday,0,OPTIMAL
1449857,NC-E/I,monday,x_1449857_NC-E/I_monday,0,OPTIMAL
1449857,NC-E/I,saturday,x_1449857_NC-E/I_saturday,0,OPTIMAL
1449857,NC-E/I,sunday,x_1449857_NC-E/I_sunday,0,OPTIMAL
1449857,NC-E/I,thursday,x_1449857_NC-E/I_thursday,0,OPTIMAL
1449857,NC-E/I,tuesday,x_1449857_NC-E/I_tuesday,1,OPTIMAL
1449857,NC-E/I,wednesday,x_1449857_NC-E/I_wednesday,0,OPTIMAL
1450113,NC-MECHANIC EXE,friday,x_1450113_NC-MECHANIC EXE_friday,0,OPTIMAL
1450113,NC-MECHANIC EXE,monday,x_1450113_NC-MECHANIC EXE_monday,0,OPTIMAL
1450113,NC-MECHANIC EXE,thursday,x_1450113_NC-MECHANIC EXE_thursday,0,OPTIMAL
1450113,NC-MECHANIC EXE,tuesday,x_1450113_NC-MECHANIC EXE_tuesday,0,OPTIMAL
1450113,NC-MECHANIC EXE,wednesday,x_1450113_NC-MECHANIC EXE_wednesday,0,OPTIMAL
1450116,NC-REBUILD,friday,x_1450116_NC-REBUILD_friday,0,OPTIMAL
1450116,NC-REBUILD,monday,x_1450116_NC-REBUILD_monday,0,OPTIMAL
1450116,NC-REBUILD,thursday,x_1450116_NC-REBUILD_thursday,0,OPTIMAL
1450116,NC-REBUILD,tuesday,x_1450116_NC-REBUILD_tuesday,0,OPTIMAL
1450116,NC-REBUILD,wednesday,x_1450116_NC-REBUILD_wednesday,0,OPTIMAL
1450120,NC-E/I,friday,x_1450120_NC-E/I_friday,0,OPTIMAL
1450120,NC-E/I,monday,x_1450120_NC-E/I_monday,0,OPTIMAL
1450120,NC-E/I,saturday,x_1450120_NC-E/I_saturday,0,OPTIMAL
1450120,NC-E/I,sunday,x_1450120_NC-E/I_sunday,0,OPTIMAL
1450120,NC-E/I,thursday,x_1450120_NC-E/I_thursday,0,OPTIMAL
1450120,NC-E/I,tuesday,x_1450120_NC-E/I_tuesday,0,OPTIMAL
1450120,NC-E/I,wednesday,x_1450120_NC-E/I_wednesday,0,OPTIMAL
1450128,NC-E/I,friday,x_1450128_NC-E/I_friday,0,OPTIMAL
1450128,NC-E/I,monday,x_1450128_NC-E/I_monday,0,OPTIMAL
1450128,NC-E/I,saturday,x_1450128_NC-E/I_saturday,0,OPTIMAL
1450128,NC-E/I,sunday,x_1450128_NC-E/I_sunday,0,OPTIMAL
1450128,NC-E/I,thursday,x_1450128_NC-E/I_thursday,0,OPTIMAL
1450128,NC-E/I,tuesday,x_1450128_NC-E/I_tuesday,0,OPTIMAL
1450128,NC-E/I,wednesday,x_1450128_NC-E/I_wednesday,0,OPTIMAL
1450151,NC-E/I,friday,x_1450151_NC-E/I_friday,0,OPTIMAL
1450151,NC-E/I,monday,x_1450151_NC-E/I_monday,0,OPTIMAL
1450151,NC-E/I,saturday,x_1450151_NC-E/I_saturday,0,OPTIMAL
1450151,NC-E/I,sunday,x_1450151_NC-E/I_sunday,0,OPTIMAL
1450151,NC-E/I,thursday,x_1450151_NC-E/I_thursday,0,OPTIMAL
1450151,NC-E/I,tuesday,x_1450151_NC-E/I_tuesday,0,OPTIMAL
1450151,NC-E/I,wednesday,x_1450151_NC-E/I_wednesday,0,OPTIMAL
1450159,NC-REBUILD,friday,x_1450159_NC-REBUILD_friday,0,OPTIMAL
1450159,NC-REBUILD,monday,x_1450159_NC-REBUILD_monday,0,OPTIMAL
1450159,NC-REBUILD,thursday,x_1450159_NC-REBUILD_thursday,1,OPTIMAL
1450159,NC-REBUILD,tuesday,x_1450159_NC-REBUILD_tuesday,0,OPTIMAL
1450159,NC-REBUILD,wednesday,x_1450159_NC-REBUILD_wednesday,0,OPTIMAL
1450210,NC-REBUILD,friday,x_1450210_NC-REBUILD_friday,0,OPTIMAL
1450210,NC-REBUILD,monday,x_1450210_NC-REBUILD_monday,0,OPTIMAL
1450210,NC-REBUILD,thursday,x_1450210_NC-REBUILD_thursday,0,OPTIMAL
1450210,NC-REBUILD,tuesday,x_1450210_NC-REBUILD_tuesday,0,OPTIMAL
1450210,NC-REBUILD,wednesday,x_1450210_NC-REBUILD_wednesday,0,OPTIMAL
1450222,NC-MECHANIC EXE,friday,x_1450222_NC-MECHANIC EXE_friday,0,OPTIMAL
1450222,NC-MECHANIC EXE,monday,x_1450222_NC-MECHANIC EXE_monday,0,OPTIMAL
1450222,NC-MECHANIC EXE,thursday,x_1450222_NC-MECHANIC EXE_thursday,0,OPTIMAL
1450222,NC-MECHANIC EXE,tuesday,x_1450222_NC-MECHANIC EXE_tuesday,0,OPTIMAL
1450222,NC-MECHANIC EXE,wednesday,x_1450222_NC-MECHANIC EXE_wednesday,0,OPTIMAL
1450232,NC-MECHANIC EXE,friday,x_1450232_NC-MECHANIC EXE_friday,0,OPTIMAL
1450232,NC-MECHANIC EXE,monday,x_1450232_NC-MECHANIC EXE_monday,0,OPTIMAL
1450232,NC-MECHANIC EXE,thursday,x_1450232_NC-MECHANIC EXE_thursday,0,OPTIMAL
1450232,NC-MECHANIC EXE,tuesday,x_1450232_NC-MECHANIC EXE_tuesday,0,OPTIMAL
1450232,NC-MECHANIC EXE,wednesday,x_1450232_NC-MECHANIC EXE_wednesday,0,OPTIMAL
1450248,NC-MECHANIC EXE,friday,x_1450248_NC-MECHANIC EXE_friday,0,OPTIMAL
1450248,NC-MECHANIC EXE,monday,x_1450248_NC-MECHANIC EXE_monday,0,OPTIMAL
1450248,NC-MECHANIC EXE,thursday,x_1450248_NC-MECHANIC EXE_thursday,0,OPTIMAL
1450248,NC-MECHANIC EXE,tuesday,x_1450248_NC-MECHANIC EXE_tuesday,0,OPTIMAL
1450248,NC-MECHANIC EXE,wednesday,x_1450248_NC-MECHANIC EXE_wednesday,0,OPTIMAL
1450256,NC-MECHANIC EXE,friday,x_1450256_NC-MECHANIC EXE_friday,0,OPTIMAL
1450256,NC-MECHANIC EXE,monday,x_1450256_NC-MECHANIC EXE_monday,0,OPTIMAL
1450256,NC-MECHANIC EXE,thursday,x_1450256_NC-MECHANIC EXE_thursday,0,OPTIMAL
1450256,NC-MECHANIC EXE,tuesday,x_1450256_NC-MECHANIC EXE_tuesday,0,OPTIMAL
1450256,NC-MECHANIC EXE,wednesday,x_1450256_NC-MECHANIC EXE_wednesday,0,OPTIMAL
1450304,NC-E/I,friday,x_1450304_NC-E/I_friday,0,OPTIMAL
1450304,NC-E/I,monday,x_1450304_NC-E/I_monday,1,OPTIMAL
1450304,NC-E/I,saturday,x_1450304_NC-E/I_saturday,0,OPTIMAL
1450304,NC-E/I,sunday,x_1450304_NC-E/I_sunday,0,OPTIMAL
1450304,NC-E/I,thursday,x_1450304_NC-E/I_thursday,0,OPTIMAL
1450304,NC-E/I,tuesday,x_1450304_NC-E/I_tuesday,0,OPTIMAL
1450304,NC-E/I,wednesday,x_1450304_NC-E/I_wednesday,0,OPTIMAL
1450311,NC-MECHANIC EXE,friday,x_1450311_NC-MECHANIC EXE_friday,0,OPTIMAL
1450311,NC-MECHANIC EXE,monday,x_1450311_NC-MECHANIC EXE_monday,0,OPTIMAL
1450311,NC-MECHANIC EXE,thursday,x_1450311_NC-MECHANIC EXE_thursday,0,OPTIMAL
1450311,NC-MECHANIC EXE,tuesday,x_1450311_NC-MECHANIC EXE_tuesday,0,OPTIMAL
1450311,NC-MECHANIC EXE,wednesday,x_1450311_NC-MECHANIC EXE_wednesday,0,OPTIMAL
1450318,NC-MECHANIC EXE,friday,x_1450318_NC-MECHANIC EXE_friday,0,OPTIMAL
1450318,NC-MECHANIC EXE,monday,x_1450318_NC-MECHANIC EXE_monday,0,OPTIMAL
1450318,NC-MECHANIC EXE,thursday,x_1450318_NC-MECHANIC EXE_thursday,0,OPTIMAL
1450318,NC-MECHANIC EXE,tuesday,x_1450318_NC-MECHANIC EXE_tuesday,0,OPTIMAL
1450318,NC-MECHANIC EXE,wednesday,x_1450318_NC-MECHANIC EXE_wednesday,0,OPTIMAL
1450323,NC-E/I,friday,x_1450323_NC-E/I_friday,0,OPTIMAL
1450323,NC-E/I,monday,x_1450323_NC-E/I_monday,0,OPTIMAL
1450323,NC-E/I,saturday,x_1450323_NC-E/I_saturday,0,OPTIMAL
1450323,NC-E/I,sunday,x_1450323_NC-E/I_sunday,0,OPTIMAL
1450323,NC-E/I,thursday,x_1450323_NC-E/I_thursday,0,OPTIMAL
1450323,NC-E/I,tuesday,x_1450323_NC-E/I_tuesday,0,OPTIMAL
1450323,NC-E/I,wednesday,x_1450323_NC-E/I_wednesday,0,OPTIMAL
1450324,NC-E/I,friday,x_1450324_NC-E/I_friday,0,OPTIMAL
1450324,NC-E/I,monday,x_1450324_NC-E/I_monday,0,OPTIMAL
1450324,NC-E/I,saturday,x_1450324_NC-E/I_saturday,1,OPTIMAL
1450324,NC-E/I,sunday,x_1450324_NC-E/I_sunday,0,OPTIMAL
1450324,NC-E/I,thursday,x_1450324_NC-E/I_thursday,0,OPTIMAL
1450324,NC-E/I,tuesday,x_1450324_NC-E/I_tuesday,0,OPTIMAL
1450324,NC-E/I,wednesday,x_1450324_NC-E/I_wednesday,0,OPTIMAL
1450326,NC-E/I,friday,x_1450326_NC-E/I_friday,0,OPTIMAL
1450326,NC-E/I,monday,x_1450326_NC-E/I_monday,0,OPTIMAL
1450326,NC-E/I,saturday,x_1450326_NC-E/I_saturday,0,OPTIMAL
1450326,NC-E/I,sunday,x_1450326_NC-E/I_sunday,0,OPTIMAL
1450326,NC-E/I,thursday,x_1450326_NC-E/I_thursday,0,OPTIMAL
1450326,NC-E/I,tuesday,x_1450326_NC-E/I_tuesday,0,OPTIMAL
1450326,NC-E/I,wednesday,x_1450326_NC-E/I_wednesday,0,OPTIMAL
1450892,NC-E/I,friday,x_1450892_NC-E/I_friday,1,OPTIMAL
1450892,NC-E/I,monday,x_1450892_NC-E/I_monday,0,OPTIMAL
1450892,NC-E/I,saturday,x_1450892_NC-E/I_saturday,0,OPTIMAL
1450892,NC-E/I,sunday,x_1450892_NC-E/I_sunday,0,OPTIMAL
1450892,NC-E/I,thursday,x_1450892_NC-E/I_thursday,0,OPTIMAL
1450892,NC-E/I,tuesday,x_1450892_NC-E/I_tuesday,0,OPTIMAL
1450892,NC-E/I,wednesday,x_1450892_NC-E/I_wednesday,0,OPTIMAL
1450893,NC-E/I,friday,x_1450893_NC-E/I_friday,0,OPTIMAL
1450893,NC-E/I,monday,x_1450893_NC-E/I_monday,1,OPTIMAL
1450893,NC-E/I,saturday,x_1450893_NC-E/I_saturday,0,OPTIMAL
1450893,NC-E/I,sunday,x_1450893_NC-E/I_sunday,0,OPTIMAL
1450893,NC-E/I,thursday,x_1450893_NC-E/I_thursday,0,OPTIMAL
1450893,NC-E/I,tuesday,x_1450893_NC-E/I_tuesday,0,OPTIMAL
1450893,NC-E/I,wednesday,x_1450893_NC-E/I_wednesday,0,OPTIMAL
1450894,NC-E/I,friday,x_1450894_NC-E/I_friday,1,OPTIMAL
1450894,NC-E/I,monday,x_1450894_NC-E/I_monday,0,OPTIMAL
1450894,NC-E/I,saturday,x_1450894_NC-E/I_saturday,0,OPTIMAL
1450894,NC-E/I,sunday,x_1450894_NC-E/I_sunday,0,OPTIMAL
1450894,NC-E/I,thursday,x_1450894_NC-E/I_thursday,0,OPTIMAL
1450894,NC-E/I,tuesday,x_1450894_NC-E/I_tuesday,0,OPTIMAL
1450894,NC-E/I,wednesday,x_1450894_NC-E/I_wednesday,0,OPTIMAL
1450895,NC-E/I,friday,x_1450895_NC-E/I_friday,1,OPTIMAL
1450895,NC-E/I,monday,x_1450895_NC-E/I_monday,0,OPTIMAL
1450895,NC-E/I,saturday,x_1450895_NC-E/I_saturday,0,OPTIMAL
1450895,NC-E/I,sunday,x_1450895_NC-E/I_sunday,0,OPTIMAL
1450895,NC-E/I,thursday,x_1450895_NC-E/I_thursday,0,OPTIMAL
1450895,NC-E/I,tuesday,x_1450895_NC-E/I_tuesday,0,OPTIMAL
1450895,NC-E/I,wednesday,x_1450895_NC-E/I_wednesday,0,OPTIMAL
1450898,NC-MECHANIC EXE,friday,x_1450898_NC-MECHANIC EXE_friday,0,OPTIMAL
1450898,NC-MECHANIC EXE,monday,x_1450898_NC-MECHANIC EXE_monday,0,OPTIMAL
1450898,NC-MECHANIC EXE,thursday,x_1450898_NC-MECHANIC EXE_thursday,0,OPTIMAL
1450898,NC-MECHANIC EXE,tuesday,x_1450898_NC-MECHANIC EXE_tuesday,0,OPTIMAL
1450898,NC-MECHANIC EXE,wednesday,x_1450898_NC-MECHANIC EXE_wednesday,0,OPTIMAL
1450899,NC-MECHANIC EXE,friday,x_1450899_NC-MECHANIC EXE_friday,0,OPTIMAL
1450899,NC-MECHANIC EXE,monday,x_1450899_NC-MECHANIC EXE_monday,0,OPTIMAL
1450899,NC-MECHANIC EXE,thursday,x_1450899_NC-MECHANIC EXE_thursday,0,OPTIMAL
1450899,NC-MECHANIC EXE,tuesday,x_1450899_NC-MECHANIC EXE_tuesday,0,OPTIMAL
1450899,NC-MECHANIC EXE,wednesday,x_1450899_NC-MECHANIC EXE_wednesday,0,OPTIMAL
1451278,NC-E/I,friday,x_1451278_NC-E/I_friday,0,OPTIMAL
1451278,NC-E/I,monday,x_1451278_NC-E/I_monday,0,OPTIMAL
1451278,NC-E/I,saturday,x_1451278_NC-E/I_saturday,0,OPTIMAL
1451278,NC-E/I,sunday,x_1451278_NC-E/I_sunday,0,OPTIMAL
1451278,NC-E/I,thursday,x_1451278_NC-E/I_thursday,0,OPTIMAL
1451278,NC-E/I,tuesday,x_1451278_NC-E/I_tuesday,0,OPTIMAL
1451278,NC-E/I,wednesday,x_1451278_NC-E/I_wednesday,0,OPTIMAL
1451279,NC-E/I,friday,x_1451279_NC-E/I_friday,0,OPTIMAL
1451279,NC-E/I,monday,x_1451279_NC-E/I_monday,0,OPTIMAL
1451279,NC-E/I,saturday,x_1451279_NC-E/I_saturday,0,OPTIMAL
1451279,NC-E/I,sunday,x_1451279_NC-E/I_sunday,0,OPTIMAL
1451279,NC-E/I,thursday,x_1451279_NC-E/I_thursday,0,OPTIMAL
1451279,NC-E/I,tuesday,x_1451279_NC-E/I_tuesday,0,OPTIMAL
1451279,NC-E/I,wednesday,x_1451279_NC-E/I_wednesday,0,OPTIMAL
1451286,NC-E/I,friday,x_1451286_NC-E/I_friday,0,OPTIMAL
1451286,NC-E/I,monday,x_1451286_NC-E/I_monday,0,OPTIMAL
1451286,NC-E/I,saturday,x_1451286_NC-E/I_saturday,0,OPTIMAL
1451286,NC-E/I,sunday,x_1451286_NC-E/I_sunday,0,OPTIMAL
1451286,NC-E/I,thursday,x_1451286_NC-E/I_thursday,0,OPTIMAL
1451286,NC-E/I,tuesday,x_1451286_NC-E/I_tuesday,0,OPTIMAL
1451286,NC-E/I,wednesday,x_1451286_NC-E/I_wednesday,1,OPTIMAL
1451326,NC-MECHANIC EXE,friday,x_1451326_NC-MECHANIC EXE_friday,0,OPTIMAL
1451326,NC-MECHANIC EXE,monday,x_1451326_NC-MECHANIC EXE_monday,0,OPTIMAL
1451326,NC-MECHANIC EXE,thursday,x_1451326_NC-MECHANIC EXE_thursday,0,OPTIMAL
1451326,NC-MECHANIC EXE,tuesday,x_1451326_NC-MECHANIC EXE_tuesday,0,OPTIMAL
1451326,NC-MECHANIC EXE,wednesday,x_1451326_NC-MECHANIC EXE_wednesday,1,OPTIMAL
