wo_id,trade,num_vars,boolvars
1453629,NC-LUBRICATOR,5,"[x_1453629_NC-LUBRICATOR_monday(0..1), x_1453629_NC-LUBRICATOR_tuesday(0..1), x_1453629_NC-LUBRICATOR_wednesday(0..1), x_1453629_NC-LUBRICATOR_thursday(0..1), x_1453629_NC-LUBRICATOR_friday(0..1)]"
1453482,NC-PM DAY,7,"[x_1453482_NC-PM DAY_monday(0..1), x_1453482_NC-PM DAY_tuesday(0..1), x_1453482_NC-PM DAY_wednesday(0..1), x_1453482_NC-PM DAY_thursday(0..1), x_1453482_NC-PM DAY_friday(0..1), x_1453482_NC-PM DAY_saturday(0..1), x_1453482_NC-PM DAY_sunday(0..1)]"
1453481,NC-PM DAY,7,"[x_1453481_NC-PM DAY_monday(0..1), x_1453481_NC-PM DAY_tuesday(0..1), x_1453481_NC-PM DAY_wednesday(0..1), x_1453481_NC-PM DAY_thursday(0..1), x_1453481_NC-PM DAY_friday(0..1), x_1453481_NC-PM DAY_saturday(0..1), x_1453481_NC-PM DAY_sunday(0..1)]"
1453428,NC-REBUILD,5,"[x_1453428_NC-REBUILD_monday(0..1), x_1453428_NC-REBUILD_tuesday(0..1), x_1453428_NC-REBUILD_wednesday(0..1), x_1453428_NC-REBUILD_thursday(0..1), x_1453428_NC-REBUILD_friday(0..1)]"
1453421,NC-MECHANIC EXE,5,"[x_1453421_NC-MECHANIC EXE_monday(0..1), x_1453421_NC-MECHANIC EXE_tuesday(0..1), x_1453421_NC-MECHANIC EXE_wednesday(0..1), x_1453421_NC-MECHANIC EXE_thursday(0..1), x_1453421_NC-MECHANIC EXE_friday(0..1)]"
1453071,NC-REBUILD,5,"[x_1453071_NC-REBUILD_monday(0..1), x_1453071_NC-REBUILD_tuesday(0..1), x_1453071_NC-REBUILD_wednesday(0..1), x_1453071_NC-REBUILD_thursday(0..1), x_1453071_NC-REBUILD_friday(0..1)]"
1453069,NC-REBUILD,5,"[x_1453069_NC-REBUILD_monday(0..1), x_1453069_NC-REBUILD_tuesday(0..1), x_1453069_NC-REBUILD_wednesday(0..1), x_1453069_NC-REBUILD_thursday(0..1), x_1453069_NC-REBUILD_friday(0..1)]"
1452557,NC-REBUILD,5,"[x_1452557_NC-REBUILD_monday(0..1), x_1452557_NC-REBUILD_tuesday(0..1), x_1452557_NC-REBUILD_wednesday(0..1), x_1452557_NC-REBUILD_thursday(0..1), x_1452557_NC-REBUILD_friday(0..1)]"
1452505,NC-PM NIGHT,7,"[x_1452505_NC-PM NIGHT_monday(0..1), x_1452505_NC-PM NIGHT_tuesday(0..1), x_1452505_NC-PM NIGHT_wednesday(0..1), x_1452505_NC-PM NIGHT_thursday(0..1), x_1452505_NC-PM NIGHT_friday(0..1), x_1452505_NC-PM NIGHT_saturday(0..1), x_1452505_NC-PM NIGHT_sunday(0..1)]"
1452462,NC-REBUILD,5,"[x_1452462_NC-REBUILD_monday(0..1), x_1452462_NC-REBUILD_tuesday(0..1), x_1452462_NC-REBUILD_wednesday(0..1), x_1452462_NC-REBUILD_thursday(0..1), x_1452462_NC-REBUILD_friday(0..1)]"
1452443,NC-REBUILD,5,"[x_1452443_NC-REBUILD_monday(0..1), x_1452443_NC-REBUILD_tuesday(0..1), x_1452443_NC-REBUILD_wednesday(0..1), x_1452443_NC-REBUILD_thursday(0..1), x_1452443_NC-REBUILD_friday(0..1)]"
1452404,NC-PM DAY,7,"[x_1452404_NC-PM DAY_monday(0..1), x_1452404_NC-PM DAY_tuesday(0..1), x_1452404_NC-PM DAY_wednesday(0..1), x_1452404_NC-PM DAY_thursday(0..1), x_1452404_NC-PM DAY_friday(0..1), x_1452404_NC-PM DAY_saturday(0..1), x_1452404_NC-PM DAY_sunday(0..1)]"
1452288,NC-E/I,7,"[x_1452288_NC-E/I_monday(0..1), x_1452288_NC-E/I_tuesday(0..1), x_1452288_NC-E/I_wednesday(0..1), x_1452288_NC-E/I_thursday(0..1), x_1452288_NC-E/I_friday(0..1), x_1452288_NC-E/I_saturday(0..1), x_1452288_NC-E/I_sunday(0..1)]"
1452263,NC-MECHANIC EXE,5,"[x_1452263_NC-MECHANIC EXE_monday(0..1), x_1452263_NC-MECHANIC EXE_tuesday(0..1), x_1452263_NC-MECHANIC EXE_wednesday(0..1), x_1452263_NC-MECHANIC EXE_thursday(0..1), x_1452263_NC-MECHANIC EXE_friday(0..1)]"
1452262,NC-MECHANIC EXE,5,"[x_1452262_NC-MECHANIC EXE_monday(0..1), x_1452262_NC-MECHANIC EXE_tuesday(0..1), x_1452262_NC-MECHANIC EXE_wednesday(0..1), x_1452262_NC-MECHANIC EXE_thursday(0..1), x_1452262_NC-MECHANIC EXE_friday(0..1)]"
1452257,NC-E/I,7,"[x_1452257_NC-E/I_monday(0..1), x_1452257_NC-E/I_tuesday(0..1), x_1452257_NC-E/I_wednesday(0..1), x_1452257_NC-E/I_thursday(0..1), x_1452257_NC-E/I_friday(0..1), x_1452257_NC-E/I_saturday(0..1), x_1452257_NC-E/I_sunday(0..1)]"
1451754,NC-MECHANIC EXE,5,"[x_1451754_NC-MECHANIC EXE_monday(0..1), x_1451754_NC-MECHANIC EXE_tuesday(0..1), x_1451754_NC-MECHANIC EXE_wednesday(0..1), x_1451754_NC-MECHANIC EXE_thursday(0..1), x_1451754_NC-MECHANIC EXE_friday(0..1)]"
1451427,NC-EQUIPMENT,5,"[x_1451427_NC-EQUIPMENT_monday(0..1), x_1451427_NC-EQUIPMENT_tuesday(0..1), x_1451427_NC-EQUIPMENT_wednesday(0..1), x_1451427_NC-EQUIPMENT_thursday(0..1), x_1451427_NC-EQUIPMENT_friday(0..1)]"
1451369,NC-REBUILD,5,"[x_1451369_NC-REBUILD_monday(0..1), x_1451369_NC-REBUILD_tuesday(0..1), x_1451369_NC-REBUILD_wednesday(0..1), x_1451369_NC-REBUILD_thursday(0..1), x_1451369_NC-REBUILD_friday(0..1)]"
1451286,NC-E/I,7,"[x_1451286_NC-E/I_monday(0..1), x_1451286_NC-E/I_tuesday(0..1), x_1451286_NC-E/I_wednesday(0..1), x_1451286_NC-E/I_thursday(0..1), x_1451286_NC-E/I_friday(0..1), x_1451286_NC-E/I_saturday(0..1), x_1451286_NC-E/I_sunday(0..1)]"
1450346,NC-MECHANIC EXE,5,"[x_1450346_NC-MECHANIC EXE_monday(0..1), x_1450346_NC-MECHANIC EXE_tuesday(0..1), x_1450346_NC-MECHANIC EXE_wednesday(0..1), x_1450346_NC-MECHANIC EXE_thursday(0..1), x_1450346_NC-MECHANIC EXE_friday(0..1)]"
1450285,NC-PM DAY,7,"[x_1450285_NC-PM DAY_monday(0..1), x_1450285_NC-PM DAY_tuesday(0..1), x_1450285_NC-PM DAY_wednesday(0..1), x_1450285_NC-PM DAY_thursday(0..1), x_1450285_NC-PM DAY_friday(0..1), x_1450285_NC-PM DAY_saturday(0..1), x_1450285_NC-PM DAY_sunday(0..1)]"
1450272,NC-PM DAY,7,"[x_1450272_NC-PM DAY_monday(0..1), x_1450272_NC-PM DAY_tuesday(0..1), x_1450272_NC-PM DAY_wednesday(0..1), x_1450272_NC-PM DAY_thursday(0..1), x_1450272_NC-PM DAY_friday(0..1), x_1450272_NC-PM DAY_saturday(0..1), x_1450272_NC-PM DAY_sunday(0..1)]"
1450248,NC-MECHANIC EXE,5,"[x_1450248_NC-MECHANIC EXE_monday(0..1), x_1450248_NC-MECHANIC EXE_tuesday(0..1), x_1450248_NC-MECHANIC EXE_wednesday(0..1), x_1450248_NC-MECHANIC EXE_thursday(0..1), x_1450248_NC-MECHANIC EXE_friday(0..1)]"
1450233,NC-PM DAY,7,"[x_1450233_NC-PM DAY_monday(0..1), x_1450233_NC-PM DAY_tuesday(0..1), x_1450233_NC-PM DAY_wednesday(0..1), x_1450233_NC-PM DAY_thursday(0..1), x_1450233_NC-PM DAY_friday(0..1), x_1450233_NC-PM DAY_saturday(0..1), x_1450233_NC-PM DAY_sunday(0..1)]"
1450159,NC-REBUILD,5,"[x_1450159_NC-REBUILD_monday(0..1), x_1450159_NC-REBUILD_tuesday(0..1), x_1450159_NC-REBUILD_wednesday(0..1), x_1450159_NC-REBUILD_thursday(0..1), x_1450159_NC-REBUILD_friday(0..1)]"
1450151,NC-E/I,7,"[x_1450151_NC-E/I_monday(0..1), x_1450151_NC-E/I_tuesday(0..1), x_1450151_NC-E/I_wednesday(0..1), x_1450151_NC-E/I_thursday(0..1), x_1450151_NC-E/I_friday(0..1), x_1450151_NC-E/I_saturday(0..1), x_1450151_NC-E/I_sunday(0..1)]"
1450130,NC-PM DAY,7,"[x_1450130_NC-PM DAY_monday(0..1), x_1450130_NC-PM DAY_tuesday(0..1), x_1450130_NC-PM DAY_wednesday(0..1), x_1450130_NC-PM DAY_thursday(0..1), x_1450130_NC-PM DAY_friday(0..1), x_1450130_NC-PM DAY_saturday(0..1), x_1450130_NC-PM DAY_sunday(0..1)]"
1450126,NC-PM DAY,7,"[x_1450126_NC-PM DAY_monday(0..1), x_1450126_NC-PM DAY_tuesday(0..1), x_1450126_NC-PM DAY_wednesday(0..1), x_1450126_NC-PM DAY_thursday(0..1), x_1450126_NC-PM DAY_friday(0..1), x_1450126_NC-PM DAY_saturday(0..1), x_1450126_NC-PM DAY_sunday(0..1)]"
1450125,NC-PM DAY,7,"[x_1450125_NC-PM DAY_monday(0..1), x_1450125_NC-PM DAY_tuesday(0..1), x_1450125_NC-PM DAY_wednesday(0..1), x_1450125_NC-PM DAY_thursday(0..1), x_1450125_NC-PM DAY_friday(0..1), x_1450125_NC-PM DAY_saturday(0..1), x_1450125_NC-PM DAY_sunday(0..1)]"
1449372,NC-PM DAY,7,"[x_1449372_NC-PM DAY_monday(0..1), x_1449372_NC-PM DAY_tuesday(0..1), x_1449372_NC-PM DAY_wednesday(0..1), x_1449372_NC-PM DAY_thursday(0..1), x_1449372_NC-PM DAY_friday(0..1), x_1449372_NC-PM DAY_saturday(0..1), x_1449372_NC-PM DAY_sunday(0..1)]"
1449371,NC-PM DAY,7,"[x_1449371_NC-PM DAY_monday(0..1), x_1449371_NC-PM DAY_tuesday(0..1), x_1449371_NC-PM DAY_wednesday(0..1), x_1449371_NC-PM DAY_thursday(0..1), x_1449371_NC-PM DAY_friday(0..1), x_1449371_NC-PM DAY_saturday(0..1), x_1449371_NC-PM DAY_sunday(0..1)]"
1449163,NC-PM DAY,7,"[x_1449163_NC-PM DAY_monday(0..1), x_1449163_NC-PM DAY_tuesday(0..1), x_1449163_NC-PM DAY_wednesday(0..1), x_1449163_NC-PM DAY_thursday(0..1), x_1449163_NC-PM DAY_friday(0..1), x_1449163_NC-PM DAY_saturday(0..1), x_1449163_NC-PM DAY_sunday(0..1)]"
1449161,NC-LUBRICATOR,5,"[x_1449161_NC-LUBRICATOR_monday(0..1), x_1449161_NC-LUBRICATOR_tuesday(0..1), x_1449161_NC-LUBRICATOR_wednesday(0..1), x_1449161_NC-LUBRICATOR_thursday(0..1), x_1449161_NC-LUBRICATOR_friday(0..1)]"
1449160,NC-LUBRICATOR,5,"[x_1449160_NC-LUBRICATOR_monday(0..1), x_1449160_NC-LUBRICATOR_tuesday(0..1), x_1449160_NC-LUBRICATOR_wednesday(0..1), x_1449160_NC-LUBRICATOR_thursday(0..1), x_1449160_NC-LUBRICATOR_friday(0..1)]"
1449158,NC-LUBRICATOR,5,"[x_1449158_NC-LUBRICATOR_monday(0..1), x_1449158_NC-LUBRICATOR_tuesday(0..1), x_1449158_NC-LUBRICATOR_wednesday(0..1), x_1449158_NC-LUBRICATOR_thursday(0..1), x_1449158_NC-LUBRICATOR_friday(0..1)]"
1449162,NC-LUBRICATOR,5,"[x_1449162_NC-LUBRICATOR_monday(0..1), x_1449162_NC-LUBRICATOR_tuesday(0..1), x_1449162_NC-LUBRICATOR_wednesday(0..1), x_1449162_NC-LUBRICATOR_thursday(0..1), x_1449162_NC-LUBRICATOR_friday(0..1)]"
1449157,NC-LUBRICATOR,5,"[x_1449157_NC-LUBRICATOR_monday(0..1), x_1449157_NC-LUBRICATOR_tuesday(0..1), x_1449157_NC-LUBRICATOR_wednesday(0..1), x_1449157_NC-LUBRICATOR_thursday(0..1), x_1449157_NC-LUBRICATOR_friday(0..1)]"
1449154,NC-E/I,7,"[x_1449154_NC-E/I_monday(0..1), x_1449154_NC-E/I_tuesday(0..1), x_1449154_NC-E/I_wednesday(0..1), x_1449154_NC-E/I_thursday(0..1), x_1449154_NC-E/I_friday(0..1), x_1449154_NC-E/I_saturday(0..1), x_1449154_NC-E/I_sunday(0..1)]"
1449150,NC-LUBRICATOR,5,"[x_1449150_NC-LUBRICATOR_monday(0..1), x_1449150_NC-LUBRICATOR_tuesday(0..1), x_1449150_NC-LUBRICATOR_wednesday(0..1), x_1449150_NC-LUBRICATOR_thursday(0..1), x_1449150_NC-LUBRICATOR_friday(0..1)]"
1449155,NC-LUBRICATOR,5,"[x_1449155_NC-LUBRICATOR_monday(0..1), x_1449155_NC-LUBRICATOR_tuesday(0..1), x_1449155_NC-LUBRICATOR_wednesday(0..1), x_1449155_NC-LUBRICATOR_thursday(0..1), x_1449155_NC-LUBRICATOR_friday(0..1)]"
1449134,NC-PM DAY,7,"[x_1449134_NC-PM DAY_monday(0..1), x_1449134_NC-PM DAY_tuesday(0..1), x_1449134_NC-PM DAY_wednesday(0..1), x_1449134_NC-PM DAY_thursday(0..1), x_1449134_NC-PM DAY_friday(0..1), x_1449134_NC-PM DAY_saturday(0..1), x_1449134_NC-PM DAY_sunday(0..1)]"
1449135,NC-PM DAY,7,"[x_1449135_NC-PM DAY_monday(0..1), x_1449135_NC-PM DAY_tuesday(0..1), x_1449135_NC-PM DAY_wednesday(0..1), x_1449135_NC-PM DAY_thursday(0..1), x_1449135_NC-PM DAY_friday(0..1), x_1449135_NC-PM DAY_saturday(0..1), x_1449135_NC-PM DAY_sunday(0..1)]"
1449136,NC-PM DAY,7,"[x_1449136_NC-PM DAY_monday(0..1), x_1449136_NC-PM DAY_tuesday(0..1), x_1449136_NC-PM DAY_wednesday(0..1), x_1449136_NC-PM DAY_thursday(0..1), x_1449136_NC-PM DAY_friday(0..1), x_1449136_NC-PM DAY_saturday(0..1), x_1449136_NC-PM DAY_sunday(0..1)]"
1449132,NC-PM DAY,7,"[x_1449132_NC-PM DAY_monday(0..1), x_1449132_NC-PM DAY_tuesday(0..1), x_1449132_NC-PM DAY_wednesday(0..1), x_1449132_NC-PM DAY_thursday(0..1), x_1449132_NC-PM DAY_friday(0..1), x_1449132_NC-PM DAY_saturday(0..1), x_1449132_NC-PM DAY_sunday(0..1)]"
1449125,NC-LUBRICATOR,5,"[x_1449125_NC-LUBRICATOR_monday(0..1), x_1449125_NC-LUBRICATOR_tuesday(0..1), x_1449125_NC-LUBRICATOR_wednesday(0..1), x_1449125_NC-LUBRICATOR_thursday(0..1), x_1449125_NC-LUBRICATOR_friday(0..1)]"
1449110,NC-LUBRICATOR,5,"[x_1449110_NC-LUBRICATOR_monday(0..1), x_1449110_NC-LUBRICATOR_tuesday(0..1), x_1449110_NC-LUBRICATOR_wednesday(0..1), x_1449110_NC-LUBRICATOR_thursday(0..1), x_1449110_NC-LUBRICATOR_friday(0..1)]"
1449116,NC-LUBRICATOR,5,"[x_1449116_NC-LUBRICATOR_monday(0..1), x_1449116_NC-LUBRICATOR_tuesday(0..1), x_1449116_NC-LUBRICATOR_wednesday(0..1), x_1449116_NC-LUBRICATOR_thursday(0..1), x_1449116_NC-LUBRICATOR_friday(0..1)]"
1449113,NC-LUBRICATOR,5,"[x_1449113_NC-LUBRICATOR_monday(0..1), x_1449113_NC-LUBRICATOR_tuesday(0..1), x_1449113_NC-LUBRICATOR_wednesday(0..1), x_1449113_NC-LUBRICATOR_thursday(0..1), x_1449113_NC-LUBRICATOR_friday(0..1)]"
1449119,NC-LUBRICATOR,5,"[x_1449119_NC-LUBRICATOR_monday(0..1), x_1449119_NC-LUBRICATOR_tuesday(0..1), x_1449119_NC-LUBRICATOR_wednesday(0..1), x_1449119_NC-LUBRICATOR_thursday(0..1), x_1449119_NC-LUBRICATOR_friday(0..1)]"
1449107,NC-LUBRICATOR,5,"[x_1449107_NC-LUBRICATOR_monday(0..1), x_1449107_NC-LUBRICATOR_tuesday(0..1), x_1449107_NC-LUBRICATOR_wednesday(0..1), x_1449107_NC-LUBRICATOR_thursday(0..1), x_1449107_NC-LUBRICATOR_friday(0..1)]"
1449104,NC-LUBRICATOR,5,"[x_1449104_NC-LUBRICATOR_monday(0..1), x_1449104_NC-LUBRICATOR_tuesday(0..1), x_1449104_NC-LUBRICATOR_wednesday(0..1), x_1449104_NC-LUBRICATOR_thursday(0..1), x_1449104_NC-LUBRICATOR_friday(0..1)]"
1449101,NC-LUBRICATOR,5,"[x_1449101_NC-LUBRICATOR_monday(0..1), x_1449101_NC-LUBRICATOR_tuesday(0..1), x_1449101_NC-LUBRICATOR_wednesday(0..1), x_1449101_NC-LUBRICATOR_thursday(0..1), x_1449101_NC-LUBRICATOR_friday(0..1)]"
1449098,NC-LUBRICATOR,5,"[x_1449098_NC-LUBRICATOR_monday(0..1), x_1449098_NC-LUBRICATOR_tuesday(0..1), x_1449098_NC-LUBRICATOR_wednesday(0..1), x_1449098_NC-LUBRICATOR_thursday(0..1), x_1449098_NC-LUBRICATOR_friday(0..1)]"
1449097,NC-PM DAY,7,"[x_1449097_NC-PM DAY_monday(0..1), x_1449097_NC-PM DAY_tuesday(0..1), x_1449097_NC-PM DAY_wednesday(0..1), x_1449097_NC-PM DAY_thursday(0..1), x_1449097_NC-PM DAY_friday(0..1), x_1449097_NC-PM DAY_saturday(0..1), x_1449097_NC-PM DAY_sunday(0..1)]"
1449079,NC-E/I,7,"[x_1449079_NC-E/I_monday(0..1), x_1449079_NC-E/I_tuesday(0..1), x_1449079_NC-E/I_wednesday(0..1), x_1449079_NC-E/I_thursday(0..1), x_1449079_NC-E/I_friday(0..1), x_1449079_NC-E/I_saturday(0..1), x_1449079_NC-E/I_sunday(0..1)]"
1449078,NC-E/I,7,"[x_1449078_NC-E/I_monday(0..1), x_1449078_NC-E/I_tuesday(0..1), x_1449078_NC-E/I_wednesday(0..1), x_1449078_NC-E/I_thursday(0..1), x_1449078_NC-E/I_friday(0..1), x_1449078_NC-E/I_saturday(0..1), x_1449078_NC-E/I_sunday(0..1)]"
1449072,NC-E/I,7,"[x_1449072_NC-E/I_monday(0..1), x_1449072_NC-E/I_tuesday(0..1), x_1449072_NC-E/I_wednesday(0..1), x_1449072_NC-E/I_thursday(0..1), x_1449072_NC-E/I_friday(0..1), x_1449072_NC-E/I_saturday(0..1), x_1449072_NC-E/I_sunday(0..1)]"
1449069,NC-PM DAY,7,"[x_1449069_NC-PM DAY_monday(0..1), x_1449069_NC-PM DAY_tuesday(0..1), x_1449069_NC-PM DAY_wednesday(0..1), x_1449069_NC-PM DAY_thursday(0..1), x_1449069_NC-PM DAY_friday(0..1), x_1449069_NC-PM DAY_saturday(0..1), x_1449069_NC-PM DAY_sunday(0..1)]"
1449074,NC-PM DAY,7,"[x_1449074_NC-PM DAY_monday(0..1), x_1449074_NC-PM DAY_tuesday(0..1), x_1449074_NC-PM DAY_wednesday(0..1), x_1449074_NC-PM DAY_thursday(0..1), x_1449074_NC-PM DAY_friday(0..1), x_1449074_NC-PM DAY_saturday(0..1), x_1449074_NC-PM DAY_sunday(0..1)]"
1449073,NC-E/I,7,"[x_1449073_NC-E/I_monday(0..1), x_1449073_NC-E/I_tuesday(0..1), x_1449073_NC-E/I_wednesday(0..1), x_1449073_NC-E/I_thursday(0..1), x_1449073_NC-E/I_friday(0..1), x_1449073_NC-E/I_saturday(0..1), x_1449073_NC-E/I_sunday(0..1)]"
1449065,NC-E/I,7,"[x_1449065_NC-E/I_monday(0..1), x_1449065_NC-E/I_tuesday(0..1), x_1449065_NC-E/I_wednesday(0..1), x_1449065_NC-E/I_thursday(0..1), x_1449065_NC-E/I_friday(0..1), x_1449065_NC-E/I_saturday(0..1), x_1449065_NC-E/I_sunday(0..1)]"
1449067,NC-E/I,7,"[x_1449067_NC-E/I_monday(0..1), x_1449067_NC-E/I_tuesday(0..1), x_1449067_NC-E/I_wednesday(0..1), x_1449067_NC-E/I_thursday(0..1), x_1449067_NC-E/I_friday(0..1), x_1449067_NC-E/I_saturday(0..1), x_1449067_NC-E/I_sunday(0..1)]"
1449055,NC-E/I,7,"[x_1449055_NC-E/I_monday(0..1), x_1449055_NC-E/I_tuesday(0..1), x_1449055_NC-E/I_wednesday(0..1), x_1449055_NC-E/I_thursday(0..1), x_1449055_NC-E/I_friday(0..1), x_1449055_NC-E/I_saturday(0..1), x_1449055_NC-E/I_sunday(0..1)]"
1449059,NC-E/I,7,"[x_1449059_NC-E/I_monday(0..1), x_1449059_NC-E/I_tuesday(0..1), x_1449059_NC-E/I_wednesday(0..1), x_1449059_NC-E/I_thursday(0..1), x_1449059_NC-E/I_friday(0..1), x_1449059_NC-E/I_saturday(0..1), x_1449059_NC-E/I_sunday(0..1)]"
1449058,NC-E/I,7,"[x_1449058_NC-E/I_monday(0..1), x_1449058_NC-E/I_tuesday(0..1), x_1449058_NC-E/I_wednesday(0..1), x_1449058_NC-E/I_thursday(0..1), x_1449058_NC-E/I_friday(0..1), x_1449058_NC-E/I_saturday(0..1), x_1449058_NC-E/I_sunday(0..1)]"
1449054,NC-E/I,7,"[x_1449054_NC-E/I_monday(0..1), x_1449054_NC-E/I_tuesday(0..1), x_1449054_NC-E/I_wednesday(0..1), x_1449054_NC-E/I_thursday(0..1), x_1449054_NC-E/I_friday(0..1), x_1449054_NC-E/I_saturday(0..1), x_1449054_NC-E/I_sunday(0..1)]"
1449047,NC-E/I,7,"[x_1449047_NC-E/I_monday(0..1), x_1449047_NC-E/I_tuesday(0..1), x_1449047_NC-E/I_wednesday(0..1), x_1449047_NC-E/I_thursday(0..1), x_1449047_NC-E/I_friday(0..1), x_1449047_NC-E/I_saturday(0..1), x_1449047_NC-E/I_sunday(0..1)]"
1449046,NC-E/I,7,"[x_1449046_NC-E/I_monday(0..1), x_1449046_NC-E/I_tuesday(0..1), x_1449046_NC-E/I_wednesday(0..1), x_1449046_NC-E/I_thursday(0..1), x_1449046_NC-E/I_friday(0..1), x_1449046_NC-E/I_saturday(0..1), x_1449046_NC-E/I_sunday(0..1)]"
1449050,NC-E/I,7,"[x_1449050_NC-E/I_monday(0..1), x_1449050_NC-E/I_tuesday(0..1), x_1449050_NC-E/I_wednesday(0..1), x_1449050_NC-E/I_thursday(0..1), x_1449050_NC-E/I_friday(0..1), x_1449050_NC-E/I_saturday(0..1), x_1449050_NC-E/I_sunday(0..1)]"
1449051,NC-E/I,7,"[x_1449051_NC-E/I_monday(0..1), x_1449051_NC-E/I_tuesday(0..1), x_1449051_NC-E/I_wednesday(0..1), x_1449051_NC-E/I_thursday(0..1), x_1449051_NC-E/I_friday(0..1), x_1449051_NC-E/I_saturday(0..1), x_1449051_NC-E/I_sunday(0..1)]"
1449038,NC-E/I,7,"[x_1449038_NC-E/I_monday(0..1), x_1449038_NC-E/I_tuesday(0..1), x_1449038_NC-E/I_wednesday(0..1), x_1449038_NC-E/I_thursday(0..1), x_1449038_NC-E/I_friday(0..1), x_1449038_NC-E/I_saturday(0..1), x_1449038_NC-E/I_sunday(0..1)]"
1449035,NC-E/I,7,"[x_1449035_NC-E/I_monday(0..1), x_1449035_NC-E/I_tuesday(0..1), x_1449035_NC-E/I_wednesday(0..1), x_1449035_NC-E/I_thursday(0..1), x_1449035_NC-E/I_friday(0..1), x_1449035_NC-E/I_saturday(0..1), x_1449035_NC-E/I_sunday(0..1)]"
1449036,NC-E/I,7,"[x_1449036_NC-E/I_monday(0..1), x_1449036_NC-E/I_tuesday(0..1), x_1449036_NC-E/I_wednesday(0..1), x_1449036_NC-E/I_thursday(0..1), x_1449036_NC-E/I_friday(0..1), x_1449036_NC-E/I_saturday(0..1), x_1449036_NC-E/I_sunday(0..1)]"
1449042,NC-E/I,7,"[x_1449042_NC-E/I_monday(0..1), x_1449042_NC-E/I_tuesday(0..1), x_1449042_NC-E/I_wednesday(0..1), x_1449042_NC-E/I_thursday(0..1), x_1449042_NC-E/I_friday(0..1), x_1449042_NC-E/I_saturday(0..1), x_1449042_NC-E/I_sunday(0..1)]"
1449043,NC-E/I,7,"[x_1449043_NC-E/I_monday(0..1), x_1449043_NC-E/I_tuesday(0..1), x_1449043_NC-E/I_wednesday(0..1), x_1449043_NC-E/I_thursday(0..1), x_1449043_NC-E/I_friday(0..1), x_1449043_NC-E/I_saturday(0..1), x_1449043_NC-E/I_sunday(0..1)]"
1449037,NC-E/I,7,"[x_1449037_NC-E/I_monday(0..1), x_1449037_NC-E/I_tuesday(0..1), x_1449037_NC-E/I_wednesday(0..1), x_1449037_NC-E/I_thursday(0..1), x_1449037_NC-E/I_friday(0..1), x_1449037_NC-E/I_saturday(0..1), x_1449037_NC-E/I_sunday(0..1)]"
1449030,NC-PM DAY,7,"[x_1449030_NC-PM DAY_monday(0..1), x_1449030_NC-PM DAY_tuesday(0..1), x_1449030_NC-PM DAY_wednesday(0..1), x_1449030_NC-PM DAY_thursday(0..1), x_1449030_NC-PM DAY_friday(0..1), x_1449030_NC-PM DAY_saturday(0..1), x_1449030_NC-PM DAY_sunday(0..1)]"
1449031,NC-PM DAY,7,"[x_1449031_NC-PM DAY_monday(0..1), x_1449031_NC-PM DAY_tuesday(0..1), x_1449031_NC-PM DAY_wednesday(0..1), x_1449031_NC-PM DAY_thursday(0..1), x_1449031_NC-PM DAY_friday(0..1), x_1449031_NC-PM DAY_saturday(0..1), x_1449031_NC-PM DAY_sunday(0..1)]"
1449016,NC-E/I,7,"[x_1449016_NC-E/I_monday(0..1), x_1449016_NC-E/I_tuesday(0..1), x_1449016_NC-E/I_wednesday(0..1), x_1449016_NC-E/I_thursday(0..1), x_1449016_NC-E/I_friday(0..1), x_1449016_NC-E/I_saturday(0..1), x_1449016_NC-E/I_sunday(0..1)]"
1449024,NC-LUBRICATOR,5,"[x_1449024_NC-LUBRICATOR_monday(0..1), x_1449024_NC-LUBRICATOR_tuesday(0..1), x_1449024_NC-LUBRICATOR_wednesday(0..1), x_1449024_NC-LUBRICATOR_thursday(0..1), x_1449024_NC-LUBRICATOR_friday(0..1)]"
1449021,NC-LUBRICATOR,5,"[x_1449021_NC-LUBRICATOR_monday(0..1), x_1449021_NC-LUBRICATOR_tuesday(0..1), x_1449021_NC-LUBRICATOR_wednesday(0..1), x_1449021_NC-LUBRICATOR_thursday(0..1), x_1449021_NC-LUBRICATOR_friday(0..1)]"
1449019,NC-PM DAY,7,"[x_1449019_NC-PM DAY_monday(0..1), x_1449019_NC-PM DAY_tuesday(0..1), x_1449019_NC-PM DAY_wednesday(0..1), x_1449019_NC-PM DAY_thursday(0..1), x_1449019_NC-PM DAY_friday(0..1), x_1449019_NC-PM DAY_saturday(0..1), x_1449019_NC-PM DAY_sunday(0..1)]"
1449018,NC-PM DAY,7,"[x_1449018_NC-PM DAY_monday(0..1), x_1449018_NC-PM DAY_tuesday(0..1), x_1449018_NC-PM DAY_wednesday(0..1), x_1449018_NC-PM DAY_thursday(0..1), x_1449018_NC-PM DAY_friday(0..1), x_1449018_NC-PM DAY_saturday(0..1), x_1449018_NC-PM DAY_sunday(0..1)]"
1449009,NC-MECHANIC EXE,5,"[x_1449009_NC-MECHANIC EXE_monday(0..1), x_1449009_NC-MECHANIC EXE_tuesday(0..1), x_1449009_NC-MECHANIC EXE_wednesday(0..1), x_1449009_NC-MECHANIC EXE_thursday(0..1), x_1449009_NC-MECHANIC EXE_friday(0..1)]"
1449005,NC-PM DAY,7,"[x_1449005_NC-PM DAY_monday(0..1), x_1449005_NC-PM DAY_tuesday(0..1), x_1449005_NC-PM DAY_wednesday(0..1), x_1449005_NC-PM DAY_thursday(0..1), x_1449005_NC-PM DAY_friday(0..1), x_1449005_NC-PM DAY_saturday(0..1), x_1449005_NC-PM DAY_sunday(0..1)]"
1449004,NC-PM DAY,7,"[x_1449004_NC-PM DAY_monday(0..1), x_1449004_NC-PM DAY_tuesday(0..1), x_1449004_NC-PM DAY_wednesday(0..1), x_1449004_NC-PM DAY_thursday(0..1), x_1449004_NC-PM DAY_friday(0..1), x_1449004_NC-PM DAY_saturday(0..1), x_1449004_NC-PM DAY_sunday(0..1)]"
1449000,NC-LUBRICATOR,5,"[x_1449000_NC-LUBRICATOR_monday(0..1), x_1449000_NC-LUBRICATOR_tuesday(0..1), x_1449000_NC-LUBRICATOR_wednesday(0..1), x_1449000_NC-LUBRICATOR_thursday(0..1), x_1449000_NC-LUBRICATOR_friday(0..1)]"
1449001,NC-MECHANIC EXE,5,"[x_1449001_NC-MECHANIC EXE_monday(0..1), x_1449001_NC-MECHANIC EXE_tuesday(0..1), x_1449001_NC-MECHANIC EXE_wednesday(0..1), x_1449001_NC-MECHANIC EXE_thursday(0..1), x_1449001_NC-MECHANIC EXE_friday(0..1)]"
1448993,NC-PM NIGHT,7,"[x_1448993_NC-PM NIGHT_monday(0..1), x_1448993_NC-PM NIGHT_tuesday(0..1), x_1448993_NC-PM NIGHT_wednesday(0..1), x_1448993_NC-PM NIGHT_thursday(0..1), x_1448993_NC-PM NIGHT_friday(0..1), x_1448993_NC-PM NIGHT_saturday(0..1), x_1448993_NC-PM NIGHT_sunday(0..1)]"
1448994,NC-PM NIGHT,7,"[x_1448994_NC-PM NIGHT_monday(0..1), x_1448994_NC-PM NIGHT_tuesday(0..1), x_1448994_NC-PM NIGHT_wednesday(0..1), x_1448994_NC-PM NIGHT_thursday(0..1), x_1448994_NC-PM NIGHT_friday(0..1), x_1448994_NC-PM NIGHT_saturday(0..1), x_1448994_NC-PM NIGHT_sunday(0..1)]"
1448984,NC-LUBRICATOR,5,"[x_1448984_NC-LUBRICATOR_monday(0..1), x_1448984_NC-LUBRICATOR_tuesday(0..1), x_1448984_NC-LUBRICATOR_wednesday(0..1), x_1448984_NC-LUBRICATOR_thursday(0..1), x_1448984_NC-LUBRICATOR_friday(0..1)]"
1448981,NC-PM DAY,7,"[x_1448981_NC-PM DAY_monday(0..1), x_1448981_NC-PM DAY_tuesday(0..1), x_1448981_NC-PM DAY_wednesday(0..1), x_1448981_NC-PM DAY_thursday(0..1), x_1448981_NC-PM DAY_friday(0..1), x_1448981_NC-PM DAY_saturday(0..1), x_1448981_NC-PM DAY_sunday(0..1)]"
1448982,NC-PM DAY,7,"[x_1448982_NC-PM DAY_monday(0..1), x_1448982_NC-PM DAY_tuesday(0..1), x_1448982_NC-PM DAY_wednesday(0..1), x_1448982_NC-PM DAY_thursday(0..1), x_1448982_NC-PM DAY_friday(0..1), x_1448982_NC-PM DAY_saturday(0..1), x_1448982_NC-PM DAY_sunday(0..1)]"
1448983,NC-PM DAY,7,"[x_1448983_NC-PM DAY_monday(0..1), x_1448983_NC-PM DAY_tuesday(0..1), x_1448983_NC-PM DAY_wednesday(0..1), x_1448983_NC-PM DAY_thursday(0..1), x_1448983_NC-PM DAY_friday(0..1), x_1448983_NC-PM DAY_saturday(0..1), x_1448983_NC-PM DAY_sunday(0..1)]"
1448980,NC-PM DAY,7,"[x_1448980_NC-PM DAY_monday(0..1), x_1448980_NC-PM DAY_tuesday(0..1), x_1448980_NC-PM DAY_wednesday(0..1), x_1448980_NC-PM DAY_thursday(0..1), x_1448980_NC-PM DAY_friday(0..1), x_1448980_NC-PM DAY_saturday(0..1), x_1448980_NC-PM DAY_sunday(0..1)]"
1448974,NC-E/I,7,"[x_1448974_NC-E/I_monday(0..1), x_1448974_NC-E/I_tuesday(0..1), x_1448974_NC-E/I_wednesday(0..1), x_1448974_NC-E/I_thursday(0..1), x_1448974_NC-E/I_friday(0..1), x_1448974_NC-E/I_saturday(0..1), x_1448974_NC-E/I_sunday(0..1)]"
1448962,NC-PM DAY,7,"[x_1448962_NC-PM DAY_monday(0..1), x_1448962_NC-PM DAY_tuesday(0..1), x_1448962_NC-PM DAY_wednesday(0..1), x_1448962_NC-PM DAY_thursday(0..1), x_1448962_NC-PM DAY_friday(0..1), x_1448962_NC-PM DAY_saturday(0..1), x_1448962_NC-PM DAY_sunday(0..1)]"
1448961,NC-PM DAY,7,"[x_1448961_NC-PM DAY_monday(0..1), x_1448961_NC-PM DAY_tuesday(0..1), x_1448961_NC-PM DAY_wednesday(0..1), x_1448961_NC-PM DAY_thursday(0..1), x_1448961_NC-PM DAY_friday(0..1), x_1448961_NC-PM DAY_saturday(0..1), x_1448961_NC-PM DAY_sunday(0..1)]"
1448957,NC-PM DAY,7,"[x_1448957_NC-PM DAY_monday(0..1), x_1448957_NC-PM DAY_tuesday(0..1), x_1448957_NC-PM DAY_wednesday(0..1), x_1448957_NC-PM DAY_thursday(0..1), x_1448957_NC-PM DAY_friday(0..1), x_1448957_NC-PM DAY_saturday(0..1), x_1448957_NC-PM DAY_sunday(0..1)]"
1448958,NC-PM DAY,7,"[x_1448958_NC-PM DAY_monday(0..1), x_1448958_NC-PM DAY_tuesday(0..1), x_1448958_NC-PM DAY_wednesday(0..1), x_1448958_NC-PM DAY_thursday(0..1), x_1448958_NC-PM DAY_friday(0..1), x_1448958_NC-PM DAY_saturday(0..1), x_1448958_NC-PM DAY_sunday(0..1)]"
1448953,NC-PM DAY,7,"[x_1448953_NC-PM DAY_monday(0..1), x_1448953_NC-PM DAY_tuesday(0..1), x_1448953_NC-PM DAY_wednesday(0..1), x_1448953_NC-PM DAY_thursday(0..1), x_1448953_NC-PM DAY_friday(0..1), x_1448953_NC-PM DAY_saturday(0..1), x_1448953_NC-PM DAY_sunday(0..1)]"
1448954,NC-PM DAY,7,"[x_1448954_NC-PM DAY_monday(0..1), x_1448954_NC-PM DAY_tuesday(0..1), x_1448954_NC-PM DAY_wednesday(0..1), x_1448954_NC-PM DAY_thursday(0..1), x_1448954_NC-PM DAY_friday(0..1), x_1448954_NC-PM DAY_saturday(0..1), x_1448954_NC-PM DAY_sunday(0..1)]"
1448950,NC-PM DAY,7,"[x_1448950_NC-PM DAY_monday(0..1), x_1448950_NC-PM DAY_tuesday(0..1), x_1448950_NC-PM DAY_wednesday(0..1), x_1448950_NC-PM DAY_thursday(0..1), x_1448950_NC-PM DAY_friday(0..1), x_1448950_NC-PM DAY_saturday(0..1), x_1448950_NC-PM DAY_sunday(0..1)]"
1448934,NC-E/I,7,"[x_1448934_NC-E/I_monday(0..1), x_1448934_NC-E/I_tuesday(0..1), x_1448934_NC-E/I_wednesday(0..1), x_1448934_NC-E/I_thursday(0..1), x_1448934_NC-E/I_friday(0..1), x_1448934_NC-E/I_saturday(0..1), x_1448934_NC-E/I_sunday(0..1)]"
1448933,NC-E/I,7,"[x_1448933_NC-E/I_monday(0..1), x_1448933_NC-E/I_tuesday(0..1), x_1448933_NC-E/I_wednesday(0..1), x_1448933_NC-E/I_thursday(0..1), x_1448933_NC-E/I_friday(0..1), x_1448933_NC-E/I_saturday(0..1), x_1448933_NC-E/I_sunday(0..1)]"
1448921,NC-LUBRICATOR,5,"[x_1448921_NC-LUBRICATOR_monday(0..1), x_1448921_NC-LUBRICATOR_tuesday(0..1), x_1448921_NC-LUBRICATOR_wednesday(0..1), x_1448921_NC-LUBRICATOR_thursday(0..1), x_1448921_NC-LUBRICATOR_friday(0..1)]"
1448920,NC-LUBRICATOR,5,"[x_1448920_NC-LUBRICATOR_monday(0..1), x_1448920_NC-LUBRICATOR_tuesday(0..1), x_1448920_NC-LUBRICATOR_wednesday(0..1), x_1448920_NC-LUBRICATOR_thursday(0..1), x_1448920_NC-LUBRICATOR_friday(0..1)]"
1448919,NC-LUBRICATOR,5,"[x_1448919_NC-LUBRICATOR_monday(0..1), x_1448919_NC-LUBRICATOR_tuesday(0..1), x_1448919_NC-LUBRICATOR_wednesday(0..1), x_1448919_NC-LUBRICATOR_thursday(0..1), x_1448919_NC-LUBRICATOR_friday(0..1)]"
1448918,NC-LUBRICATOR,5,"[x_1448918_NC-LUBRICATOR_monday(0..1), x_1448918_NC-LUBRICATOR_tuesday(0..1), x_1448918_NC-LUBRICATOR_wednesday(0..1), x_1448918_NC-LUBRICATOR_thursday(0..1), x_1448918_NC-LUBRICATOR_friday(0..1)]"
1448917,NC-LUBRICATOR,5,"[x_1448917_NC-LUBRICATOR_monday(0..1), x_1448917_NC-LUBRICATOR_tuesday(0..1), x_1448917_NC-LUBRICATOR_wednesday(0..1), x_1448917_NC-LUBRICATOR_thursday(0..1), x_1448917_NC-LUBRICATOR_friday(0..1)]"
1448916,NC-LUBRICATOR,5,"[x_1448916_NC-LUBRICATOR_monday(0..1), x_1448916_NC-LUBRICATOR_tuesday(0..1), x_1448916_NC-LUBRICATOR_wednesday(0..1), x_1448916_NC-LUBRICATOR_thursday(0..1), x_1448916_NC-LUBRICATOR_friday(0..1)]"
1448902,NC-PM NIGHT,7,"[x_1448902_NC-PM NIGHT_monday(0..1), x_1448902_NC-PM NIGHT_tuesday(0..1), x_1448902_NC-PM NIGHT_wednesday(0..1), x_1448902_NC-PM NIGHT_thursday(0..1), x_1448902_NC-PM NIGHT_friday(0..1), x_1448902_NC-PM NIGHT_saturday(0..1), x_1448902_NC-PM NIGHT_sunday(0..1)]"
1448904,NC-PM NIGHT,7,"[x_1448904_NC-PM NIGHT_monday(0..1), x_1448904_NC-PM NIGHT_tuesday(0..1), x_1448904_NC-PM NIGHT_wednesday(0..1), x_1448904_NC-PM NIGHT_thursday(0..1), x_1448904_NC-PM NIGHT_friday(0..1), x_1448904_NC-PM NIGHT_saturday(0..1), x_1448904_NC-PM NIGHT_sunday(0..1)]"
1448908,NC-PM NIGHT,7,"[x_1448908_NC-PM NIGHT_monday(0..1), x_1448908_NC-PM NIGHT_tuesday(0..1), x_1448908_NC-PM NIGHT_wednesday(0..1), x_1448908_NC-PM NIGHT_thursday(0..1), x_1448908_NC-PM NIGHT_friday(0..1), x_1448908_NC-PM NIGHT_saturday(0..1), x_1448908_NC-PM NIGHT_sunday(0..1)]"
1448910,NC-MECHANIC EXE,5,"[x_1448910_NC-MECHANIC EXE_monday(0..1), x_1448910_NC-MECHANIC EXE_tuesday(0..1), x_1448910_NC-MECHANIC EXE_wednesday(0..1), x_1448910_NC-MECHANIC EXE_thursday(0..1), x_1448910_NC-MECHANIC EXE_friday(0..1)]"
1448906,NC-PM NIGHT,7,"[x_1448906_NC-PM NIGHT_monday(0..1), x_1448906_NC-PM NIGHT_tuesday(0..1), x_1448906_NC-PM NIGHT_wednesday(0..1), x_1448906_NC-PM NIGHT_thursday(0..1), x_1448906_NC-PM NIGHT_friday(0..1), x_1448906_NC-PM NIGHT_saturday(0..1), x_1448906_NC-PM NIGHT_sunday(0..1)]"
1448899,NC-MECHANIC EXE,5,"[x_1448899_NC-MECHANIC EXE_monday(0..1), x_1448899_NC-MECHANIC EXE_tuesday(0..1), x_1448899_NC-MECHANIC EXE_wednesday(0..1), x_1448899_NC-MECHANIC EXE_thursday(0..1), x_1448899_NC-MECHANIC EXE_friday(0..1)]"
1448887,NC-PM NIGHT,7,"[x_1448887_NC-PM NIGHT_monday(0..1), x_1448887_NC-PM NIGHT_tuesday(0..1), x_1448887_NC-PM NIGHT_wednesday(0..1), x_1448887_NC-PM NIGHT_thursday(0..1), x_1448887_NC-PM NIGHT_friday(0..1), x_1448887_NC-PM NIGHT_saturday(0..1), x_1448887_NC-PM NIGHT_sunday(0..1)]"
1448889,NC-PM NIGHT,7,"[x_1448889_NC-PM NIGHT_monday(0..1), x_1448889_NC-PM NIGHT_tuesday(0..1), x_1448889_NC-PM NIGHT_wednesday(0..1), x_1448889_NC-PM NIGHT_thursday(0..1), x_1448889_NC-PM NIGHT_friday(0..1), x_1448889_NC-PM NIGHT_saturday(0..1), x_1448889_NC-PM NIGHT_sunday(0..1)]"
1448896,NC-PM NIGHT,7,"[x_1448896_NC-PM NIGHT_monday(0..1), x_1448896_NC-PM NIGHT_tuesday(0..1), x_1448896_NC-PM NIGHT_wednesday(0..1), x_1448896_NC-PM NIGHT_thursday(0..1), x_1448896_NC-PM NIGHT_friday(0..1), x_1448896_NC-PM NIGHT_saturday(0..1), x_1448896_NC-PM NIGHT_sunday(0..1)]"
1448894,NC-PM NIGHT,7,"[x_1448894_NC-PM NIGHT_monday(0..1), x_1448894_NC-PM NIGHT_tuesday(0..1), x_1448894_NC-PM NIGHT_wednesday(0..1), x_1448894_NC-PM NIGHT_thursday(0..1), x_1448894_NC-PM NIGHT_friday(0..1), x_1448894_NC-PM NIGHT_saturday(0..1), x_1448894_NC-PM NIGHT_sunday(0..1)]"
1448892,NC-PM NIGHT,7,"[x_1448892_NC-PM NIGHT_monday(0..1), x_1448892_NC-PM NIGHT_tuesday(0..1), x_1448892_NC-PM NIGHT_wednesday(0..1), x_1448892_NC-PM NIGHT_thursday(0..1), x_1448892_NC-PM NIGHT_friday(0..1), x_1448892_NC-PM NIGHT_saturday(0..1), x_1448892_NC-PM NIGHT_sunday(0..1)]"
1448881,NC-E/I,7,"[x_1448881_NC-E/I_monday(0..1), x_1448881_NC-E/I_tuesday(0..1), x_1448881_NC-E/I_wednesday(0..1), x_1448881_NC-E/I_thursday(0..1), x_1448881_NC-E/I_friday(0..1), x_1448881_NC-E/I_saturday(0..1), x_1448881_NC-E/I_sunday(0..1)]"
1448853,NC-PM DAY,7,"[x_1448853_NC-PM DAY_monday(0..1), x_1448853_NC-PM DAY_tuesday(0..1), x_1448853_NC-PM DAY_wednesday(0..1), x_1448853_NC-PM DAY_thursday(0..1), x_1448853_NC-PM DAY_friday(0..1), x_1448853_NC-PM DAY_saturday(0..1), x_1448853_NC-PM DAY_sunday(0..1)]"
1448829,NC-PM DAY,7,"[x_1448829_NC-PM DAY_monday(0..1), x_1448829_NC-PM DAY_tuesday(0..1), x_1448829_NC-PM DAY_wednesday(0..1), x_1448829_NC-PM DAY_thursday(0..1), x_1448829_NC-PM DAY_friday(0..1), x_1448829_NC-PM DAY_saturday(0..1), x_1448829_NC-PM DAY_sunday(0..1)]"
1448810,NC-E/I,7,"[x_1448810_NC-E/I_monday(0..1), x_1448810_NC-E/I_tuesday(0..1), x_1448810_NC-E/I_wednesday(0..1), x_1448810_NC-E/I_thursday(0..1), x_1448810_NC-E/I_friday(0..1), x_1448810_NC-E/I_saturday(0..1), x_1448810_NC-E/I_sunday(0..1)]"
1448798,NC-E/I,7,"[x_1448798_NC-E/I_monday(0..1), x_1448798_NC-E/I_tuesday(0..1), x_1448798_NC-E/I_wednesday(0..1), x_1448798_NC-E/I_thursday(0..1), x_1448798_NC-E/I_friday(0..1), x_1448798_NC-E/I_saturday(0..1), x_1448798_NC-E/I_sunday(0..1)]"
1448799,NC-E/I,7,"[x_1448799_NC-E/I_monday(0..1), x_1448799_NC-E/I_tuesday(0..1), x_1448799_NC-E/I_wednesday(0..1), x_1448799_NC-E/I_thursday(0..1), x_1448799_NC-E/I_friday(0..1), x_1448799_NC-E/I_saturday(0..1), x_1448799_NC-E/I_sunday(0..1)]"
1448800,NC-E/I,7,"[x_1448800_NC-E/I_monday(0..1), x_1448800_NC-E/I_tuesday(0..1), x_1448800_NC-E/I_wednesday(0..1), x_1448800_NC-E/I_thursday(0..1), x_1448800_NC-E/I_friday(0..1), x_1448800_NC-E/I_saturday(0..1), x_1448800_NC-E/I_sunday(0..1)]"
1448802,NC-E/I,7,"[x_1448802_NC-E/I_monday(0..1), x_1448802_NC-E/I_tuesday(0..1), x_1448802_NC-E/I_wednesday(0..1), x_1448802_NC-E/I_thursday(0..1), x_1448802_NC-E/I_friday(0..1), x_1448802_NC-E/I_saturday(0..1), x_1448802_NC-E/I_sunday(0..1)]"
1448801,NC-E/I,7,"[x_1448801_NC-E/I_monday(0..1), x_1448801_NC-E/I_tuesday(0..1), x_1448801_NC-E/I_wednesday(0..1), x_1448801_NC-E/I_thursday(0..1), x_1448801_NC-E/I_friday(0..1), x_1448801_NC-E/I_saturday(0..1), x_1448801_NC-E/I_sunday(0..1)]"
1448796,NC-E/I,7,"[x_1448796_NC-E/I_monday(0..1), x_1448796_NC-E/I_tuesday(0..1), x_1448796_NC-E/I_wednesday(0..1), x_1448796_NC-E/I_thursday(0..1), x_1448796_NC-E/I_friday(0..1), x_1448796_NC-E/I_saturday(0..1), x_1448796_NC-E/I_sunday(0..1)]"
1448795,NC-E/I,7,"[x_1448795_NC-E/I_monday(0..1), x_1448795_NC-E/I_tuesday(0..1), x_1448795_NC-E/I_wednesday(0..1), x_1448795_NC-E/I_thursday(0..1), x_1448795_NC-E/I_friday(0..1), x_1448795_NC-E/I_saturday(0..1), x_1448795_NC-E/I_sunday(0..1)]"
1448797,NC-E/I,7,"[x_1448797_NC-E/I_monday(0..1), x_1448797_NC-E/I_tuesday(0..1), x_1448797_NC-E/I_wednesday(0..1), x_1448797_NC-E/I_thursday(0..1), x_1448797_NC-E/I_friday(0..1), x_1448797_NC-E/I_saturday(0..1), x_1448797_NC-E/I_sunday(0..1)]"
1448781,NC-LUBRICATOR,5,"[x_1448781_NC-LUBRICATOR_monday(0..1), x_1448781_NC-LUBRICATOR_tuesday(0..1), x_1448781_NC-LUBRICATOR_wednesday(0..1), x_1448781_NC-LUBRICATOR_thursday(0..1), x_1448781_NC-LUBRICATOR_friday(0..1)]"
1448778,NC-E/I,7,"[x_1448778_NC-E/I_monday(0..1), x_1448778_NC-E/I_tuesday(0..1), x_1448778_NC-E/I_wednesday(0..1), x_1448778_NC-E/I_thursday(0..1), x_1448778_NC-E/I_friday(0..1), x_1448778_NC-E/I_saturday(0..1), x_1448778_NC-E/I_sunday(0..1)]"
1448711,NC-PM DAY,7,"[x_1448711_NC-PM DAY_monday(0..1), x_1448711_NC-PM DAY_tuesday(0..1), x_1448711_NC-PM DAY_wednesday(0..1), x_1448711_NC-PM DAY_thursday(0..1), x_1448711_NC-PM DAY_friday(0..1), x_1448711_NC-PM DAY_saturday(0..1), x_1448711_NC-PM DAY_sunday(0..1)]"
1448703,NC-PM DAY,7,"[x_1448703_NC-PM DAY_monday(0..1), x_1448703_NC-PM DAY_tuesday(0..1), x_1448703_NC-PM DAY_wednesday(0..1), x_1448703_NC-PM DAY_thursday(0..1), x_1448703_NC-PM DAY_friday(0..1), x_1448703_NC-PM DAY_saturday(0..1), x_1448703_NC-PM DAY_sunday(0..1)]"
1448675,NC-LUBRICATOR,5,"[x_1448675_NC-LUBRICATOR_monday(0..1), x_1448675_NC-LUBRICATOR_tuesday(0..1), x_1448675_NC-LUBRICATOR_wednesday(0..1), x_1448675_NC-LUBRICATOR_thursday(0..1), x_1448675_NC-LUBRICATOR_friday(0..1)]"
1448678,NC-LUBRICATOR,5,"[x_1448678_NC-LUBRICATOR_monday(0..1), x_1448678_NC-LUBRICATOR_tuesday(0..1), x_1448678_NC-LUBRICATOR_wednesday(0..1), x_1448678_NC-LUBRICATOR_thursday(0..1), x_1448678_NC-LUBRICATOR_friday(0..1)]"
1448679,NC-LUBRICATOR,5,"[x_1448679_NC-LUBRICATOR_monday(0..1), x_1448679_NC-LUBRICATOR_tuesday(0..1), x_1448679_NC-LUBRICATOR_wednesday(0..1), x_1448679_NC-LUBRICATOR_thursday(0..1), x_1448679_NC-LUBRICATOR_friday(0..1)]"
1448680,NC-E/I,7,"[x_1448680_NC-E/I_monday(0..1), x_1448680_NC-E/I_tuesday(0..1), x_1448680_NC-E/I_wednesday(0..1), x_1448680_NC-E/I_thursday(0..1), x_1448680_NC-E/I_friday(0..1), x_1448680_NC-E/I_saturday(0..1), x_1448680_NC-E/I_sunday(0..1)]"
1448681,NC-E/I,7,"[x_1448681_NC-E/I_monday(0..1), x_1448681_NC-E/I_tuesday(0..1), x_1448681_NC-E/I_wednesday(0..1), x_1448681_NC-E/I_thursday(0..1), x_1448681_NC-E/I_friday(0..1), x_1448681_NC-E/I_saturday(0..1), x_1448681_NC-E/I_sunday(0..1)]"
1448671,NC-LUBRICATOR,5,"[x_1448671_NC-LUBRICATOR_monday(0..1), x_1448671_NC-LUBRICATOR_tuesday(0..1), x_1448671_NC-LUBRICATOR_wednesday(0..1), x_1448671_NC-LUBRICATOR_thursday(0..1), x_1448671_NC-LUBRICATOR_friday(0..1)]"
1448669,NC-LUBRICATOR,5,"[x_1448669_NC-LUBRICATOR_monday(0..1), x_1448669_NC-LUBRICATOR_tuesday(0..1), x_1448669_NC-LUBRICATOR_wednesday(0..1), x_1448669_NC-LUBRICATOR_thursday(0..1), x_1448669_NC-LUBRICATOR_friday(0..1)]"
1448667,NC-LUBRICATOR,5,"[x_1448667_NC-LUBRICATOR_monday(0..1), x_1448667_NC-LUBRICATOR_tuesday(0..1), x_1448667_NC-LUBRICATOR_wednesday(0..1), x_1448667_NC-LUBRICATOR_thursday(0..1), x_1448667_NC-LUBRICATOR_friday(0..1)]"
1448674,NC-LUBRICATOR,5,"[x_1448674_NC-LUBRICATOR_monday(0..1), x_1448674_NC-LUBRICATOR_tuesday(0..1), x_1448674_NC-LUBRICATOR_wednesday(0..1), x_1448674_NC-LUBRICATOR_thursday(0..1), x_1448674_NC-LUBRICATOR_friday(0..1)]"
1448622,NC-MECHANIC EXE,5,"[x_1448622_NC-MECHANIC EXE_monday(0..1), x_1448622_NC-MECHANIC EXE_tuesday(0..1), x_1448622_NC-MECHANIC EXE_wednesday(0..1), x_1448622_NC-MECHANIC EXE_thursday(0..1), x_1448622_NC-MECHANIC EXE_friday(0..1)]"
1448480,NC-REBUILD,5,"[x_1448480_NC-REBUILD_monday(0..1), x_1448480_NC-REBUILD_tuesday(0..1), x_1448480_NC-REBUILD_wednesday(0..1), x_1448480_NC-REBUILD_thursday(0..1), x_1448480_NC-REBUILD_friday(0..1)]"
1448454,NC-PM DAY,7,"[x_1448454_NC-PM DAY_monday(0..1), x_1448454_NC-PM DAY_tuesday(0..1), x_1448454_NC-PM DAY_wednesday(0..1), x_1448454_NC-PM DAY_thursday(0..1), x_1448454_NC-PM DAY_friday(0..1), x_1448454_NC-PM DAY_saturday(0..1), x_1448454_NC-PM DAY_sunday(0..1)]"
1447544,NC-REBUILD,5,"[x_1447544_NC-REBUILD_monday(0..1), x_1447544_NC-REBUILD_tuesday(0..1), x_1447544_NC-REBUILD_wednesday(0..1), x_1447544_NC-REBUILD_thursday(0..1), x_1447544_NC-REBUILD_friday(0..1)]"
1447542,NC-MECHANIC EXE,5,"[x_1447542_NC-MECHANIC EXE_monday(0..1), x_1447542_NC-MECHANIC EXE_tuesday(0..1), x_1447542_NC-MECHANIC EXE_wednesday(0..1), x_1447542_NC-MECHANIC EXE_thursday(0..1), x_1447542_NC-MECHANIC EXE_friday(0..1)]"
1447453,NC-E/I,7,"[x_1447453_NC-E/I_monday(0..1), x_1447453_NC-E/I_tuesday(0..1), x_1447453_NC-E/I_wednesday(0..1), x_1447453_NC-E/I_thursday(0..1), x_1447453_NC-E/I_friday(0..1), x_1447453_NC-E/I_saturday(0..1), x_1447453_NC-E/I_sunday(0..1)]"
1447328,NC-REBUILD,5,"[x_1447328_NC-REBUILD_monday(0..1), x_1447328_NC-REBUILD_tuesday(0..1), x_1447328_NC-REBUILD_wednesday(0..1), x_1447328_NC-REBUILD_thursday(0..1), x_1447328_NC-REBUILD_friday(0..1)]"
1447303,NC-LUBRICATOR,5,"[x_1447303_NC-LUBRICATOR_monday(0..1), x_1447303_NC-LUBRICATOR_tuesday(0..1), x_1447303_NC-LUBRICATOR_wednesday(0..1), x_1447303_NC-LUBRICATOR_thursday(0..1), x_1447303_NC-LUBRICATOR_friday(0..1)]"
1446253,NC-E/I,7,"[x_1446253_NC-E/I_monday(0..1), x_1446253_NC-E/I_tuesday(0..1), x_1446253_NC-E/I_wednesday(0..1), x_1446253_NC-E/I_thursday(0..1), x_1446253_NC-E/I_friday(0..1), x_1446253_NC-E/I_saturday(0..1), x_1446253_NC-E/I_sunday(0..1)]"
1446204,NC-E/I,7,"[x_1446204_NC-E/I_monday(0..1), x_1446204_NC-E/I_tuesday(0..1), x_1446204_NC-E/I_wednesday(0..1), x_1446204_NC-E/I_thursday(0..1), x_1446204_NC-E/I_friday(0..1), x_1446204_NC-E/I_saturday(0..1), x_1446204_NC-E/I_sunday(0..1)]"
1446203,NC-E/I,7,"[x_1446203_NC-E/I_monday(0..1), x_1446203_NC-E/I_tuesday(0..1), x_1446203_NC-E/I_wednesday(0..1), x_1446203_NC-E/I_thursday(0..1), x_1446203_NC-E/I_friday(0..1), x_1446203_NC-E/I_saturday(0..1), x_1446203_NC-E/I_sunday(0..1)]"
1446161,NC-MECHANIC EXE,5,"[x_1446161_NC-MECHANIC EXE_monday(0..1), x_1446161_NC-MECHANIC EXE_tuesday(0..1), x_1446161_NC-MECHANIC EXE_wednesday(0..1), x_1446161_NC-MECHANIC EXE_thursday(0..1), x_1446161_NC-MECHANIC EXE_friday(0..1)]"
1446160,NC-MECHANIC EXE,5,"[x_1446160_NC-MECHANIC EXE_monday(0..1), x_1446160_NC-MECHANIC EXE_tuesday(0..1), x_1446160_NC-MECHANIC EXE_wednesday(0..1), x_1446160_NC-MECHANIC EXE_thursday(0..1), x_1446160_NC-MECHANIC EXE_friday(0..1)]"
1446098,NC-LUBRICATOR,5,"[x_1446098_NC-LUBRICATOR_monday(0..1), x_1446098_NC-LUBRICATOR_tuesday(0..1), x_1446098_NC-LUBRICATOR_wednesday(0..1), x_1446098_NC-LUBRICATOR_thursday(0..1), x_1446098_NC-LUBRICATOR_friday(0..1)]"
1446090,NC-EQUIPMENT,5,"[x_1446090_NC-EQUIPMENT_monday(0..1), x_1446090_NC-EQUIPMENT_tuesday(0..1), x_1446090_NC-EQUIPMENT_wednesday(0..1), x_1446090_NC-EQUIPMENT_thursday(0..1), x_1446090_NC-EQUIPMENT_friday(0..1)]"
1445092,NC-MECHANIC EXE,5,"[x_1445092_NC-MECHANIC EXE_monday(0..1), x_1445092_NC-MECHANIC EXE_tuesday(0..1), x_1445092_NC-MECHANIC EXE_wednesday(0..1), x_1445092_NC-MECHANIC EXE_thursday(0..1), x_1445092_NC-MECHANIC EXE_friday(0..1)]"
1444954,NC-EQUIPMENT,5,"[x_1444954_NC-EQUIPMENT_monday(0..1), x_1444954_NC-EQUIPMENT_tuesday(0..1), x_1444954_NC-EQUIPMENT_wednesday(0..1), x_1444954_NC-EQUIPMENT_thursday(0..1), x_1444954_NC-EQUIPMENT_friday(0..1)]"
1444534,NC-PM DAY,7,"[x_1444534_NC-PM DAY_monday(0..1), x_1444534_NC-PM DAY_tuesday(0..1), x_1444534_NC-PM DAY_wednesday(0..1), x_1444534_NC-PM DAY_thursday(0..1), x_1444534_NC-PM DAY_friday(0..1), x_1444534_NC-PM DAY_saturday(0..1), x_1444534_NC-PM DAY_sunday(0..1)]"
1444511,NC-PM NIGHT,7,"[x_1444511_NC-PM NIGHT_monday(0..1), x_1444511_NC-PM NIGHT_tuesday(0..1), x_1444511_NC-PM NIGHT_wednesday(0..1), x_1444511_NC-PM NIGHT_thursday(0..1), x_1444511_NC-PM NIGHT_friday(0..1), x_1444511_NC-PM NIGHT_saturday(0..1), x_1444511_NC-PM NIGHT_sunday(0..1)]"
1444006,NC-EQUIPMENT,5,"[x_1444006_NC-EQUIPMENT_monday(0..1), x_1444006_NC-EQUIPMENT_tuesday(0..1), x_1444006_NC-EQUIPMENT_wednesday(0..1), x_1444006_NC-EQUIPMENT_thursday(0..1), x_1444006_NC-EQUIPMENT_friday(0..1)]"
1443947,NC-E/I,7,"[x_1443947_NC-E/I_monday(0..1), x_1443947_NC-E/I_tuesday(0..1), x_1443947_NC-E/I_wednesday(0..1), x_1443947_NC-E/I_thursday(0..1), x_1443947_NC-E/I_friday(0..1), x_1443947_NC-E/I_saturday(0..1), x_1443947_NC-E/I_sunday(0..1)]"
1443872,NC-EQUIPMENT,5,"[x_1443872_NC-EQUIPMENT_monday(0..1), x_1443872_NC-EQUIPMENT_tuesday(0..1), x_1443872_NC-EQUIPMENT_wednesday(0..1), x_1443872_NC-EQUIPMENT_thursday(0..1), x_1443872_NC-EQUIPMENT_friday(0..1)]"
1443005,NC-MECHANIC EXE,5,"[x_1443005_NC-MECHANIC EXE_monday(0..1), x_1443005_NC-MECHANIC EXE_tuesday(0..1), x_1443005_NC-MECHANIC EXE_wednesday(0..1), x_1443005_NC-MECHANIC EXE_thursday(0..1), x_1443005_NC-MECHANIC EXE_friday(0..1)]"
1442950,NC-E/I,7,"[x_1442950_NC-E/I_monday(0..1), x_1442950_NC-E/I_tuesday(0..1), x_1442950_NC-E/I_wednesday(0..1), x_1442950_NC-E/I_thursday(0..1), x_1442950_NC-E/I_friday(0..1), x_1442950_NC-E/I_saturday(0..1), x_1442950_NC-E/I_sunday(0..1)]"
1442883,NC-REBUILD,5,"[x_1442883_NC-REBUILD_monday(0..1), x_1442883_NC-REBUILD_tuesday(0..1), x_1442883_NC-REBUILD_wednesday(0..1), x_1442883_NC-REBUILD_thursday(0..1), x_1442883_NC-REBUILD_friday(0..1)]"
1442847,NC-MECHANIC EXE,5,"[x_1442847_NC-MECHANIC EXE_monday(0..1), x_1442847_NC-MECHANIC EXE_tuesday(0..1), x_1442847_NC-MECHANIC EXE_wednesday(0..1), x_1442847_NC-MECHANIC EXE_thursday(0..1), x_1442847_NC-MECHANIC EXE_friday(0..1)]"
1442846,NC-MECHANIC EXE,5,"[x_1442846_NC-MECHANIC EXE_monday(0..1), x_1442846_NC-MECHANIC EXE_tuesday(0..1), x_1442846_NC-MECHANIC EXE_wednesday(0..1), x_1442846_NC-MECHANIC EXE_thursday(0..1), x_1442846_NC-MECHANIC EXE_friday(0..1)]"
1442845,NC-MECHANIC EXE,5,"[x_1442845_NC-MECHANIC EXE_monday(0..1), x_1442845_NC-MECHANIC EXE_tuesday(0..1), x_1442845_NC-MECHANIC EXE_wednesday(0..1), x_1442845_NC-MECHANIC EXE_thursday(0..1), x_1442845_NC-MECHANIC EXE_friday(0..1)]"
1442843,NC-MECHANIC EXE,5,"[x_1442843_NC-MECHANIC EXE_monday(0..1), x_1442843_NC-MECHANIC EXE_tuesday(0..1), x_1442843_NC-MECHANIC EXE_wednesday(0..1), x_1442843_NC-MECHANIC EXE_thursday(0..1), x_1442843_NC-MECHANIC EXE_friday(0..1)]"
1442842,NC-MECHANIC EXE,5,"[x_1442842_NC-MECHANIC EXE_monday(0..1), x_1442842_NC-MECHANIC EXE_tuesday(0..1), x_1442842_NC-MECHANIC EXE_wednesday(0..1), x_1442842_NC-MECHANIC EXE_thursday(0..1), x_1442842_NC-MECHANIC EXE_friday(0..1)]"
1442366,NC-E/I,7,"[x_1442366_NC-E/I_monday(0..1), x_1442366_NC-E/I_tuesday(0..1), x_1442366_NC-E/I_wednesday(0..1), x_1442366_NC-E/I_thursday(0..1), x_1442366_NC-E/I_friday(0..1), x_1442366_NC-E/I_saturday(0..1), x_1442366_NC-E/I_sunday(0..1)]"
1442292,NC-LUBRICATOR,5,"[x_1442292_NC-LUBRICATOR_monday(0..1), x_1442292_NC-LUBRICATOR_tuesday(0..1), x_1442292_NC-LUBRICATOR_wednesday(0..1), x_1442292_NC-LUBRICATOR_thursday(0..1), x_1442292_NC-LUBRICATOR_friday(0..1)]"
1441822,NC-REBUILD,5,"[x_1441822_NC-REBUILD_monday(0..1), x_1441822_NC-REBUILD_tuesday(0..1), x_1441822_NC-REBUILD_wednesday(0..1), x_1441822_NC-REBUILD_thursday(0..1), x_1441822_NC-REBUILD_friday(0..1)]"
1440685,NC-E/I,7,"[x_1440685_NC-E/I_monday(0..1), x_1440685_NC-E/I_tuesday(0..1), x_1440685_NC-E/I_wednesday(0..1), x_1440685_NC-E/I_thursday(0..1), x_1440685_NC-E/I_friday(0..1), x_1440685_NC-E/I_saturday(0..1), x_1440685_NC-E/I_sunday(0..1)]"
1439560,NC-LUBRICATOR,5,"[x_1439560_NC-LUBRICATOR_monday(0..1), x_1439560_NC-LUBRICATOR_tuesday(0..1), x_1439560_NC-LUBRICATOR_wednesday(0..1), x_1439560_NC-LUBRICATOR_thursday(0..1), x_1439560_NC-LUBRICATOR_friday(0..1)]"
1439371,NC-PM DAY,7,"[x_1439371_NC-PM DAY_monday(0..1), x_1439371_NC-PM DAY_tuesday(0..1), x_1439371_NC-PM DAY_wednesday(0..1), x_1439371_NC-PM DAY_thursday(0..1), x_1439371_NC-PM DAY_friday(0..1), x_1439371_NC-PM DAY_saturday(0..1), x_1439371_NC-PM DAY_sunday(0..1)]"
1439358,NC-PM DAY,7,"[x_1439358_NC-PM DAY_monday(0..1), x_1439358_NC-PM DAY_tuesday(0..1), x_1439358_NC-PM DAY_wednesday(0..1), x_1439358_NC-PM DAY_thursday(0..1), x_1439358_NC-PM DAY_friday(0..1), x_1439358_NC-PM DAY_saturday(0..1), x_1439358_NC-PM DAY_sunday(0..1)]"
1437921,NC-E/I,7,"[x_1437921_NC-E/I_monday(0..1), x_1437921_NC-E/I_tuesday(0..1), x_1437921_NC-E/I_wednesday(0..1), x_1437921_NC-E/I_thursday(0..1), x_1437921_NC-E/I_friday(0..1), x_1437921_NC-E/I_saturday(0..1), x_1437921_NC-E/I_sunday(0..1)]"
1437923,NC-E/I,7,"[x_1437923_NC-E/I_monday(0..1), x_1437923_NC-E/I_tuesday(0..1), x_1437923_NC-E/I_wednesday(0..1), x_1437923_NC-E/I_thursday(0..1), x_1437923_NC-E/I_friday(0..1), x_1437923_NC-E/I_saturday(0..1), x_1437923_NC-E/I_sunday(0..1)]"
1437924,NC-E/I,7,"[x_1437924_NC-E/I_monday(0..1), x_1437924_NC-E/I_tuesday(0..1), x_1437924_NC-E/I_wednesday(0..1), x_1437924_NC-E/I_thursday(0..1), x_1437924_NC-E/I_friday(0..1), x_1437924_NC-E/I_saturday(0..1), x_1437924_NC-E/I_sunday(0..1)]"
1437926,NC-E/I,7,"[x_1437926_NC-E/I_monday(0..1), x_1437926_NC-E/I_tuesday(0..1), x_1437926_NC-E/I_wednesday(0..1), x_1437926_NC-E/I_thursday(0..1), x_1437926_NC-E/I_friday(0..1), x_1437926_NC-E/I_saturday(0..1), x_1437926_NC-E/I_sunday(0..1)]"
1437665,NC-LUBRICATOR,5,"[x_1437665_NC-LUBRICATOR_monday(0..1), x_1437665_NC-LUBRICATOR_tuesday(0..1), x_1437665_NC-LUBRICATOR_wednesday(0..1), x_1437665_NC-LUBRICATOR_thursday(0..1), x_1437665_NC-LUBRICATOR_friday(0..1)]"
1437635,NC-PM DAY,7,"[x_1437635_NC-PM DAY_monday(0..1), x_1437635_NC-PM DAY_tuesday(0..1), x_1437635_NC-PM DAY_wednesday(0..1), x_1437635_NC-PM DAY_thursday(0..1), x_1437635_NC-PM DAY_friday(0..1), x_1437635_NC-PM DAY_saturday(0..1), x_1437635_NC-PM DAY_sunday(0..1)]"
1437534,NC-PM DAY,7,"[x_1437534_NC-PM DAY_monday(0..1), x_1437534_NC-PM DAY_tuesday(0..1), x_1437534_NC-PM DAY_wednesday(0..1), x_1437534_NC-PM DAY_thursday(0..1), x_1437534_NC-PM DAY_friday(0..1), x_1437534_NC-PM DAY_saturday(0..1), x_1437534_NC-PM DAY_sunday(0..1)]"
1437521,NC-E/I,7,"[x_1437521_NC-E/I_monday(0..1), x_1437521_NC-E/I_tuesday(0..1), x_1437521_NC-E/I_wednesday(0..1), x_1437521_NC-E/I_thursday(0..1), x_1437521_NC-E/I_friday(0..1), x_1437521_NC-E/I_saturday(0..1), x_1437521_NC-E/I_sunday(0..1)]"
1436843,NC-E/I,7,"[x_1436843_NC-E/I_monday(0..1), x_1436843_NC-E/I_tuesday(0..1), x_1436843_NC-E/I_wednesday(0..1), x_1436843_NC-E/I_thursday(0..1), x_1436843_NC-E/I_friday(0..1), x_1436843_NC-E/I_saturday(0..1), x_1436843_NC-E/I_sunday(0..1)]"
1436842,NC-E/I,7,"[x_1436842_NC-E/I_monday(0..1), x_1436842_NC-E/I_tuesday(0..1), x_1436842_NC-E/I_wednesday(0..1), x_1436842_NC-E/I_thursday(0..1), x_1436842_NC-E/I_friday(0..1), x_1436842_NC-E/I_saturday(0..1), x_1436842_NC-E/I_sunday(0..1)]"
1435859,NC-E/I,7,"[x_1435859_NC-E/I_monday(0..1), x_1435859_NC-E/I_tuesday(0..1), x_1435859_NC-E/I_wednesday(0..1), x_1435859_NC-E/I_thursday(0..1), x_1435859_NC-E/I_friday(0..1), x_1435859_NC-E/I_saturday(0..1), x_1435859_NC-E/I_sunday(0..1)]"
1435201,NC-PM DAY,7,"[x_1435201_NC-PM DAY_monday(0..1), x_1435201_NC-PM DAY_tuesday(0..1), x_1435201_NC-PM DAY_wednesday(0..1), x_1435201_NC-PM DAY_thursday(0..1), x_1435201_NC-PM DAY_friday(0..1), x_1435201_NC-PM DAY_saturday(0..1), x_1435201_NC-PM DAY_sunday(0..1)]"
1435167,NC-E/I,7,"[x_1435167_NC-E/I_monday(0..1), x_1435167_NC-E/I_tuesday(0..1), x_1435167_NC-E/I_wednesday(0..1), x_1435167_NC-E/I_thursday(0..1), x_1435167_NC-E/I_friday(0..1), x_1435167_NC-E/I_saturday(0..1), x_1435167_NC-E/I_sunday(0..1)]"
1433738,NC-E/I,7,"[x_1433738_NC-E/I_monday(0..1), x_1433738_NC-E/I_tuesday(0..1), x_1433738_NC-E/I_wednesday(0..1), x_1433738_NC-E/I_thursday(0..1), x_1433738_NC-E/I_friday(0..1), x_1433738_NC-E/I_saturday(0..1), x_1433738_NC-E/I_sunday(0..1)]"
1432538,NC-EQUIPMENT,5,"[x_1432538_NC-EQUIPMENT_monday(0..1), x_1432538_NC-EQUIPMENT_tuesday(0..1), x_1432538_NC-EQUIPMENT_wednesday(0..1), x_1432538_NC-EQUIPMENT_thursday(0..1), x_1432538_NC-EQUIPMENT_friday(0..1)]"
1419588,NC-E/I,7,"[x_1419588_NC-E/I_monday(0..1), x_1419588_NC-E/I_tuesday(0..1), x_1419588_NC-E/I_wednesday(0..1), x_1419588_NC-E/I_thursday(0..1), x_1419588_NC-E/I_friday(0..1), x_1419588_NC-E/I_saturday(0..1), x_1419588_NC-E/I_sunday(0..1)]"
1418463,NC-PM DAY,7,"[x_1418463_NC-PM DAY_monday(0..1), x_1418463_NC-PM DAY_tuesday(0..1), x_1418463_NC-PM DAY_wednesday(0..1), x_1418463_NC-PM DAY_thursday(0..1), x_1418463_NC-PM DAY_friday(0..1), x_1418463_NC-PM DAY_saturday(0..1), x_1418463_NC-PM DAY_sunday(0..1)]"
1418457,NC-MECHANIC EXE,5,"[x_1418457_NC-MECHANIC EXE_monday(0..1), x_1418457_NC-MECHANIC EXE_tuesday(0..1), x_1418457_NC-MECHANIC EXE_wednesday(0..1), x_1418457_NC-MECHANIC EXE_thursday(0..1), x_1418457_NC-MECHANIC EXE_friday(0..1)]"
1388696,NC-E/I,7,"[x_1388696_NC-E/I_monday(0..1), x_1388696_NC-E/I_tuesday(0..1), x_1388696_NC-E/I_wednesday(0..1), x_1388696_NC-E/I_thursday(0..1), x_1388696_NC-E/I_friday(0..1), x_1388696_NC-E/I_saturday(0..1), x_1388696_NC-E/I_sunday(0..1)]"
1387468,NC-E/I,7,"[x_1387468_NC-E/I_monday(0..1), x_1387468_NC-E/I_tuesday(0..1), x_1387468_NC-E/I_wednesday(0..1), x_1387468_NC-E/I_thursday(0..1), x_1387468_NC-E/I_friday(0..1), x_1387468_NC-E/I_saturday(0..1), x_1387468_NC-E/I_sunday(0..1)]"
1387434,NC-E/I,7,"[x_1387434_NC-E/I_monday(0..1), x_1387434_NC-E/I_tuesday(0..1), x_1387434_NC-E/I_wednesday(0..1), x_1387434_NC-E/I_thursday(0..1), x_1387434_NC-E/I_friday(0..1), x_1387434_NC-E/I_saturday(0..1), x_1387434_NC-E/I_sunday(0..1)]"
1381313,NC-PM DAY,7,"[x_1381313_NC-PM DAY_monday(0..1), x_1381313_NC-PM DAY_tuesday(0..1), x_1381313_NC-PM DAY_wednesday(0..1), x_1381313_NC-PM DAY_thursday(0..1), x_1381313_NC-PM DAY_friday(0..1), x_1381313_NC-PM DAY_saturday(0..1), x_1381313_NC-PM DAY_sunday(0..1)]"
1378310,NC-E/I,7,"[x_1378310_NC-E/I_monday(0..1), x_1378310_NC-E/I_tuesday(0..1), x_1378310_NC-E/I_wednesday(0..1), x_1378310_NC-E/I_thursday(0..1), x_1378310_NC-E/I_friday(0..1), x_1378310_NC-E/I_saturday(0..1), x_1378310_NC-E/I_sunday(0..1)]"
1376960,NC-LUBRICATOR,5,"[x_1376960_NC-LUBRICATOR_monday(0..1), x_1376960_NC-LUBRICATOR_tuesday(0..1), x_1376960_NC-LUBRICATOR_wednesday(0..1), x_1376960_NC-LUBRICATOR_thursday(0..1), x_1376960_NC-LUBRICATOR_friday(0..1)]"
1365508,NC-MECHANIC EXE,5,"[x_1365508_NC-MECHANIC EXE_monday(0..1), x_1365508_NC-MECHANIC EXE_tuesday(0..1), x_1365508_NC-MECHANIC EXE_wednesday(0..1), x_1365508_NC-MECHANIC EXE_thursday(0..1), x_1365508_NC-MECHANIC EXE_friday(0..1)]"
