shift,day,total_units,max_manhours_per_day,shift_wo
NC-E/I,monday,373,48,"[IntAffine(expr=x_1452288_NC-E/I_monday(0..1), coeff=24, offset=0), IntAffine(expr=x_1452257_NC-E/I_monday(0..1), coeff=4, offset=0), IntAffine(expr=x_1451286_NC-E/I_monday(0..1), coeff=2, offset=0), IntAffine(expr=x_1450151_NC-E/I_monday(0..1), coeff=12, offset=0), IntAffine(expr=x_1449154_NC-E/I_monday(0..1), coeff=2, offset=0), IntAffine(expr=x_1449079_NC-E/I_monday(0..1), coeff=2, offset=0), IntAffine(expr=x_1449078_NC-E/I_monday(0..1), coeff=2, offset=0), IntAffine(expr=x_1449072_NC-E/I_monday(0..1), coeff=2, offset=0), IntAffine(expr=x_1449073_NC-E/I_monday(0..1), coeff=2, offset=0), IntAffine(expr=x_1449065_NC-E/I_monday(0..1), coeff=2, offset=0), IntAffine(expr=x_1449067_NC-E/I_monday(0..1), coeff=2, offset=0), IntAffine(expr=x_1449055_NC-E/I_monday(0..1), coeff=2, offset=0), IntAffine(expr=x_1449059_NC-E/I_monday(0..1), coeff=2, offset=0), IntAffine(expr=x_1449058_NC-E/I_monday(0..1), coeff=2, offset=0), IntAffine(expr=x_1449054_NC-E/I_monday(0..1), coeff=2, offset=0), IntAffine(expr=x_1449047_NC-E/I_monday(0..1), coeff=2, offset=0), IntAffine(expr=x_1449046_NC-E/I_monday(0..1), coeff=2, offset=0), IntAffine(expr=x_1449050_NC-E/I_monday(0..1), coeff=2, offset=0), IntAffine(expr=x_1449051_NC-E/I_monday(0..1), coeff=2, offset=0), x_1449038_NC-E/I_monday(0..1), x_1449035_NC-E/I_monday(0..1), x_1449036_NC-E/I_monday(0..1), IntAffine(expr=x_1449042_NC-E/I_monday(0..1), coeff=2, offset=0), IntAffine(expr=x_1449043_NC-E/I_monday(0..1), coeff=2, offset=0), x_1449037_NC-E/I_monday(0..1), x_1449016_NC-E/I_monday(0..1), IntAffine(expr=x_1448974_NC-E/I_monday(0..1), coeff=2, offset=0), IntAffine(expr=x_1448934_NC-E/I_monday(0..1), coeff=2, offset=0), IntAffine(expr=x_1448933_NC-E/I_monday(0..1), coeff=2, offset=0), IntAffine(expr=x_1448881_NC-E/I_monday(0..1), coeff=2, offset=0), IntAffine(expr=x_1448810_NC-E/I_monday(0..1), coeff=2, offset=0), IntAffine(expr=x_1448798_NC-E/I_monday(0..1), coeff=2, offset=0), IntAffine(expr=x_1448799_NC-E/I_monday(0..1), coeff=2, offset=0), IntAffine(expr=x_1448800_NC-E/I_monday(0..1), coeff=2, offset=0), IntAffine(expr=x_1448802_NC-E/I_monday(0..1), coeff=2, offset=0), IntAffine(expr=x_1448801_NC-E/I_monday(0..1), coeff=2, offset=0), IntAffine(expr=x_1448796_NC-E/I_monday(0..1), coeff=2, offset=0), IntAffine(expr=x_1448795_NC-E/I_monday(0..1), coeff=2, offset=0), IntAffine(expr=x_1448797_NC-E/I_monday(0..1), coeff=2, offset=0), IntAffine(expr=x_1448778_NC-E/I_monday(0..1), coeff=2, offset=0), IntAffine(expr=x_1448680_NC-E/I_monday(0..1), coeff=2, offset=0), IntAffine(expr=x_1448681_NC-E/I_monday(0..1), coeff=2, offset=0), IntAffine(expr=x_1447453_NC-E/I_monday(0..1), coeff=2, offset=0), IntAffine(expr=x_1446253_NC-E/I_monday(0..1), coeff=4, offset=0), IntAffine(expr=x_1446204_NC-E/I_monday(0..1), coeff=16, offset=0), IntAffine(expr=x_1446203_NC-E/I_monday(0..1), coeff=12, offset=0), IntAffine(expr=x_1443947_NC-E/I_monday(0..1), coeff=4, offset=0), IntAffine(expr=x_1442950_NC-E/I_monday(0..1), coeff=2, offset=0), IntAffine(expr=x_1442366_NC-E/I_monday(0..1), coeff=2, offset=0), IntAffine(expr=x_1440685_NC-E/I_monday(0..1), coeff=40, offset=0), IntAffine(expr=x_1437921_NC-E/I_monday(0..1), coeff=16, offset=0), IntAffine(expr=x_1437923_NC-E/I_monday(0..1), coeff=4, offset=0), IntAffine(expr=x_1437924_NC-E/I_monday(0..1), coeff=16, offset=0), IntAffine(expr=x_1437926_NC-E/I_monday(0..1), coeff=4, offset=0), IntAffine(expr=x_1437521_NC-E/I_monday(0..1), coeff=8, offset=0), IntAffine(expr=x_1436843_NC-E/I_monday(0..1), coeff=2, offset=0), IntAffine(expr=x_1436842_NC-E/I_monday(0..1), coeff=2, offset=0), IntAffine(expr=x_1435859_NC-E/I_monday(0..1), coeff=12, offset=0), IntAffine(expr=x_1435167_NC-E/I_monday(0..1), coeff=16, offset=0), IntAffine(expr=x_1433738_NC-E/I_monday(0..1), coeff=4, offset=0), IntAffine(expr=x_1419588_NC-E/I_monday(0..1), coeff=64, offset=0), IntAffine(expr=x_1388696_NC-E/I_monday(0..1), coeff=12, offset=0), IntAffine(expr=x_1387468_NC-E/I_monday(0..1), coeff=8, offset=0), IntAffine(expr=x_1387434_NC-E/I_monday(0..1), coeff=2, offset=0), IntAffine(expr=x_1378310_NC-E/I_monday(0..1), coeff=8, offset=0)]"
NC-E/I,tuesday,373,48,"[IntAffine(expr=x_1452288_NC-E/I_tuesday(0..1), coeff=24, offset=0), IntAffine(expr=x_1452257_NC-E/I_tuesday(0..1), coeff=4, offset=0), IntAffine(expr=x_1451286_NC-E/I_tuesday(0..1), coeff=2, offset=0), IntAffine(expr=x_1450151_NC-E/I_tuesday(0..1), coeff=12, offset=0), IntAffine(expr=x_1449154_NC-E/I_tuesday(0..1), coeff=2, offset=0), IntAffine(expr=x_1449079_NC-E/I_tuesday(0..1), coeff=2, offset=0), IntAffine(expr=x_1449078_NC-E/I_tuesday(0..1), coeff=2, offset=0), IntAffine(expr=x_1449072_NC-E/I_tuesday(0..1), coeff=2, offset=0), IntAffine(expr=x_1449073_NC-E/I_tuesday(0..1), coeff=2, offset=0), IntAffine(expr=x_1449065_NC-E/I_tuesday(0..1), coeff=2, offset=0), IntAffine(expr=x_1449067_NC-E/I_tuesday(0..1), coeff=2, offset=0), IntAffine(expr=x_1449055_NC-E/I_tuesday(0..1), coeff=2, offset=0), IntAffine(expr=x_1449059_NC-E/I_tuesday(0..1), coeff=2, offset=0), IntAffine(expr=x_1449058_NC-E/I_tuesday(0..1), coeff=2, offset=0), IntAffine(expr=x_1449054_NC-E/I_tuesday(0..1), coeff=2, offset=0), IntAffine(expr=x_1449047_NC-E/I_tuesday(0..1), coeff=2, offset=0), IntAffine(expr=x_1449046_NC-E/I_tuesday(0..1), coeff=2, offset=0), IntAffine(expr=x_1449050_NC-E/I_tuesday(0..1), coeff=2, offset=0), IntAffine(expr=x_1449051_NC-E/I_tuesday(0..1), coeff=2, offset=0), x_1449038_NC-E/I_tuesday(0..1), x_1449035_NC-E/I_tuesday(0..1), x_1449036_NC-E/I_tuesday(0..1), IntAffine(expr=x_1449042_NC-E/I_tuesday(0..1), coeff=2, offset=0), IntAffine(expr=x_1449043_NC-E/I_tuesday(0..1), coeff=2, offset=0), x_1449037_NC-E/I_tuesday(0..1), x_1449016_NC-E/I_tuesday(0..1), IntAffine(expr=x_1448974_NC-E/I_tuesday(0..1), coeff=2, offset=0), IntAffine(expr=x_1448934_NC-E/I_tuesday(0..1), coeff=2, offset=0), IntAffine(expr=x_1448933_NC-E/I_tuesday(0..1), coeff=2, offset=0), IntAffine(expr=x_1448881_NC-E/I_tuesday(0..1), coeff=2, offset=0), IntAffine(expr=x_1448810_NC-E/I_tuesday(0..1), coeff=2, offset=0), IntAffine(expr=x_1448798_NC-E/I_tuesday(0..1), coeff=2, offset=0), IntAffine(expr=x_1448799_NC-E/I_tuesday(0..1), coeff=2, offset=0), IntAffine(expr=x_1448800_NC-E/I_tuesday(0..1), coeff=2, offset=0), IntAffine(expr=x_1448802_NC-E/I_tuesday(0..1), coeff=2, offset=0), IntAffine(expr=x_1448801_NC-E/I_tuesday(0..1), coeff=2, offset=0), IntAffine(expr=x_1448796_NC-E/I_tuesday(0..1), coeff=2, offset=0), IntAffine(expr=x_1448795_NC-E/I_tuesday(0..1), coeff=2, offset=0), IntAffine(expr=x_1448797_NC-E/I_tuesday(0..1), coeff=2, offset=0), IntAffine(expr=x_1448778_NC-E/I_tuesday(0..1), coeff=2, offset=0), IntAffine(expr=x_1448680_NC-E/I_tuesday(0..1), coeff=2, offset=0), IntAffine(expr=x_1448681_NC-E/I_tuesday(0..1), coeff=2, offset=0), IntAffine(expr=x_1447453_NC-E/I_tuesday(0..1), coeff=2, offset=0), IntAffine(expr=x_1446253_NC-E/I_tuesday(0..1), coeff=4, offset=0), IntAffine(expr=x_1446204_NC-E/I_tuesday(0..1), coeff=16, offset=0), IntAffine(expr=x_1446203_NC-E/I_tuesday(0..1), coeff=12, offset=0), IntAffine(expr=x_1443947_NC-E/I_tuesday(0..1), coeff=4, offset=0), IntAffine(expr=x_1442950_NC-E/I_tuesday(0..1), coeff=2, offset=0), IntAffine(expr=x_1442366_NC-E/I_tuesday(0..1), coeff=2, offset=0), IntAffine(expr=x_1440685_NC-E/I_tuesday(0..1), coeff=40, offset=0), IntAffine(expr=x_1437921_NC-E/I_tuesday(0..1), coeff=16, offset=0), IntAffine(expr=x_1437923_NC-E/I_tuesday(0..1), coeff=4, offset=0), IntAffine(expr=x_1437924_NC-E/I_tuesday(0..1), coeff=16, offset=0), IntAffine(expr=x_1437926_NC-E/I_tuesday(0..1), coeff=4, offset=0), IntAffine(expr=x_1437521_NC-E/I_tuesday(0..1), coeff=8, offset=0), IntAffine(expr=x_1436843_NC-E/I_tuesday(0..1), coeff=2, offset=0), IntAffine(expr=x_1436842_NC-E/I_tuesday(0..1), coeff=2, offset=0), IntAffine(expr=x_1435859_NC-E/I_tuesday(0..1), coeff=12, offset=0), IntAffine(expr=x_1435167_NC-E/I_tuesday(0..1), coeff=16, offset=0), IntAffine(expr=x_1433738_NC-E/I_tuesday(0..1), coeff=4, offset=0), IntAffine(expr=x_1419588_NC-E/I_tuesday(0..1), coeff=64, offset=0), IntAffine(expr=x_1388696_NC-E/I_tuesday(0..1), coeff=12, offset=0), IntAffine(expr=x_1387468_NC-E/I_tuesday(0..1), coeff=8, offset=0), IntAffine(expr=x_1387434_NC-E/I_tuesday(0..1), coeff=2, offset=0), IntAffine(expr=x_1378310_NC-E/I_tuesday(0..1), coeff=8, offset=0)]"
NC-E/I,wednesday,373,48,"[IntAffine(expr=x_1452288_NC-E/I_wednesday(0..1), coeff=24, offset=0), IntAffine(expr=x_1452257_NC-E/I_wednesday(0..1), coeff=4, offset=0), IntAffine(expr=x_1451286_NC-E/I_wednesday(0..1), coeff=2, offset=0), IntAffine(expr=x_1450151_NC-E/I_wednesday(0..1), coeff=12, offset=0), IntAffine(expr=x_1449154_NC-E/I_wednesday(0..1), coeff=2, offset=0), IntAffine(expr=x_1449079_NC-E/I_wednesday(0..1), coeff=2, offset=0), IntAffine(expr=x_1449078_NC-E/I_wednesday(0..1), coeff=2, offset=0), IntAffine(expr=x_1449072_NC-E/I_wednesday(0..1), coeff=2, offset=0), IntAffine(expr=x_1449073_NC-E/I_wednesday(0..1), coeff=2, offset=0), IntAffine(expr=x_1449065_NC-E/I_wednesday(0..1), coeff=2, offset=0), IntAffine(expr=x_1449067_NC-E/I_wednesday(0..1), coeff=2, offset=0), IntAffine(expr=x_1449055_NC-E/I_wednesday(0..1), coeff=2, offset=0), IntAffine(expr=x_1449059_NC-E/I_wednesday(0..1), coeff=2, offset=0), IntAffine(expr=x_1449058_NC-E/I_wednesday(0..1), coeff=2, offset=0), IntAffine(expr=x_1449054_NC-E/I_wednesday(0..1), coeff=2, offset=0), IntAffine(expr=x_1449047_NC-E/I_wednesday(0..1), coeff=2, offset=0), IntAffine(expr=x_1449046_NC-E/I_wednesday(0..1), coeff=2, offset=0), IntAffine(expr=x_1449050_NC-E/I_wednesday(0..1), coeff=2, offset=0), IntAffine(expr=x_1449051_NC-E/I_wednesday(0..1), coeff=2, offset=0), x_1449038_NC-E/I_wednesday(0..1), x_1449035_NC-E/I_wednesday(0..1), x_1449036_NC-E/I_wednesday(0..1), IntAffine(expr=x_1449042_NC-E/I_wednesday(0..1), coeff=2, offset=0), IntAffine(expr=x_1449043_NC-E/I_wednesday(0..1), coeff=2, offset=0), x_1449037_NC-E/I_wednesday(0..1), x_1449016_NC-E/I_wednesday(0..1), IntAffine(expr=x_1448974_NC-E/I_wednesday(0..1), coeff=2, offset=0), IntAffine(expr=x_1448934_NC-E/I_wednesday(0..1), coeff=2, offset=0), IntAffine(expr=x_1448933_NC-E/I_wednesday(0..1), coeff=2, offset=0), IntAffine(expr=x_1448881_NC-E/I_wednesday(0..1), coeff=2, offset=0), IntAffine(expr=x_1448810_NC-E/I_wednesday(0..1), coeff=2, offset=0), IntAffine(expr=x_1448798_NC-E/I_wednesday(0..1), coeff=2, offset=0), IntAffine(expr=x_1448799_NC-E/I_wednesday(0..1), coeff=2, offset=0), IntAffine(expr=x_1448800_NC-E/I_wednesday(0..1), coeff=2, offset=0), IntAffine(expr=x_1448802_NC-E/I_wednesday(0..1), coeff=2, offset=0), IntAffine(expr=x_1448801_NC-E/I_wednesday(0..1), coeff=2, offset=0), IntAffine(expr=x_1448796_NC-E/I_wednesday(0..1), coeff=2, offset=0), IntAffine(expr=x_1448795_NC-E/I_wednesday(0..1), coeff=2, offset=0), IntAffine(expr=x_1448797_NC-E/I_wednesday(0..1), coeff=2, offset=0), IntAffine(expr=x_1448778_NC-E/I_wednesday(0..1), coeff=2, offset=0), IntAffine(expr=x_1448680_NC-E/I_wednesday(0..1), coeff=2, offset=0), IntAffine(expr=x_1448681_NC-E/I_wednesday(0..1), coeff=2, offset=0), IntAffine(expr=x_1447453_NC-E/I_wednesday(0..1), coeff=2, offset=0), IntAffine(expr=x_1446253_NC-E/I_wednesday(0..1), coeff=4, offset=0), IntAffine(expr=x_1446204_NC-E/I_wednesday(0..1), coeff=16, offset=0), IntAffine(expr=x_1446203_NC-E/I_wednesday(0..1), coeff=12, offset=0), IntAffine(expr=x_1443947_NC-E/I_wednesday(0..1), coeff=4, offset=0), IntAffine(expr=x_1442950_NC-E/I_wednesday(0..1), coeff=2, offset=0), IntAffine(expr=x_1442366_NC-E/I_wednesday(0..1), coeff=2, offset=0), IntAffine(expr=x_1440685_NC-E/I_wednesday(0..1), coeff=40, offset=0), IntAffine(expr=x_1437921_NC-E/I_wednesday(0..1), coeff=16, offset=0), IntAffine(expr=x_1437923_NC-E/I_wednesday(0..1), coeff=4, offset=0), IntAffine(expr=x_1437924_NC-E/I_wednesday(0..1), coeff=16, offset=0), IntAffine(expr=x_1437926_NC-E/I_wednesday(0..1), coeff=4, offset=0), IntAffine(expr=x_1437521_NC-E/I_wednesday(0..1), coeff=8, offset=0), IntAffine(expr=x_1436843_NC-E/I_wednesday(0..1), coeff=2, offset=0), IntAffine(expr=x_1436842_NC-E/I_wednesday(0..1), coeff=2, offset=0), IntAffine(expr=x_1435859_NC-E/I_wednesday(0..1), coeff=12, offset=0), IntAffine(expr=x_1435167_NC-E/I_wednesday(0..1), coeff=16, offset=0), IntAffine(expr=x_1433738_NC-E/I_wednesday(0..1), coeff=4, offset=0), IntAffine(expr=x_1419588_NC-E/I_wednesday(0..1), coeff=64, offset=0), IntAffine(expr=x_1388696_NC-E/I_wednesday(0..1), coeff=12, offset=0), IntAffine(expr=x_1387468_NC-E/I_wednesday(0..1), coeff=8, offset=0), IntAffine(expr=x_1387434_NC-E/I_wednesday(0..1), coeff=2, offset=0), IntAffine(expr=x_1378310_NC-E/I_wednesday(0..1), coeff=8, offset=0)]"
NC-E/I,thursday,373,48,"[IntAffine(expr=x_1452288_NC-E/I_thursday(0..1), coeff=24, offset=0), IntAffine(expr=x_1452257_NC-E/I_thursday(0..1), coeff=4, offset=0), IntAffine(expr=x_1451286_NC-E/I_thursday(0..1), coeff=2, offset=0), IntAffine(expr=x_1450151_NC-E/I_thursday(0..1), coeff=12, offset=0), IntAffine(expr=x_1449154_NC-E/I_thursday(0..1), coeff=2, offset=0), IntAffine(expr=x_1449079_NC-E/I_thursday(0..1), coeff=2, offset=0), IntAffine(expr=x_1449078_NC-E/I_thursday(0..1), coeff=2, offset=0), IntAffine(expr=x_1449072_NC-E/I_thursday(0..1), coeff=2, offset=0), IntAffine(expr=x_1449073_NC-E/I_thursday(0..1), coeff=2, offset=0), IntAffine(expr=x_1449065_NC-E/I_thursday(0..1), coeff=2, offset=0), IntAffine(expr=x_1449067_NC-E/I_thursday(0..1), coeff=2, offset=0), IntAffine(expr=x_1449055_NC-E/I_thursday(0..1), coeff=2, offset=0), IntAffine(expr=x_1449059_NC-E/I_thursday(0..1), coeff=2, offset=0), IntAffine(expr=x_1449058_NC-E/I_thursday(0..1), coeff=2, offset=0), IntAffine(expr=x_1449054_NC-E/I_thursday(0..1), coeff=2, offset=0), IntAffine(expr=x_1449047_NC-E/I_thursday(0..1), coeff=2, offset=0), IntAffine(expr=x_1449046_NC-E/I_thursday(0..1), coeff=2, offset=0), IntAffine(expr=x_1449050_NC-E/I_thursday(0..1), coeff=2, offset=0), IntAffine(expr=x_1449051_NC-E/I_thursday(0..1), coeff=2, offset=0), x_1449038_NC-E/I_thursday(0..1), x_1449035_NC-E/I_thursday(0..1), x_1449036_NC-E/I_thursday(0..1), IntAffine(expr=x_1449042_NC-E/I_thursday(0..1), coeff=2, offset=0), IntAffine(expr=x_1449043_NC-E/I_thursday(0..1), coeff=2, offset=0), x_1449037_NC-E/I_thursday(0..1), x_1449016_NC-E/I_thursday(0..1), IntAffine(expr=x_1448974_NC-E/I_thursday(0..1), coeff=2, offset=0), IntAffine(expr=x_1448934_NC-E/I_thursday(0..1), coeff=2, offset=0), IntAffine(expr=x_1448933_NC-E/I_thursday(0..1), coeff=2, offset=0), IntAffine(expr=x_1448881_NC-E/I_thursday(0..1), coeff=2, offset=0), IntAffine(expr=x_1448810_NC-E/I_thursday(0..1), coeff=2, offset=0), IntAffine(expr=x_1448798_NC-E/I_thursday(0..1), coeff=2, offset=0), IntAffine(expr=x_1448799_NC-E/I_thursday(0..1), coeff=2, offset=0), IntAffine(expr=x_1448800_NC-E/I_thursday(0..1), coeff=2, offset=0), IntAffine(expr=x_1448802_NC-E/I_thursday(0..1), coeff=2, offset=0), IntAffine(expr=x_1448801_NC-E/I_thursday(0..1), coeff=2, offset=0), IntAffine(expr=x_1448796_NC-E/I_thursday(0..1), coeff=2, offset=0), IntAffine(expr=x_1448795_NC-E/I_thursday(0..1), coeff=2, offset=0), IntAffine(expr=x_1448797_NC-E/I_thursday(0..1), coeff=2, offset=0), IntAffine(expr=x_1448778_NC-E/I_thursday(0..1), coeff=2, offset=0), IntAffine(expr=x_1448680_NC-E/I_thursday(0..1), coeff=2, offset=0), IntAffine(expr=x_1448681_NC-E/I_thursday(0..1), coeff=2, offset=0), IntAffine(expr=x_1447453_NC-E/I_thursday(0..1), coeff=2, offset=0), IntAffine(expr=x_1446253_NC-E/I_thursday(0..1), coeff=4, offset=0), IntAffine(expr=x_1446204_NC-E/I_thursday(0..1), coeff=16, offset=0), IntAffine(expr=x_1446203_NC-E/I_thursday(0..1), coeff=12, offset=0), IntAffine(expr=x_1443947_NC-E/I_thursday(0..1), coeff=4, offset=0), IntAffine(expr=x_1442950_NC-E/I_thursday(0..1), coeff=2, offset=0), IntAffine(expr=x_1442366_NC-E/I_thursday(0..1), coeff=2, offset=0), IntAffine(expr=x_1440685_NC-E/I_thursday(0..1), coeff=40, offset=0), IntAffine(expr=x_1437921_NC-E/I_thursday(0..1), coeff=16, offset=0), IntAffine(expr=x_1437923_NC-E/I_thursday(0..1), coeff=4, offset=0), IntAffine(expr=x_1437924_NC-E/I_thursday(0..1), coeff=16, offset=0), IntAffine(expr=x_1437926_NC-E/I_thursday(0..1), coeff=4, offset=0), IntAffine(expr=x_1437521_NC-E/I_thursday(0..1), coeff=8, offset=0), IntAffine(expr=x_1436843_NC-E/I_thursday(0..1), coeff=2, offset=0), IntAffine(expr=x_1436842_NC-E/I_thursday(0..1), coeff=2, offset=0), IntAffine(expr=x_1435859_NC-E/I_thursday(0..1), coeff=12, offset=0), IntAffine(expr=x_1435167_NC-E/I_thursday(0..1), coeff=16, offset=0), IntAffine(expr=x_1433738_NC-E/I_thursday(0..1), coeff=4, offset=0), IntAffine(expr=x_1419588_NC-E/I_thursday(0..1), coeff=64, offset=0), IntAffine(expr=x_1388696_NC-E/I_thursday(0..1), coeff=12, offset=0), IntAffine(expr=x_1387468_NC-E/I_thursday(0..1), coeff=8, offset=0), IntAffine(expr=x_1387434_NC-E/I_thursday(0..1), coeff=2, offset=0), IntAffine(expr=x_1378310_NC-E/I_thursday(0..1), coeff=8, offset=0)]"
NC-E/I,friday,373,48,"[IntAffine(expr=x_1452288_NC-E/I_friday(0..1), coeff=24, offset=0), IntAffine(expr=x_1452257_NC-E/I_friday(0..1), coeff=4, offset=0), IntAffine(expr=x_1451286_NC-E/I_friday(0..1), coeff=2, offset=0), IntAffine(expr=x_1450151_NC-E/I_friday(0..1), coeff=12, offset=0), IntAffine(expr=x_1449154_NC-E/I_friday(0..1), coeff=2, offset=0), IntAffine(expr=x_1449079_NC-E/I_friday(0..1), coeff=2, offset=0), IntAffine(expr=x_1449078_NC-E/I_friday(0..1), coeff=2, offset=0), IntAffine(expr=x_1449072_NC-E/I_friday(0..1), coeff=2, offset=0), IntAffine(expr=x_1449073_NC-E/I_friday(0..1), coeff=2, offset=0), IntAffine(expr=x_1449065_NC-E/I_friday(0..1), coeff=2, offset=0), IntAffine(expr=x_1449067_NC-E/I_friday(0..1), coeff=2, offset=0), IntAffine(expr=x_1449055_NC-E/I_friday(0..1), coeff=2, offset=0), IntAffine(expr=x_1449059_NC-E/I_friday(0..1), coeff=2, offset=0), IntAffine(expr=x_1449058_NC-E/I_friday(0..1), coeff=2, offset=0), IntAffine(expr=x_1449054_NC-E/I_friday(0..1), coeff=2, offset=0), IntAffine(expr=x_1449047_NC-E/I_friday(0..1), coeff=2, offset=0), IntAffine(expr=x_1449046_NC-E/I_friday(0..1), coeff=2, offset=0), IntAffine(expr=x_1449050_NC-E/I_friday(0..1), coeff=2, offset=0), IntAffine(expr=x_1449051_NC-E/I_friday(0..1), coeff=2, offset=0), x_1449038_NC-E/I_friday(0..1), x_1449035_NC-E/I_friday(0..1), x_1449036_NC-E/I_friday(0..1), IntAffine(expr=x_1449042_NC-E/I_friday(0..1), coeff=2, offset=0), IntAffine(expr=x_1449043_NC-E/I_friday(0..1), coeff=2, offset=0), x_1449037_NC-E/I_friday(0..1), x_1449016_NC-E/I_friday(0..1), IntAffine(expr=x_1448974_NC-E/I_friday(0..1), coeff=2, offset=0), IntAffine(expr=x_1448934_NC-E/I_friday(0..1), coeff=2, offset=0), IntAffine(expr=x_1448933_NC-E/I_friday(0..1), coeff=2, offset=0), IntAffine(expr=x_1448881_NC-E/I_friday(0..1), coeff=2, offset=0), IntAffine(expr=x_1448810_NC-E/I_friday(0..1), coeff=2, offset=0), IntAffine(expr=x_1448798_NC-E/I_friday(0..1), coeff=2, offset=0), IntAffine(expr=x_1448799_NC-E/I_friday(0..1), coeff=2, offset=0), IntAffine(expr=x_1448800_NC-E/I_friday(0..1), coeff=2, offset=0), IntAffine(expr=x_1448802_NC-E/I_friday(0..1), coeff=2, offset=0), IntAffine(expr=x_1448801_NC-E/I_friday(0..1), coeff=2, offset=0), IntAffine(expr=x_1448796_NC-E/I_friday(0..1), coeff=2, offset=0), IntAffine(expr=x_1448795_NC-E/I_friday(0..1), coeff=2, offset=0), IntAffine(expr=x_1448797_NC-E/I_friday(0..1), coeff=2, offset=0), IntAffine(expr=x_1448778_NC-E/I_friday(0..1), coeff=2, offset=0), IntAffine(expr=x_1448680_NC-E/I_friday(0..1), coeff=2, offset=0), IntAffine(expr=x_1448681_NC-E/I_friday(0..1), coeff=2, offset=0), IntAffine(expr=x_1447453_NC-E/I_friday(0..1), coeff=2, offset=0), IntAffine(expr=x_1446253_NC-E/I_friday(0..1), coeff=4, offset=0), IntAffine(expr=x_1446204_NC-E/I_friday(0..1), coeff=16, offset=0), IntAffine(expr=x_1446203_NC-E/I_friday(0..1), coeff=12, offset=0), IntAffine(expr=x_1443947_NC-E/I_friday(0..1), coeff=4, offset=0), IntAffine(expr=x_1442950_NC-E/I_friday(0..1), coeff=2, offset=0), IntAffine(expr=x_1442366_NC-E/I_friday(0..1), coeff=2, offset=0), IntAffine(expr=x_1440685_NC-E/I_friday(0..1), coeff=40, offset=0), IntAffine(expr=x_1437921_NC-E/I_friday(0..1), coeff=16, offset=0), IntAffine(expr=x_1437923_NC-E/I_friday(0..1), coeff=4, offset=0), IntAffine(expr=x_1437924_NC-E/I_friday(0..1), coeff=16, offset=0), IntAffine(expr=x_1437926_NC-E/I_friday(0..1), coeff=4, offset=0), IntAffine(expr=x_1437521_NC-E/I_friday(0..1), coeff=8, offset=0), IntAffine(expr=x_1436843_NC-E/I_friday(0..1), coeff=2, offset=0), IntAffine(expr=x_1436842_NC-E/I_friday(0..1), coeff=2, offset=0), IntAffine(expr=x_1435859_NC-E/I_friday(0..1), coeff=12, offset=0), IntAffine(expr=x_1435167_NC-E/I_friday(0..1), coeff=16, offset=0), IntAffine(expr=x_1433738_NC-E/I_friday(0..1), coeff=4, offset=0), IntAffine(expr=x_1419588_NC-E/I_friday(0..1), coeff=64, offset=0), IntAffine(expr=x_1388696_NC-E/I_friday(0..1), coeff=12, offset=0), IntAffine(expr=x_1387468_NC-E/I_friday(0..1), coeff=8, offset=0), IntAffine(expr=x_1387434_NC-E/I_friday(0..1), coeff=2, offset=0), IntAffine(expr=x_1378310_NC-E/I_friday(0..1), coeff=8, offset=0)]"
NC-E/I,saturday,373,48,"[IntAffine(expr=x_1452288_NC-E/I_saturday(0..1), coeff=24, offset=0), IntAffine(expr=x_1452257_NC-E/I_saturday(0..1), coeff=4, offset=0), IntAffine(expr=x_1451286_NC-E/I_saturday(0..1), coeff=2, offset=0), IntAffine(expr=x_1450151_NC-E/I_saturday(0..1), coeff=12, offset=0), IntAffine(expr=x_1449154_NC-E/I_saturday(0..1), coeff=2, offset=0), IntAffine(expr=x_1449079_NC-E/I_saturday(0..1), coeff=2, offset=0), IntAffine(expr=x_1449078_NC-E/I_saturday(0..1), coeff=2, offset=0), IntAffine(expr=x_1449072_NC-E/I_saturday(0..1), coeff=2, offset=0), IntAffine(expr=x_1449073_NC-E/I_saturday(0..1), coeff=2, offset=0), IntAffine(expr=x_1449065_NC-E/I_saturday(0..1), coeff=2, offset=0), IntAffine(expr=x_1449067_NC-E/I_saturday(0..1), coeff=2, offset=0), IntAffine(expr=x_1449055_NC-E/I_saturday(0..1), coeff=2, offset=0), IntAffine(expr=x_1449059_NC-E/I_saturday(0..1), coeff=2, offset=0), IntAffine(expr=x_1449058_NC-E/I_saturday(0..1), coeff=2, offset=0), IntAffine(expr=x_1449054_NC-E/I_saturday(0..1), coeff=2, offset=0), IntAffine(expr=x_1449047_NC-E/I_saturday(0..1), coeff=2, offset=0), IntAffine(expr=x_1449046_NC-E/I_saturday(0..1), coeff=2, offset=0), IntAffine(expr=x_1449050_NC-E/I_saturday(0..1), coeff=2, offset=0), IntAffine(expr=x_1449051_NC-E/I_saturday(0..1), coeff=2, offset=0), x_1449038_NC-E/I_saturday(0..1), x_1449035_NC-E/I_saturday(0..1), x_1449036_NC-E/I_saturday(0..1), IntAffine(expr=x_1449042_NC-E/I_saturday(0..1), coeff=2, offset=0), IntAffine(expr=x_1449043_NC-E/I_saturday(0..1), coeff=2, offset=0), x_1449037_NC-E/I_saturday(0..1), x_1449016_NC-E/I_saturday(0..1), IntAffine(expr=x_1448974_NC-E/I_saturday(0..1), coeff=2, offset=0), IntAffine(expr=x_1448934_NC-E/I_saturday(0..1), coeff=2, offset=0), IntAffine(expr=x_1448933_NC-E/I_saturday(0..1), coeff=2, offset=0), IntAffine(expr=x_1448881_NC-E/I_saturday(0..1), coeff=2, offset=0), IntAffine(expr=x_1448810_NC-E/I_saturday(0..1), coeff=2, offset=0), IntAffine(expr=x_1448798_NC-E/I_saturday(0..1), coeff=2, offset=0), IntAffine(expr=x_1448799_NC-E/I_saturday(0..1), coeff=2, offset=0), IntAffine(expr=x_1448800_NC-E/I_saturday(0..1), coeff=2, offset=0), IntAffine(expr=x_1448802_NC-E/I_saturday(0..1), coeff=2, offset=0), IntAffine(expr=x_1448801_NC-E/I_saturday(0..1), coeff=2, offset=0), IntAffine(expr=x_1448796_NC-E/I_saturday(0..1), coeff=2, offset=0), IntAffine(expr=x_1448795_NC-E/I_saturday(0..1), coeff=2, offset=0), IntAffine(expr=x_1448797_NC-E/I_saturday(0..1), coeff=2, offset=0), IntAffine(expr=x_1448778_NC-E/I_saturday(0..1), coeff=2, offset=0), IntAffine(expr=x_1448680_NC-E/I_saturday(0..1), coeff=2, offset=0), IntAffine(expr=x_1448681_NC-E/I_saturday(0..1), coeff=2, offset=0), IntAffine(expr=x_1447453_NC-E/I_saturday(0..1), coeff=2, offset=0), IntAffine(expr=x_1446253_NC-E/I_saturday(0..1), coeff=4, offset=0), IntAffine(expr=x_1446204_NC-E/I_saturday(0..1), coeff=16, offset=0), IntAffine(expr=x_1446203_NC-E/I_saturday(0..1), coeff=12, offset=0), IntAffine(expr=x_1443947_NC-E/I_saturday(0..1), coeff=4, offset=0), IntAffine(expr=x_1442950_NC-E/I_saturday(0..1), coeff=2, offset=0), IntAffine(expr=x_1442366_NC-E/I_saturday(0..1), coeff=2, offset=0), IntAffine(expr=x_1440685_NC-E/I_saturday(0..1), coeff=40, offset=0), IntAffine(expr=x_1437921_NC-E/I_saturday(0..1), coeff=16, offset=0), IntAffine(expr=x_1437923_NC-E/I_saturday(0..1), coeff=4, offset=0), IntAffine(expr=x_1437924_NC-E/I_saturday(0..1), coeff=16, offset=0), IntAffine(expr=x_1437926_NC-E/I_saturday(0..1), coeff=4, offset=0), IntAffine(expr=x_1437521_NC-E/I_saturday(0..1), coeff=8, offset=0), IntAffine(expr=x_1436843_NC-E/I_saturday(0..1), coeff=2, offset=0), IntAffine(expr=x_1436842_NC-E/I_saturday(0..1), coeff=2, offset=0), IntAffine(expr=x_1435859_NC-E/I_saturday(0..1), coeff=12, offset=0), IntAffine(expr=x_1435167_NC-E/I_saturday(0..1), coeff=16, offset=0), IntAffine(expr=x_1433738_NC-E/I_saturday(0..1), coeff=4, offset=0), IntAffine(expr=x_1419588_NC-E/I_saturday(0..1), coeff=64, offset=0), IntAffine(expr=x_1388696_NC-E/I_saturday(0..1), coeff=12, offset=0), IntAffine(expr=x_1387468_NC-E/I_saturday(0..1), coeff=8, offset=0), IntAffine(expr=x_1387434_NC-E/I_saturday(0..1), coeff=2, offset=0), IntAffine(expr=x_1378310_NC-E/I_saturday(0..1), coeff=8, offset=0)]"
NC-E/I,sunday,373,48,"[IntAffine(expr=x_1452288_NC-E/I_sunday(0..1), coeff=24, offset=0), IntAffine(expr=x_1452257_NC-E/I_sunday(0..1), coeff=4, offset=0), IntAffine(expr=x_1451286_NC-E/I_sunday(0..1), coeff=2, offset=0), IntAffine(expr=x_1450151_NC-E/I_sunday(0..1), coeff=12, offset=0), IntAffine(expr=x_1449154_NC-E/I_sunday(0..1), coeff=2, offset=0), IntAffine(expr=x_1449079_NC-E/I_sunday(0..1), coeff=2, offset=0), IntAffine(expr=x_1449078_NC-E/I_sunday(0..1), coeff=2, offset=0), IntAffine(expr=x_1449072_NC-E/I_sunday(0..1), coeff=2, offset=0), IntAffine(expr=x_1449073_NC-E/I_sunday(0..1), coeff=2, offset=0), IntAffine(expr=x_1449065_NC-E/I_sunday(0..1), coeff=2, offset=0), IntAffine(expr=x_1449067_NC-E/I_sunday(0..1), coeff=2, offset=0), IntAffine(expr=x_1449055_NC-E/I_sunday(0..1), coeff=2, offset=0), IntAffine(expr=x_1449059_NC-E/I_sunday(0..1), coeff=2, offset=0), IntAffine(expr=x_1449058_NC-E/I_sunday(0..1), coeff=2, offset=0), IntAffine(expr=x_1449054_NC-E/I_sunday(0..1), coeff=2, offset=0), IntAffine(expr=x_1449047_NC-E/I_sunday(0..1), coeff=2, offset=0), IntAffine(expr=x_1449046_NC-E/I_sunday(0..1), coeff=2, offset=0), IntAffine(expr=x_1449050_NC-E/I_sunday(0..1), coeff=2, offset=0), IntAffine(expr=x_1449051_NC-E/I_sunday(0..1), coeff=2, offset=0), x_1449038_NC-E/I_sunday(0..1), x_1449035_NC-E/I_sunday(0..1), x_1449036_NC-E/I_sunday(0..1), IntAffine(expr=x_1449042_NC-E/I_sunday(0..1), coeff=2, offset=0), IntAffine(expr=x_1449043_NC-E/I_sunday(0..1), coeff=2, offset=0), x_1449037_NC-E/I_sunday(0..1), x_1449016_NC-E/I_sunday(0..1), IntAffine(expr=x_1448974_NC-E/I_sunday(0..1), coeff=2, offset=0), IntAffine(expr=x_1448934_NC-E/I_sunday(0..1), coeff=2, offset=0), IntAffine(expr=x_1448933_NC-E/I_sunday(0..1), coeff=2, offset=0), IntAffine(expr=x_1448881_NC-E/I_sunday(0..1), coeff=2, offset=0), IntAffine(expr=x_1448810_NC-E/I_sunday(0..1), coeff=2, offset=0), IntAffine(expr=x_1448798_NC-E/I_sunday(0..1), coeff=2, offset=0), IntAffine(expr=x_1448799_NC-E/I_sunday(0..1), coeff=2, offset=0), IntAffine(expr=x_1448800_NC-E/I_sunday(0..1), coeff=2, offset=0), IntAffine(expr=x_1448802_NC-E/I_sunday(0..1), coeff=2, offset=0), IntAffine(expr=x_1448801_NC-E/I_sunday(0..1), coeff=2, offset=0), IntAffine(expr=x_1448796_NC-E/I_sunday(0..1), coeff=2, offset=0), IntAffine(expr=x_1448795_NC-E/I_sunday(0..1), coeff=2, offset=0), IntAffine(expr=x_1448797_NC-E/I_sunday(0..1), coeff=2, offset=0), IntAffine(expr=x_1448778_NC-E/I_sunday(0..1), coeff=2, offset=0), IntAffine(expr=x_1448680_NC-E/I_sunday(0..1), coeff=2, offset=0), IntAffine(expr=x_1448681_NC-E/I_sunday(0..1), coeff=2, offset=0), IntAffine(expr=x_1447453_NC-E/I_sunday(0..1), coeff=2, offset=0), IntAffine(expr=x_1446253_NC-E/I_sunday(0..1), coeff=4, offset=0), IntAffine(expr=x_1446204_NC-E/I_sunday(0..1), coeff=16, offset=0), IntAffine(expr=x_1446203_NC-E/I_sunday(0..1), coeff=12, offset=0), IntAffine(expr=x_1443947_NC-E/I_sunday(0..1), coeff=4, offset=0), IntAffine(expr=x_1442950_NC-E/I_sunday(0..1), coeff=2, offset=0), IntAffine(expr=x_1442366_NC-E/I_sunday(0..1), coeff=2, offset=0), IntAffine(expr=x_1440685_NC-E/I_sunday(0..1), coeff=40, offset=0), IntAffine(expr=x_1437921_NC-E/I_sunday(0..1), coeff=16, offset=0), IntAffine(expr=x_1437923_NC-E/I_sunday(0..1), coeff=4, offset=0), IntAffine(expr=x_1437924_NC-E/I_sunday(0..1), coeff=16, offset=0), IntAffine(expr=x_1437926_NC-E/I_sunday(0..1), coeff=4, offset=0), IntAffine(expr=x_1437521_NC-E/I_sunday(0..1), coeff=8, offset=0), IntAffine(expr=x_1436843_NC-E/I_sunday(0..1), coeff=2, offset=0), IntAffine(expr=x_1436842_NC-E/I_sunday(0..1), coeff=2, offset=0), IntAffine(expr=x_1435859_NC-E/I_sunday(0..1), coeff=12, offset=0), IntAffine(expr=x_1435167_NC-E/I_sunday(0..1), coeff=16, offset=0), IntAffine(expr=x_1433738_NC-E/I_sunday(0..1), coeff=4, offset=0), IntAffine(expr=x_1419588_NC-E/I_sunday(0..1), coeff=64, offset=0), IntAffine(expr=x_1388696_NC-E/I_sunday(0..1), coeff=12, offset=0), IntAffine(expr=x_1387468_NC-E/I_sunday(0..1), coeff=8, offset=0), IntAffine(expr=x_1387434_NC-E/I_sunday(0..1), coeff=2, offset=0), IntAffine(expr=x_1378310_NC-E/I_sunday(0..1), coeff=8, offset=0)]"
NC-EQUIPMENT,monday,58,16,"[IntAffine(expr=x_1451427_NC-EQUIPMENT_monday(0..1), coeff=6, offset=0), IntAffine(expr=x_1446090_NC-EQUIPMENT_monday(0..1), coeff=4, offset=0), IntAffine(expr=x_1444954_NC-EQUIPMENT_monday(0..1), coeff=12, offset=0), IntAffine(expr=x_1444006_NC-EQUIPMENT_monday(0..1), coeff=4, offset=0), IntAffine(expr=x_1443872_NC-EQUIPMENT_monday(0..1), coeff=12, offset=0), IntAffine(expr=x_1432538_NC-EQUIPMENT_monday(0..1), coeff=20, offset=0)]"
NC-EQUIPMENT,tuesday,58,16,"[IntAffine(expr=x_1451427_NC-EQUIPMENT_tuesday(0..1), coeff=6, offset=0), IntAffine(expr=x_1446090_NC-EQUIPMENT_tuesday(0..1), coeff=4, offset=0), IntAffine(expr=x_1444954_NC-EQUIPMENT_tuesday(0..1), coeff=12, offset=0), IntAffine(expr=x_1444006_NC-EQUIPMENT_tuesday(0..1), coeff=4, offset=0), IntAffine(expr=x_1443872_NC-EQUIPMENT_tuesday(0..1), coeff=12, offset=0), IntAffine(expr=x_1432538_NC-EQUIPMENT_tuesday(0..1), coeff=20, offset=0)]"
NC-EQUIPMENT,wednesday,58,16,"[IntAffine(expr=x_1451427_NC-EQUIPMENT_wednesday(0..1), coeff=6, offset=0), IntAffine(expr=x_1446090_NC-EQUIPMENT_wednesday(0..1), coeff=4, offset=0), IntAffine(expr=x_1444954_NC-EQUIPMENT_wednesday(0..1), coeff=12, offset=0), IntAffine(expr=x_1444006_NC-EQUIPMENT_wednesday(0..1), coeff=4, offset=0), IntAffine(expr=x_1443872_NC-EQUIPMENT_wednesday(0..1), coeff=12, offset=0), IntAffine(expr=x_1432538_NC-EQUIPMENT_wednesday(0..1), coeff=20, offset=0)]"
NC-EQUIPMENT,thursday,58,16,"[IntAffine(expr=x_1451427_NC-EQUIPMENT_thursday(0..1), coeff=6, offset=0), IntAffine(expr=x_1446090_NC-EQUIPMENT_thursday(0..1), coeff=4, offset=0), IntAffine(expr=x_1444954_NC-EQUIPMENT_thursday(0..1), coeff=12, offset=0), IntAffine(expr=x_1444006_NC-EQUIPMENT_thursday(0..1), coeff=4, offset=0), IntAffine(expr=x_1443872_NC-EQUIPMENT_thursday(0..1), coeff=12, offset=0), IntAffine(expr=x_1432538_NC-EQUIPMENT_thursday(0..1), coeff=20, offset=0)]"
NC-EQUIPMENT,friday,58,16,"[IntAffine(expr=x_1451427_NC-EQUIPMENT_friday(0..1), coeff=6, offset=0), IntAffine(expr=x_1446090_NC-EQUIPMENT_friday(0..1), coeff=4, offset=0), IntAffine(expr=x_1444954_NC-EQUIPMENT_friday(0..1), coeff=12, offset=0), IntAffine(expr=x_1444006_NC-EQUIPMENT_friday(0..1), coeff=4, offset=0), IntAffine(expr=x_1443872_NC-EQUIPMENT_friday(0..1), coeff=12, offset=0), IntAffine(expr=x_1432538_NC-EQUIPMENT_friday(0..1), coeff=20, offset=0)]"
NC-LUBRICATOR,monday,196,16,"[IntAffine(expr=x_1453629_NC-LUBRICATOR_monday(0..1), coeff=4, offset=0), IntAffine(expr=x_1449161_NC-LUBRICATOR_monday(0..1), coeff=4, offset=0), IntAffine(expr=x_1449160_NC-LUBRICATOR_monday(0..1), coeff=4, offset=0), IntAffine(expr=x_1449158_NC-LUBRICATOR_monday(0..1), coeff=4, offset=0), IntAffine(expr=x_1449162_NC-LUBRICATOR_monday(0..1), coeff=4, offset=0), IntAffine(expr=x_1449157_NC-LUBRICATOR_monday(0..1), coeff=4, offset=0), IntAffine(expr=x_1449150_NC-LUBRICATOR_monday(0..1), coeff=2, offset=0), IntAffine(expr=x_1449155_NC-LUBRICATOR_monday(0..1), coeff=4, offset=0), IntAffine(expr=x_1449125_NC-LUBRICATOR_monday(0..1), coeff=2, offset=0), IntAffine(expr=x_1449110_NC-LUBRICATOR_monday(0..1), coeff=4, offset=0), IntAffine(expr=x_1449116_NC-LUBRICATOR_monday(0..1), coeff=4, offset=0), IntAffine(expr=x_1449113_NC-LUBRICATOR_monday(0..1), coeff=4, offset=0), IntAffine(expr=x_1449119_NC-LUBRICATOR_monday(0..1), coeff=4, offset=0), IntAffine(expr=x_1449107_NC-LUBRICATOR_monday(0..1), coeff=4, offset=0), IntAffine(expr=x_1449104_NC-LUBRICATOR_monday(0..1), coeff=4, offset=0), IntAffine(expr=x_1449101_NC-LUBRICATOR_monday(0..1), coeff=4, offset=0), IntAffine(expr=x_1449098_NC-LUBRICATOR_monday(0..1), coeff=4, offset=0), IntAffine(expr=x_1449024_NC-LUBRICATOR_monday(0..1), coeff=2, offset=0), IntAffine(expr=x_1449021_NC-LUBRICATOR_monday(0..1), coeff=2, offset=0), IntAffine(expr=x_1449000_NC-LUBRICATOR_monday(0..1), coeff=2, offset=0), IntAffine(expr=x_1448984_NC-LUBRICATOR_monday(0..1), coeff=2, offset=0), IntAffine(expr=x_1448921_NC-LUBRICATOR_monday(0..1), coeff=4, offset=0), IntAffine(expr=x_1448920_NC-LUBRICATOR_monday(0..1), coeff=8, offset=0), IntAffine(expr=x_1448919_NC-LUBRICATOR_monday(0..1), coeff=8, offset=0), IntAffine(expr=x_1448918_NC-LUBRICATOR_monday(0..1), coeff=8, offset=0), IntAffine(expr=x_1448917_NC-LUBRICATOR_monday(0..1), coeff=8, offset=0), IntAffine(expr=x_1448916_NC-LUBRICATOR_monday(0..1), coeff=8, offset=0), IntAffine(expr=x_1448781_NC-LUBRICATOR_monday(0..1), coeff=2, offset=0), IntAffine(expr=x_1448675_NC-LUBRICATOR_monday(0..1), coeff=2, offset=0), IntAffine(expr=x_1448678_NC-LUBRICATOR_monday(0..1), coeff=2, offset=0), IntAffine(expr=x_1448679_NC-LUBRICATOR_monday(0..1), coeff=2, offset=0), IntAffine(expr=x_1448671_NC-LUBRICATOR_monday(0..1), coeff=4, offset=0), IntAffine(expr=x_1448669_NC-LUBRICATOR_monday(0..1), coeff=4, offset=0), IntAffine(expr=x_1448667_NC-LUBRICATOR_monday(0..1), coeff=4, offset=0), IntAffine(expr=x_1448674_NC-LUBRICATOR_monday(0..1), coeff=2, offset=0), IntAffine(expr=x_1447303_NC-LUBRICATOR_monday(0..1), coeff=8, offset=0), IntAffine(expr=x_1446098_NC-LUBRICATOR_monday(0..1), coeff=8, offset=0), IntAffine(expr=x_1442292_NC-LUBRICATOR_monday(0..1), coeff=2, offset=0), IntAffine(expr=x_1439560_NC-LUBRICATOR_monday(0..1), coeff=16, offset=0), IntAffine(expr=x_1437665_NC-LUBRICATOR_monday(0..1), coeff=16, offset=0), IntAffine(expr=x_1376960_NC-LUBRICATOR_monday(0..1), coeff=8, offset=0)]"
NC-LUBRICATOR,tuesday,196,16,"[IntAffine(expr=x_1453629_NC-LUBRICATOR_tuesday(0..1), coeff=4, offset=0), IntAffine(expr=x_1449161_NC-LUBRICATOR_tuesday(0..1), coeff=4, offset=0), IntAffine(expr=x_1449160_NC-LUBRICATOR_tuesday(0..1), coeff=4, offset=0), IntAffine(expr=x_1449158_NC-LUBRICATOR_tuesday(0..1), coeff=4, offset=0), IntAffine(expr=x_1449162_NC-LUBRICATOR_tuesday(0..1), coeff=4, offset=0), IntAffine(expr=x_1449157_NC-LUBRICATOR_tuesday(0..1), coeff=4, offset=0), IntAffine(expr=x_1449150_NC-LUBRICATOR_tuesday(0..1), coeff=2, offset=0), IntAffine(expr=x_1449155_NC-LUBRICATOR_tuesday(0..1), coeff=4, offset=0), IntAffine(expr=x_1449125_NC-LUBRICATOR_tuesday(0..1), coeff=2, offset=0), IntAffine(expr=x_1449110_NC-LUBRICATOR_tuesday(0..1), coeff=4, offset=0), IntAffine(expr=x_1449116_NC-LUBRICATOR_tuesday(0..1), coeff=4, offset=0), IntAffine(expr=x_1449113_NC-LUBRICATOR_tuesday(0..1), coeff=4, offset=0), IntAffine(expr=x_1449119_NC-LUBRICATOR_tuesday(0..1), coeff=4, offset=0), IntAffine(expr=x_1449107_NC-LUBRICATOR_tuesday(0..1), coeff=4, offset=0), IntAffine(expr=x_1449104_NC-LUBRICATOR_tuesday(0..1), coeff=4, offset=0), IntAffine(expr=x_1449101_NC-LUBRICATOR_tuesday(0..1), coeff=4, offset=0), IntAffine(expr=x_1449098_NC-LUBRICATOR_tuesday(0..1), coeff=4, offset=0), IntAffine(expr=x_1449024_NC-LUBRICATOR_tuesday(0..1), coeff=2, offset=0), IntAffine(expr=x_1449021_NC-LUBRICATOR_tuesday(0..1), coeff=2, offset=0), IntAffine(expr=x_1449000_NC-LUBRICATOR_tuesday(0..1), coeff=2, offset=0), IntAffine(expr=x_1448984_NC-LUBRICATOR_tuesday(0..1), coeff=2, offset=0), IntAffine(expr=x_1448921_NC-LUBRICATOR_tuesday(0..1), coeff=4, offset=0), IntAffine(expr=x_1448920_NC-LUBRICATOR_tuesday(0..1), coeff=8, offset=0), IntAffine(expr=x_1448919_NC-LUBRICATOR_tuesday(0..1), coeff=8, offset=0), IntAffine(expr=x_1448918_NC-LUBRICATOR_tuesday(0..1), coeff=8, offset=0), IntAffine(expr=x_1448917_NC-LUBRICATOR_tuesday(0..1), coeff=8, offset=0), IntAffine(expr=x_1448916_NC-LUBRICATOR_tuesday(0..1), coeff=8, offset=0), IntAffine(expr=x_1448781_NC-LUBRICATOR_tuesday(0..1), coeff=2, offset=0), IntAffine(expr=x_1448675_NC-LUBRICATOR_tuesday(0..1), coeff=2, offset=0), IntAffine(expr=x_1448678_NC-LUBRICATOR_tuesday(0..1), coeff=2, offset=0), IntAffine(expr=x_1448679_NC-LUBRICATOR_tuesday(0..1), coeff=2, offset=0), IntAffine(expr=x_1448671_NC-LUBRICATOR_tuesday(0..1), coeff=4, offset=0), IntAffine(expr=x_1448669_NC-LUBRICATOR_tuesday(0..1), coeff=4, offset=0), IntAffine(expr=x_1448667_NC-LUBRICATOR_tuesday(0..1), coeff=4, offset=0), IntAffine(expr=x_1448674_NC-LUBRICATOR_tuesday(0..1), coeff=2, offset=0), IntAffine(expr=x_1447303_NC-LUBRICATOR_tuesday(0..1), coeff=8, offset=0), IntAffine(expr=x_1446098_NC-LUBRICATOR_tuesday(0..1), coeff=8, offset=0), IntAffine(expr=x_1442292_NC-LUBRICATOR_tuesday(0..1), coeff=2, offset=0), IntAffine(expr=x_1439560_NC-LUBRICATOR_tuesday(0..1), coeff=16, offset=0), IntAffine(expr=x_1437665_NC-LUBRICATOR_tuesday(0..1), coeff=16, offset=0), IntAffine(expr=x_1376960_NC-LUBRICATOR_tuesday(0..1), coeff=8, offset=0)]"
NC-LUBRICATOR,wednesday,196,16,"[IntAffine(expr=x_1453629_NC-LUBRICATOR_wednesday(0..1), coeff=4, offset=0), IntAffine(expr=x_1449161_NC-LUBRICATOR_wednesday(0..1), coeff=4, offset=0), IntAffine(expr=x_1449160_NC-LUBRICATOR_wednesday(0..1), coeff=4, offset=0), IntAffine(expr=x_1449158_NC-LUBRICATOR_wednesday(0..1), coeff=4, offset=0), IntAffine(expr=x_1449162_NC-LUBRICATOR_wednesday(0..1), coeff=4, offset=0), IntAffine(expr=x_1449157_NC-LUBRICATOR_wednesday(0..1), coeff=4, offset=0), IntAffine(expr=x_1449150_NC-LUBRICATOR_wednesday(0..1), coeff=2, offset=0), IntAffine(expr=x_1449155_NC-LUBRICATOR_wednesday(0..1), coeff=4, offset=0), IntAffine(expr=x_1449125_NC-LUBRICATOR_wednesday(0..1), coeff=2, offset=0), IntAffine(expr=x_1449110_NC-LUBRICATOR_wednesday(0..1), coeff=4, offset=0), IntAffine(expr=x_1449116_NC-LUBRICATOR_wednesday(0..1), coeff=4, offset=0), IntAffine(expr=x_1449113_NC-LUBRICATOR_wednesday(0..1), coeff=4, offset=0), IntAffine(expr=x_1449119_NC-LUBRICATOR_wednesday(0..1), coeff=4, offset=0), IntAffine(expr=x_1449107_NC-LUBRICATOR_wednesday(0..1), coeff=4, offset=0), IntAffine(expr=x_1449104_NC-LUBRICATOR_wednesday(0..1), coeff=4, offset=0), IntAffine(expr=x_1449101_NC-LUBRICATOR_wednesday(0..1), coeff=4, offset=0), IntAffine(expr=x_1449098_NC-LUBRICATOR_wednesday(0..1), coeff=4, offset=0), IntAffine(expr=x_1449024_NC-LUBRICATOR_wednesday(0..1), coeff=2, offset=0), IntAffine(expr=x_1449021_NC-LUBRICATOR_wednesday(0..1), coeff=2, offset=0), IntAffine(expr=x_1449000_NC-LUBRICATOR_wednesday(0..1), coeff=2, offset=0), IntAffine(expr=x_1448984_NC-LUBRICATOR_wednesday(0..1), coeff=2, offset=0), IntAffine(expr=x_1448921_NC-LUBRICATOR_wednesday(0..1), coeff=4, offset=0), IntAffine(expr=x_1448920_NC-LUBRICATOR_wednesday(0..1), coeff=8, offset=0), IntAffine(expr=x_1448919_NC-LUBRICATOR_wednesday(0..1), coeff=8, offset=0), IntAffine(expr=x_1448918_NC-LUBRICATOR_wednesday(0..1), coeff=8, offset=0), IntAffine(expr=x_1448917_NC-LUBRICATOR_wednesday(0..1), coeff=8, offset=0), IntAffine(expr=x_1448916_NC-LUBRICATOR_wednesday(0..1), coeff=8, offset=0), IntAffine(expr=x_1448781_NC-LUBRICATOR_wednesday(0..1), coeff=2, offset=0), IntAffine(expr=x_1448675_NC-LUBRICATOR_wednesday(0..1), coeff=2, offset=0), IntAffine(expr=x_1448678_NC-LUBRICATOR_wednesday(0..1), coeff=2, offset=0), IntAffine(expr=x_1448679_NC-LUBRICATOR_wednesday(0..1), coeff=2, offset=0), IntAffine(expr=x_1448671_NC-LUBRICATOR_wednesday(0..1), coeff=4, offset=0), IntAffine(expr=x_1448669_NC-LUBRICATOR_wednesday(0..1), coeff=4, offset=0), IntAffine(expr=x_1448667_NC-LUBRICATOR_wednesday(0..1), coeff=4, offset=0), IntAffine(expr=x_1448674_NC-LUBRICATOR_wednesday(0..1), coeff=2, offset=0), IntAffine(expr=x_1447303_NC-LUBRICATOR_wednesday(0..1), coeff=8, offset=0), IntAffine(expr=x_1446098_NC-LUBRICATOR_wednesday(0..1), coeff=8, offset=0), IntAffine(expr=x_1442292_NC-LUBRICATOR_wednesday(0..1), coeff=2, offset=0), IntAffine(expr=x_1439560_NC-LUBRICATOR_wednesday(0..1), coeff=16, offset=0), IntAffine(expr=x_1437665_NC-LUBRICATOR_wednesday(0..1), coeff=16, offset=0), IntAffine(expr=x_1376960_NC-LUBRICATOR_wednesday(0..1), coeff=8, offset=0)]"
NC-LUBRICATOR,thursday,196,16,"[IntAffine(expr=x_1453629_NC-LUBRICATOR_thursday(0..1), coeff=4, offset=0), IntAffine(expr=x_1449161_NC-LUBRICATOR_thursday(0..1), coeff=4, offset=0), IntAffine(expr=x_1449160_NC-LUBRICATOR_thursday(0..1), coeff=4, offset=0), IntAffine(expr=x_1449158_NC-LUBRICATOR_thursday(0..1), coeff=4, offset=0), IntAffine(expr=x_1449162_NC-LUBRICATOR_thursday(0..1), coeff=4, offset=0), IntAffine(expr=x_1449157_NC-LUBRICATOR_thursday(0..1), coeff=4, offset=0), IntAffine(expr=x_1449150_NC-LUBRICATOR_thursday(0..1), coeff=2, offset=0), IntAffine(expr=x_1449155_NC-LUBRICATOR_thursday(0..1), coeff=4, offset=0), IntAffine(expr=x_1449125_NC-LUBRICATOR_thursday(0..1), coeff=2, offset=0), IntAffine(expr=x_1449110_NC-LUBRICATOR_thursday(0..1), coeff=4, offset=0), IntAffine(expr=x_1449116_NC-LUBRICATOR_thursday(0..1), coeff=4, offset=0), IntAffine(expr=x_1449113_NC-LUBRICATOR_thursday(0..1), coeff=4, offset=0), IntAffine(expr=x_1449119_NC-LUBRICATOR_thursday(0..1), coeff=4, offset=0), IntAffine(expr=x_1449107_NC-LUBRICATOR_thursday(0..1), coeff=4, offset=0), IntAffine(expr=x_1449104_NC-LUBRICATOR_thursday(0..1), coeff=4, offset=0), IntAffine(expr=x_1449101_NC-LUBRICATOR_thursday(0..1), coeff=4, offset=0), IntAffine(expr=x_1449098_NC-LUBRICATOR_thursday(0..1), coeff=4, offset=0), IntAffine(expr=x_1449024_NC-LUBRICATOR_thursday(0..1), coeff=2, offset=0), IntAffine(expr=x_1449021_NC-LUBRICATOR_thursday(0..1), coeff=2, offset=0), IntAffine(expr=x_1449000_NC-LUBRICATOR_thursday(0..1), coeff=2, offset=0), IntAffine(expr=x_1448984_NC-LUBRICATOR_thursday(0..1), coeff=2, offset=0), IntAffine(expr=x_1448921_NC-LUBRICATOR_thursday(0..1), coeff=4, offset=0), IntAffine(expr=x_1448920_NC-LUBRICATOR_thursday(0..1), coeff=8, offset=0), IntAffine(expr=x_1448919_NC-LUBRICATOR_thursday(0..1), coeff=8, offset=0), IntAffine(expr=x_1448918_NC-LUBRICATOR_thursday(0..1), coeff=8, offset=0), IntAffine(expr=x_1448917_NC-LUBRICATOR_thursday(0..1), coeff=8, offset=0), IntAffine(expr=x_1448916_NC-LUBRICATOR_thursday(0..1), coeff=8, offset=0), IntAffine(expr=x_1448781_NC-LUBRICATOR_thursday(0..1), coeff=2, offset=0), IntAffine(expr=x_1448675_NC-LUBRICATOR_thursday(0..1), coeff=2, offset=0), IntAffine(expr=x_1448678_NC-LUBRICATOR_thursday(0..1), coeff=2, offset=0), IntAffine(expr=x_1448679_NC-LUBRICATOR_thursday(0..1), coeff=2, offset=0), IntAffine(expr=x_1448671_NC-LUBRICATOR_thursday(0..1), coeff=4, offset=0), IntAffine(expr=x_1448669_NC-LUBRICATOR_thursday(0..1), coeff=4, offset=0), IntAffine(expr=x_1448667_NC-LUBRICATOR_thursday(0..1), coeff=4, offset=0), IntAffine(expr=x_1448674_NC-LUBRICATOR_thursday(0..1), coeff=2, offset=0), IntAffine(expr=x_1447303_NC-LUBRICATOR_thursday(0..1), coeff=8, offset=0), IntAffine(expr=x_1446098_NC-LUBRICATOR_thursday(0..1), coeff=8, offset=0), IntAffine(expr=x_1442292_NC-LUBRICATOR_thursday(0..1), coeff=2, offset=0), IntAffine(expr=x_1439560_NC-LUBRICATOR_thursday(0..1), coeff=16, offset=0), IntAffine(expr=x_1437665_NC-LUBRICATOR_thursday(0..1), coeff=16, offset=0), IntAffine(expr=x_1376960_NC-LUBRICATOR_thursday(0..1), coeff=8, offset=0)]"
NC-LUBRICATOR,friday,196,16,"[IntAffine(expr=x_1453629_NC-LUBRICATOR_friday(0..1), coeff=4, offset=0), IntAffine(expr=x_1449161_NC-LUBRICATOR_friday(0..1), coeff=4, offset=0), IntAffine(expr=x_1449160_NC-LUBRICATOR_friday(0..1), coeff=4, offset=0), IntAffine(expr=x_1449158_NC-LUBRICATOR_friday(0..1), coeff=4, offset=0), IntAffine(expr=x_1449162_NC-LUBRICATOR_friday(0..1), coeff=4, offset=0), IntAffine(expr=x_1449157_NC-LUBRICATOR_friday(0..1), coeff=4, offset=0), IntAffine(expr=x_1449150_NC-LUBRICATOR_friday(0..1), coeff=2, offset=0), IntAffine(expr=x_1449155_NC-LUBRICATOR_friday(0..1), coeff=4, offset=0), IntAffine(expr=x_1449125_NC-LUBRICATOR_friday(0..1), coeff=2, offset=0), IntAffine(expr=x_1449110_NC-LUBRICATOR_friday(0..1), coeff=4, offset=0), IntAffine(expr=x_1449116_NC-LUBRICATOR_friday(0..1), coeff=4, offset=0), IntAffine(expr=x_1449113_NC-LUBRICATOR_friday(0..1), coeff=4, offset=0), IntAffine(expr=x_1449119_NC-LUBRICATOR_friday(0..1), coeff=4, offset=0), IntAffine(expr=x_1449107_NC-LUBRICATOR_friday(0..1), coeff=4, offset=0), IntAffine(expr=x_1449104_NC-LUBRICATOR_friday(0..1), coeff=4, offset=0), IntAffine(expr=x_1449101_NC-LUBRICATOR_friday(0..1), coeff=4, offset=0), IntAffine(expr=x_1449098_NC-LUBRICATOR_friday(0..1), coeff=4, offset=0), IntAffine(expr=x_1449024_NC-LUBRICATOR_friday(0..1), coeff=2, offset=0), IntAffine(expr=x_1449021_NC-LUBRICATOR_friday(0..1), coeff=2, offset=0), IntAffine(expr=x_1449000_NC-LUBRICATOR_friday(0..1), coeff=2, offset=0), IntAffine(expr=x_1448984_NC-LUBRICATOR_friday(0..1), coeff=2, offset=0), IntAffine(expr=x_1448921_NC-LUBRICATOR_friday(0..1), coeff=4, offset=0), IntAffine(expr=x_1448920_NC-LUBRICATOR_friday(0..1), coeff=8, offset=0), IntAffine(expr=x_1448919_NC-LUBRICATOR_friday(0..1), coeff=8, offset=0), IntAffine(expr=x_1448918_NC-LUBRICATOR_friday(0..1), coeff=8, offset=0), IntAffine(expr=x_1448917_NC-LUBRICATOR_friday(0..1), coeff=8, offset=0), IntAffine(expr=x_1448916_NC-LUBRICATOR_friday(0..1), coeff=8, offset=0), IntAffine(expr=x_1448781_NC-LUBRICATOR_friday(0..1), coeff=2, offset=0), IntAffine(expr=x_1448675_NC-LUBRICATOR_friday(0..1), coeff=2, offset=0), IntAffine(expr=x_1448678_NC-LUBRICATOR_friday(0..1), coeff=2, offset=0), IntAffine(expr=x_1448679_NC-LUBRICATOR_friday(0..1), coeff=2, offset=0), IntAffine(expr=x_1448671_NC-LUBRICATOR_friday(0..1), coeff=4, offset=0), IntAffine(expr=x_1448669_NC-LUBRICATOR_friday(0..1), coeff=4, offset=0), IntAffine(expr=x_1448667_NC-LUBRICATOR_friday(0..1), coeff=4, offset=0), IntAffine(expr=x_1448674_NC-LUBRICATOR_friday(0..1), coeff=2, offset=0), IntAffine(expr=x_1447303_NC-LUBRICATOR_friday(0..1), coeff=8, offset=0), IntAffine(expr=x_1446098_NC-LUBRICATOR_friday(0..1), coeff=8, offset=0), IntAffine(expr=x_1442292_NC-LUBRICATOR_friday(0..1), coeff=2, offset=0), IntAffine(expr=x_1439560_NC-LUBRICATOR_friday(0..1), coeff=16, offset=0), IntAffine(expr=x_1437665_NC-LUBRICATOR_friday(0..1), coeff=16, offset=0), IntAffine(expr=x_1376960_NC-LUBRICATOR_friday(0..1), coeff=8, offset=0)]"
NC-MECHANIC EXE,monday,340,40,"[IntAffine(expr=x_1453421_NC-MECHANIC EXE_monday(0..1), coeff=16, offset=0), IntAffine(expr=x_1452263_NC-MECHANIC EXE_monday(0..1), coeff=12, offset=0), IntAffine(expr=x_1452262_NC-MECHANIC EXE_monday(0..1), coeff=36, offset=0), IntAffine(expr=x_1451754_NC-MECHANIC EXE_monday(0..1), coeff=16, offset=0), IntAffine(expr=x_1450346_NC-MECHANIC EXE_monday(0..1), coeff=2, offset=0), IntAffine(expr=x_1450248_NC-MECHANIC EXE_monday(0..1), coeff=8, offset=0), IntAffine(expr=x_1449009_NC-MECHANIC EXE_monday(0..1), coeff=64, offset=0), IntAffine(expr=x_1449001_NC-MECHANIC EXE_monday(0..1), coeff=2, offset=0), IntAffine(expr=x_1448910_NC-MECHANIC EXE_monday(0..1), coeff=2, offset=0), IntAffine(expr=x_1448899_NC-MECHANIC EXE_monday(0..1), coeff=6, offset=0), IntAffine(expr=x_1448622_NC-MECHANIC EXE_monday(0..1), coeff=36, offset=0), IntAffine(expr=x_1447542_NC-MECHANIC EXE_monday(0..1), coeff=12, offset=0), IntAffine(expr=x_1446161_NC-MECHANIC EXE_monday(0..1), coeff=8, offset=0), IntAffine(expr=x_1446160_NC-MECHANIC EXE_monday(0..1), coeff=8, offset=0), IntAffine(expr=x_1445092_NC-MECHANIC EXE_monday(0..1), coeff=8, offset=0), IntAffine(expr=x_1443005_NC-MECHANIC EXE_monday(0..1), coeff=12, offset=0), IntAffine(expr=x_1442847_NC-MECHANIC EXE_monday(0..1), coeff=12, offset=0), IntAffine(expr=x_1442846_NC-MECHANIC EXE_monday(0..1), coeff=12, offset=0), IntAffine(expr=x_1442845_NC-MECHANIC EXE_monday(0..1), coeff=12, offset=0), IntAffine(expr=x_1442843_NC-MECHANIC EXE_monday(0..1), coeff=12, offset=0), IntAffine(expr=x_1442842_NC-MECHANIC EXE_monday(0..1), coeff=12, offset=0), IntAffine(expr=x_1418457_NC-MECHANIC EXE_monday(0..1), coeff=24, offset=0), IntAffine(expr=x_1365508_NC-MECHANIC EXE_monday(0..1), coeff=8, offset=0)]"
NC-MECHANIC EXE,tuesday,340,40,"[IntAffine(expr=x_1453421_NC-MECHANIC EXE_tuesday(0..1), coeff=16, offset=0), IntAffine(expr=x_1452263_NC-MECHANIC EXE_tuesday(0..1), coeff=12, offset=0), IntAffine(expr=x_1452262_NC-MECHANIC EXE_tuesday(0..1), coeff=36, offset=0), IntAffine(expr=x_1451754_NC-MECHANIC EXE_tuesday(0..1), coeff=16, offset=0), IntAffine(expr=x_1450346_NC-MECHANIC EXE_tuesday(0..1), coeff=2, offset=0), IntAffine(expr=x_1450248_NC-MECHANIC EXE_tuesday(0..1), coeff=8, offset=0), IntAffine(expr=x_1449009_NC-MECHANIC EXE_tuesday(0..1), coeff=64, offset=0), IntAffine(expr=x_1449001_NC-MECHANIC EXE_tuesday(0..1), coeff=2, offset=0), IntAffine(expr=x_1448910_NC-MECHANIC EXE_tuesday(0..1), coeff=2, offset=0), IntAffine(expr=x_1448899_NC-MECHANIC EXE_tuesday(0..1), coeff=6, offset=0), IntAffine(expr=x_1448622_NC-MECHANIC EXE_tuesday(0..1), coeff=36, offset=0), IntAffine(expr=x_1447542_NC-MECHANIC EXE_tuesday(0..1), coeff=12, offset=0), IntAffine(expr=x_1446161_NC-MECHANIC EXE_tuesday(0..1), coeff=8, offset=0), IntAffine(expr=x_1446160_NC-MECHANIC EXE_tuesday(0..1), coeff=8, offset=0), IntAffine(expr=x_1445092_NC-MECHANIC EXE_tuesday(0..1), coeff=8, offset=0), IntAffine(expr=x_1443005_NC-MECHANIC EXE_tuesday(0..1), coeff=12, offset=0), IntAffine(expr=x_1442847_NC-MECHANIC EXE_tuesday(0..1), coeff=12, offset=0), IntAffine(expr=x_1442846_NC-MECHANIC EXE_tuesday(0..1), coeff=12, offset=0), IntAffine(expr=x_1442845_NC-MECHANIC EXE_tuesday(0..1), coeff=12, offset=0), IntAffine(expr=x_1442843_NC-MECHANIC EXE_tuesday(0..1), coeff=12, offset=0), IntAffine(expr=x_1442842_NC-MECHANIC EXE_tuesday(0..1), coeff=12, offset=0), IntAffine(expr=x_1418457_NC-MECHANIC EXE_tuesday(0..1), coeff=24, offset=0), IntAffine(expr=x_1365508_NC-MECHANIC EXE_tuesday(0..1), coeff=8, offset=0)]"
NC-MECHANIC EXE,wednesday,340,40,"[IntAffine(expr=x_1453421_NC-MECHANIC EXE_wednesday(0..1), coeff=16, offset=0), IntAffine(expr=x_1452263_NC-MECHANIC EXE_wednesday(0..1), coeff=12, offset=0), IntAffine(expr=x_1452262_NC-MECHANIC EXE_wednesday(0..1), coeff=36, offset=0), IntAffine(expr=x_1451754_NC-MECHANIC EXE_wednesday(0..1), coeff=16, offset=0), IntAffine(expr=x_1450346_NC-MECHANIC EXE_wednesday(0..1), coeff=2, offset=0), IntAffine(expr=x_1450248_NC-MECHANIC EXE_wednesday(0..1), coeff=8, offset=0), IntAffine(expr=x_1449009_NC-MECHANIC EXE_wednesday(0..1), coeff=64, offset=0), IntAffine(expr=x_1449001_NC-MECHANIC EXE_wednesday(0..1), coeff=2, offset=0), IntAffine(expr=x_1448910_NC-MECHANIC EXE_wednesday(0..1), coeff=2, offset=0), IntAffine(expr=x_1448899_NC-MECHANIC EXE_wednesday(0..1), coeff=6, offset=0), IntAffine(expr=x_1448622_NC-MECHANIC EXE_wednesday(0..1), coeff=36, offset=0), IntAffine(expr=x_1447542_NC-MECHANIC EXE_wednesday(0..1), coeff=12, offset=0), IntAffine(expr=x_1446161_NC-MECHANIC EXE_wednesday(0..1), coeff=8, offset=0), IntAffine(expr=x_1446160_NC-MECHANIC EXE_wednesday(0..1), coeff=8, offset=0), IntAffine(expr=x_1445092_NC-MECHANIC EXE_wednesday(0..1), coeff=8, offset=0), IntAffine(expr=x_1443005_NC-MECHANIC EXE_wednesday(0..1), coeff=12, offset=0), IntAffine(expr=x_1442847_NC-MECHANIC EXE_wednesday(0..1), coeff=12, offset=0), IntAffine(expr=x_1442846_NC-MECHANIC EXE_wednesday(0..1), coeff=12, offset=0), IntAffine(expr=x_1442845_NC-MECHANIC EXE_wednesday(0..1), coeff=12, offset=0), IntAffine(expr=x_1442843_NC-MECHANIC EXE_wednesday(0..1), coeff=12, offset=0), IntAffine(expr=x_1442842_NC-MECHANIC EXE_wednesday(0..1), coeff=12, offset=0), IntAffine(expr=x_1418457_NC-MECHANIC EXE_wednesday(0..1), coeff=24, offset=0), IntAffine(expr=x_1365508_NC-MECHANIC EXE_wednesday(0..1), coeff=8, offset=0)]"
NC-MECHANIC EXE,thursday,340,40,"[IntAffine(expr=x_1453421_NC-MECHANIC EXE_thursday(0..1), coeff=16, offset=0), IntAffine(expr=x_1452263_NC-MECHANIC EXE_thursday(0..1), coeff=12, offset=0), IntAffine(expr=x_1452262_NC-MECHANIC EXE_thursday(0..1), coeff=36, offset=0), IntAffine(expr=x_1451754_NC-MECHANIC EXE_thursday(0..1), coeff=16, offset=0), IntAffine(expr=x_1450346_NC-MECHANIC EXE_thursday(0..1), coeff=2, offset=0), IntAffine(expr=x_1450248_NC-MECHANIC EXE_thursday(0..1), coeff=8, offset=0), IntAffine(expr=x_1449009_NC-MECHANIC EXE_thursday(0..1), coeff=64, offset=0), IntAffine(expr=x_1449001_NC-MECHANIC EXE_thursday(0..1), coeff=2, offset=0), IntAffine(expr=x_1448910_NC-MECHANIC EXE_thursday(0..1), coeff=2, offset=0), IntAffine(expr=x_1448899_NC-MECHANIC EXE_thursday(0..1), coeff=6, offset=0), IntAffine(expr=x_1448622_NC-MECHANIC EXE_thursday(0..1), coeff=36, offset=0), IntAffine(expr=x_1447542_NC-MECHANIC EXE_thursday(0..1), coeff=12, offset=0), IntAffine(expr=x_1446161_NC-MECHANIC EXE_thursday(0..1), coeff=8, offset=0), IntAffine(expr=x_1446160_NC-MECHANIC EXE_thursday(0..1), coeff=8, offset=0), IntAffine(expr=x_1445092_NC-MECHANIC EXE_thursday(0..1), coeff=8, offset=0), IntAffine(expr=x_1443005_NC-MECHANIC EXE_thursday(0..1), coeff=12, offset=0), IntAffine(expr=x_1442847_NC-MECHANIC EXE_thursday(0..1), coeff=12, offset=0), IntAffine(expr=x_1442846_NC-MECHANIC EXE_thursday(0..1), coeff=12, offset=0), IntAffine(expr=x_1442845_NC-MECHANIC EXE_thursday(0..1), coeff=12, offset=0), IntAffine(expr=x_1442843_NC-MECHANIC EXE_thursday(0..1), coeff=12, offset=0), IntAffine(expr=x_1442842_NC-MECHANIC EXE_thursday(0..1), coeff=12, offset=0), IntAffine(expr=x_1418457_NC-MECHANIC EXE_thursday(0..1), coeff=24, offset=0), IntAffine(expr=x_1365508_NC-MECHANIC EXE_thursday(0..1), coeff=8, offset=0)]"
NC-MECHANIC EXE,friday,340,40,"[IntAffine(expr=x_1453421_NC-MECHANIC EXE_friday(0..1), coeff=16, offset=0), IntAffine(expr=x_1452263_NC-MECHANIC EXE_friday(0..1), coeff=12, offset=0), IntAffine(expr=x_1452262_NC-MECHANIC EXE_friday(0..1), coeff=36, offset=0), IntAffine(expr=x_1451754_NC-MECHANIC EXE_friday(0..1), coeff=16, offset=0), IntAffine(expr=x_1450346_NC-MECHANIC EXE_friday(0..1), coeff=2, offset=0), IntAffine(expr=x_1450248_NC-MECHANIC EXE_friday(0..1), coeff=8, offset=0), IntAffine(expr=x_1449009_NC-MECHANIC EXE_friday(0..1), coeff=64, offset=0), IntAffine(expr=x_1449001_NC-MECHANIC EXE_friday(0..1), coeff=2, offset=0), IntAffine(expr=x_1448910_NC-MECHANIC EXE_friday(0..1), coeff=2, offset=0), IntAffine(expr=x_1448899_NC-MECHANIC EXE_friday(0..1), coeff=6, offset=0), IntAffine(expr=x_1448622_NC-MECHANIC EXE_friday(0..1), coeff=36, offset=0), IntAffine(expr=x_1447542_NC-MECHANIC EXE_friday(0..1), coeff=12, offset=0), IntAffine(expr=x_1446161_NC-MECHANIC EXE_friday(0..1), coeff=8, offset=0), IntAffine(expr=x_1446160_NC-MECHANIC EXE_friday(0..1), coeff=8, offset=0), IntAffine(expr=x_1445092_NC-MECHANIC EXE_friday(0..1), coeff=8, offset=0), IntAffine(expr=x_1443005_NC-MECHANIC EXE_friday(0..1), coeff=12, offset=0), IntAffine(expr=x_1442847_NC-MECHANIC EXE_friday(0..1), coeff=12, offset=0), IntAffine(expr=x_1442846_NC-MECHANIC EXE_friday(0..1), coeff=12, offset=0), IntAffine(expr=x_1442845_NC-MECHANIC EXE_friday(0..1), coeff=12, offset=0), IntAffine(expr=x_1442843_NC-MECHANIC EXE_friday(0..1), coeff=12, offset=0), IntAffine(expr=x_1442842_NC-MECHANIC EXE_friday(0..1), coeff=12, offset=0), IntAffine(expr=x_1418457_NC-MECHANIC EXE_friday(0..1), coeff=24, offset=0), IntAffine(expr=x_1365508_NC-MECHANIC EXE_friday(0..1), coeff=8, offset=0)]"
NC-PM DAY,monday,345,96,"[IntAffine(expr=x_1453482_NC-PM DAY_monday(0..1), coeff=2, offset=0), IntAffine(expr=x_1453481_NC-PM DAY_monday(0..1), coeff=2, offset=0), IntAffine(expr=x_1452404_NC-PM DAY_monday(0..1), coeff=16, offset=0), IntAffine(expr=x_1450285_NC-PM DAY_monday(0..1), coeff=2, offset=0), IntAffine(expr=x_1450272_NC-PM DAY_monday(0..1), coeff=8, offset=0), IntAffine(expr=x_1450233_NC-PM DAY_monday(0..1), coeff=2, offset=0), IntAffine(expr=x_1450130_NC-PM DAY_monday(0..1), coeff=2, offset=0), IntAffine(expr=x_1450126_NC-PM DAY_monday(0..1), coeff=2, offset=0), IntAffine(expr=x_1450125_NC-PM DAY_monday(0..1), coeff=2, offset=0), IntAffine(expr=x_1449372_NC-PM DAY_monday(0..1), coeff=16, offset=0), IntAffine(expr=x_1449371_NC-PM DAY_monday(0..1), coeff=16, offset=0), IntAffine(expr=x_1449163_NC-PM DAY_monday(0..1), coeff=2, offset=0), IntAffine(expr=x_1449134_NC-PM DAY_monday(0..1), coeff=8, offset=0), IntAffine(expr=x_1449135_NC-PM DAY_monday(0..1), coeff=8, offset=0), IntAffine(expr=x_1449136_NC-PM DAY_monday(0..1), coeff=8, offset=0), IntAffine(expr=x_1449132_NC-PM DAY_monday(0..1), coeff=8, offset=0), x_1449097_NC-PM DAY_monday(0..1), IntAffine(expr=x_1449069_NC-PM DAY_monday(0..1), coeff=2, offset=0), IntAffine(expr=x_1449074_NC-PM DAY_monday(0..1), coeff=2, offset=0), IntAffine(expr=x_1449030_NC-PM DAY_monday(0..1), coeff=4, offset=0), IntAffine(expr=x_1449031_NC-PM DAY_monday(0..1), coeff=4, offset=0), IntAffine(expr=x_1449019_NC-PM DAY_monday(0..1), coeff=8, offset=0), IntAffine(expr=x_1449018_NC-PM DAY_monday(0..1), coeff=8, offset=0), IntAffine(expr=x_1449005_NC-PM DAY_monday(0..1), coeff=5, offset=0), IntAffine(expr=x_1449004_NC-PM DAY_monday(0..1), coeff=5, offset=0), IntAffine(expr=x_1448981_NC-PM DAY_monday(0..1), coeff=10, offset=0), IntAffine(expr=x_1448982_NC-PM DAY_monday(0..1), coeff=5, offset=0), IntAffine(expr=x_1448983_NC-PM DAY_monday(0..1), coeff=10, offset=0), IntAffine(expr=x_1448980_NC-PM DAY_monday(0..1), coeff=5, offset=0), IntAffine(expr=x_1448962_NC-PM DAY_monday(0..1), coeff=4, offset=0), IntAffine(expr=x_1448961_NC-PM DAY_monday(0..1), coeff=4, offset=0), IntAffine(expr=x_1448957_NC-PM DAY_monday(0..1), coeff=4, offset=0), IntAffine(expr=x_1448958_NC-PM DAY_monday(0..1), coeff=4, offset=0), IntAffine(expr=x_1448953_NC-PM DAY_monday(0..1), coeff=4, offset=0), IntAffine(expr=x_1448954_NC-PM DAY_monday(0..1), coeff=4, offset=0), IntAffine(expr=x_1448950_NC-PM DAY_monday(0..1), coeff=14, offset=0), IntAffine(expr=x_1448853_NC-PM DAY_monday(0..1), coeff=16, offset=0), IntAffine(expr=x_1448829_NC-PM DAY_monday(0..1), coeff=2, offset=0), IntAffine(expr=x_1448711_NC-PM DAY_monday(0..1), coeff=16, offset=0), IntAffine(expr=x_1448703_NC-PM DAY_monday(0..1), coeff=16, offset=0), IntAffine(expr=x_1448454_NC-PM DAY_monday(0..1), coeff=2, offset=0), IntAffine(expr=x_1444534_NC-PM DAY_monday(0..1), coeff=12, offset=0), IntAffine(expr=x_1439371_NC-PM DAY_monday(0..1), coeff=16, offset=0), IntAffine(expr=x_1439358_NC-PM DAY_monday(0..1), coeff=12, offset=0), IntAffine(expr=x_1437635_NC-PM DAY_monday(0..1), coeff=3, offset=0), IntAffine(expr=x_1437534_NC-PM DAY_monday(0..1), coeff=8, offset=0), IntAffine(expr=x_1435201_NC-PM DAY_monday(0..1), coeff=12, offset=0), IntAffine(expr=x_1418463_NC-PM DAY_monday(0..1), coeff=12, offset=0), IntAffine(expr=x_1381313_NC-PM DAY_monday(0..1), coeff=7, offset=0)]"
NC-PM DAY,tuesday,345,96,"[IntAffine(expr=x_1453482_NC-PM DAY_tuesday(0..1), coeff=2, offset=0), IntAffine(expr=x_1453481_NC-PM DAY_tuesday(0..1), coeff=2, offset=0), IntAffine(expr=x_1452404_NC-PM DAY_tuesday(0..1), coeff=16, offset=0), IntAffine(expr=x_1450285_NC-PM DAY_tuesday(0..1), coeff=2, offset=0), IntAffine(expr=x_1450272_NC-PM DAY_tuesday(0..1), coeff=8, offset=0), IntAffine(expr=x_1450233_NC-PM DAY_tuesday(0..1), coeff=2, offset=0), IntAffine(expr=x_1450130_NC-PM DAY_tuesday(0..1), coeff=2, offset=0), IntAffine(expr=x_1450126_NC-PM DAY_tuesday(0..1), coeff=2, offset=0), IntAffine(expr=x_1450125_NC-PM DAY_tuesday(0..1), coeff=2, offset=0), IntAffine(expr=x_1449372_NC-PM DAY_tuesday(0..1), coeff=16, offset=0), IntAffine(expr=x_1449371_NC-PM DAY_tuesday(0..1), coeff=16, offset=0), IntAffine(expr=x_1449163_NC-PM DAY_tuesday(0..1), coeff=2, offset=0), IntAffine(expr=x_1449134_NC-PM DAY_tuesday(0..1), coeff=8, offset=0), IntAffine(expr=x_1449135_NC-PM DAY_tuesday(0..1), coeff=8, offset=0), IntAffine(expr=x_1449136_NC-PM DAY_tuesday(0..1), coeff=8, offset=0), IntAffine(expr=x_1449132_NC-PM DAY_tuesday(0..1), coeff=8, offset=0), x_1449097_NC-PM DAY_tuesday(0..1), IntAffine(expr=x_1449069_NC-PM DAY_tuesday(0..1), coeff=2, offset=0), IntAffine(expr=x_1449074_NC-PM DAY_tuesday(0..1), coeff=2, offset=0), IntAffine(expr=x_1449030_NC-PM DAY_tuesday(0..1), coeff=4, offset=0), IntAffine(expr=x_1449031_NC-PM DAY_tuesday(0..1), coeff=4, offset=0), IntAffine(expr=x_1449019_NC-PM DAY_tuesday(0..1), coeff=8, offset=0), IntAffine(expr=x_1449018_NC-PM DAY_tuesday(0..1), coeff=8, offset=0), IntAffine(expr=x_1449005_NC-PM DAY_tuesday(0..1), coeff=5, offset=0), IntAffine(expr=x_1449004_NC-PM DAY_tuesday(0..1), coeff=5, offset=0), IntAffine(expr=x_1448981_NC-PM DAY_tuesday(0..1), coeff=10, offset=0), IntAffine(expr=x_1448982_NC-PM DAY_tuesday(0..1), coeff=5, offset=0), IntAffine(expr=x_1448983_NC-PM DAY_tuesday(0..1), coeff=10, offset=0), IntAffine(expr=x_1448980_NC-PM DAY_tuesday(0..1), coeff=5, offset=0), IntAffine(expr=x_1448962_NC-PM DAY_tuesday(0..1), coeff=4, offset=0), IntAffine(expr=x_1448961_NC-PM DAY_tuesday(0..1), coeff=4, offset=0), IntAffine(expr=x_1448957_NC-PM DAY_tuesday(0..1), coeff=4, offset=0), IntAffine(expr=x_1448958_NC-PM DAY_tuesday(0..1), coeff=4, offset=0), IntAffine(expr=x_1448953_NC-PM DAY_tuesday(0..1), coeff=4, offset=0), IntAffine(expr=x_1448954_NC-PM DAY_tuesday(0..1), coeff=4, offset=0), IntAffine(expr=x_1448950_NC-PM DAY_tuesday(0..1), coeff=14, offset=0), IntAffine(expr=x_1448853_NC-PM DAY_tuesday(0..1), coeff=16, offset=0), IntAffine(expr=x_1448829_NC-PM DAY_tuesday(0..1), coeff=2, offset=0), IntAffine(expr=x_1448711_NC-PM DAY_tuesday(0..1), coeff=16, offset=0), IntAffine(expr=x_1448703_NC-PM DAY_tuesday(0..1), coeff=16, offset=0), IntAffine(expr=x_1448454_NC-PM DAY_tuesday(0..1), coeff=2, offset=0), IntAffine(expr=x_1444534_NC-PM DAY_tuesday(0..1), coeff=12, offset=0), IntAffine(expr=x_1439371_NC-PM DAY_tuesday(0..1), coeff=16, offset=0), IntAffine(expr=x_1439358_NC-PM DAY_tuesday(0..1), coeff=12, offset=0), IntAffine(expr=x_1437635_NC-PM DAY_tuesday(0..1), coeff=3, offset=0), IntAffine(expr=x_1437534_NC-PM DAY_tuesday(0..1), coeff=8, offset=0), IntAffine(expr=x_1435201_NC-PM DAY_tuesday(0..1), coeff=12, offset=0), IntAffine(expr=x_1418463_NC-PM DAY_tuesday(0..1), coeff=12, offset=0), IntAffine(expr=x_1381313_NC-PM DAY_tuesday(0..1), coeff=7, offset=0)]"
NC-PM DAY,wednesday,345,96,"[IntAffine(expr=x_1453482_NC-PM DAY_wednesday(0..1), coeff=2, offset=0), IntAffine(expr=x_1453481_NC-PM DAY_wednesday(0..1), coeff=2, offset=0), IntAffine(expr=x_1452404_NC-PM DAY_wednesday(0..1), coeff=16, offset=0), IntAffine(expr=x_1450285_NC-PM DAY_wednesday(0..1), coeff=2, offset=0), IntAffine(expr=x_1450272_NC-PM DAY_wednesday(0..1), coeff=8, offset=0), IntAffine(expr=x_1450233_NC-PM DAY_wednesday(0..1), coeff=2, offset=0), IntAffine(expr=x_1450130_NC-PM DAY_wednesday(0..1), coeff=2, offset=0), IntAffine(expr=x_1450126_NC-PM DAY_wednesday(0..1), coeff=2, offset=0), IntAffine(expr=x_1450125_NC-PM DAY_wednesday(0..1), coeff=2, offset=0), IntAffine(expr=x_1449372_NC-PM DAY_wednesday(0..1), coeff=16, offset=0), IntAffine(expr=x_1449371_NC-PM DAY_wednesday(0..1), coeff=16, offset=0), IntAffine(expr=x_1449163_NC-PM DAY_wednesday(0..1), coeff=2, offset=0), IntAffine(expr=x_1449134_NC-PM DAY_wednesday(0..1), coeff=8, offset=0), IntAffine(expr=x_1449135_NC-PM DAY_wednesday(0..1), coeff=8, offset=0), IntAffine(expr=x_1449136_NC-PM DAY_wednesday(0..1), coeff=8, offset=0), IntAffine(expr=x_1449132_NC-PM DAY_wednesday(0..1), coeff=8, offset=0), x_1449097_NC-PM DAY_wednesday(0..1), IntAffine(expr=x_1449069_NC-PM DAY_wednesday(0..1), coeff=2, offset=0), IntAffine(expr=x_1449074_NC-PM DAY_wednesday(0..1), coeff=2, offset=0), IntAffine(expr=x_1449030_NC-PM DAY_wednesday(0..1), coeff=4, offset=0), IntAffine(expr=x_1449031_NC-PM DAY_wednesday(0..1), coeff=4, offset=0), IntAffine(expr=x_1449019_NC-PM DAY_wednesday(0..1), coeff=8, offset=0), IntAffine(expr=x_1449018_NC-PM DAY_wednesday(0..1), coeff=8, offset=0), IntAffine(expr=x_1449005_NC-PM DAY_wednesday(0..1), coeff=5, offset=0), IntAffine(expr=x_1449004_NC-PM DAY_wednesday(0..1), coeff=5, offset=0), IntAffine(expr=x_1448981_NC-PM DAY_wednesday(0..1), coeff=10, offset=0), IntAffine(expr=x_1448982_NC-PM DAY_wednesday(0..1), coeff=5, offset=0), IntAffine(expr=x_1448983_NC-PM DAY_wednesday(0..1), coeff=10, offset=0), IntAffine(expr=x_1448980_NC-PM DAY_wednesday(0..1), coeff=5, offset=0), IntAffine(expr=x_1448962_NC-PM DAY_wednesday(0..1), coeff=4, offset=0), IntAffine(expr=x_1448961_NC-PM DAY_wednesday(0..1), coeff=4, offset=0), IntAffine(expr=x_1448957_NC-PM DAY_wednesday(0..1), coeff=4, offset=0), IntAffine(expr=x_1448958_NC-PM DAY_wednesday(0..1), coeff=4, offset=0), IntAffine(expr=x_1448953_NC-PM DAY_wednesday(0..1), coeff=4, offset=0), IntAffine(expr=x_1448954_NC-PM DAY_wednesday(0..1), coeff=4, offset=0), IntAffine(expr=x_1448950_NC-PM DAY_wednesday(0..1), coeff=14, offset=0), IntAffine(expr=x_1448853_NC-PM DAY_wednesday(0..1), coeff=16, offset=0), IntAffine(expr=x_1448829_NC-PM DAY_wednesday(0..1), coeff=2, offset=0), IntAffine(expr=x_1448711_NC-PM DAY_wednesday(0..1), coeff=16, offset=0), IntAffine(expr=x_1448703_NC-PM DAY_wednesday(0..1), coeff=16, offset=0), IntAffine(expr=x_1448454_NC-PM DAY_wednesday(0..1), coeff=2, offset=0), IntAffine(expr=x_1444534_NC-PM DAY_wednesday(0..1), coeff=12, offset=0), IntAffine(expr=x_1439371_NC-PM DAY_wednesday(0..1), coeff=16, offset=0), IntAffine(expr=x_1439358_NC-PM DAY_wednesday(0..1), coeff=12, offset=0), IntAffine(expr=x_1437635_NC-PM DAY_wednesday(0..1), coeff=3, offset=0), IntAffine(expr=x_1437534_NC-PM DAY_wednesday(0..1), coeff=8, offset=0), IntAffine(expr=x_1435201_NC-PM DAY_wednesday(0..1), coeff=12, offset=0), IntAffine(expr=x_1418463_NC-PM DAY_wednesday(0..1), coeff=12, offset=0), IntAffine(expr=x_1381313_NC-PM DAY_wednesday(0..1), coeff=7, offset=0)]"
NC-PM DAY,thursday,345,96,"[IntAffine(expr=x_1453482_NC-PM DAY_thursday(0..1), coeff=2, offset=0), IntAffine(expr=x_1453481_NC-PM DAY_thursday(0..1), coeff=2, offset=0), IntAffine(expr=x_1452404_NC-PM DAY_thursday(0..1), coeff=16, offset=0), IntAffine(expr=x_1450285_NC-PM DAY_thursday(0..1), coeff=2, offset=0), IntAffine(expr=x_1450272_NC-PM DAY_thursday(0..1), coeff=8, offset=0), IntAffine(expr=x_1450233_NC-PM DAY_thursday(0..1), coeff=2, offset=0), IntAffine(expr=x_1450130_NC-PM DAY_thursday(0..1), coeff=2, offset=0), IntAffine(expr=x_1450126_NC-PM DAY_thursday(0..1), coeff=2, offset=0), IntAffine(expr=x_1450125_NC-PM DAY_thursday(0..1), coeff=2, offset=0), IntAffine(expr=x_1449372_NC-PM DAY_thursday(0..1), coeff=16, offset=0), IntAffine(expr=x_1449371_NC-PM DAY_thursday(0..1), coeff=16, offset=0), IntAffine(expr=x_1449163_NC-PM DAY_thursday(0..1), coeff=2, offset=0), IntAffine(expr=x_1449134_NC-PM DAY_thursday(0..1), coeff=8, offset=0), IntAffine(expr=x_1449135_NC-PM DAY_thursday(0..1), coeff=8, offset=0), IntAffine(expr=x_1449136_NC-PM DAY_thursday(0..1), coeff=8, offset=0), IntAffine(expr=x_1449132_NC-PM DAY_thursday(0..1), coeff=8, offset=0), x_1449097_NC-PM DAY_thursday(0..1), IntAffine(expr=x_1449069_NC-PM DAY_thursday(0..1), coeff=2, offset=0), IntAffine(expr=x_1449074_NC-PM DAY_thursday(0..1), coeff=2, offset=0), IntAffine(expr=x_1449030_NC-PM DAY_thursday(0..1), coeff=4, offset=0), IntAffine(expr=x_1449031_NC-PM DAY_thursday(0..1), coeff=4, offset=0), IntAffine(expr=x_1449019_NC-PM DAY_thursday(0..1), coeff=8, offset=0), IntAffine(expr=x_1449018_NC-PM DAY_thursday(0..1), coeff=8, offset=0), IntAffine(expr=x_1449005_NC-PM DAY_thursday(0..1), coeff=5, offset=0), IntAffine(expr=x_1449004_NC-PM DAY_thursday(0..1), coeff=5, offset=0), IntAffine(expr=x_1448981_NC-PM DAY_thursday(0..1), coeff=10, offset=0), IntAffine(expr=x_1448982_NC-PM DAY_thursday(0..1), coeff=5, offset=0), IntAffine(expr=x_1448983_NC-PM DAY_thursday(0..1), coeff=10, offset=0), IntAffine(expr=x_1448980_NC-PM DAY_thursday(0..1), coeff=5, offset=0), IntAffine(expr=x_1448962_NC-PM DAY_thursday(0..1), coeff=4, offset=0), IntAffine(expr=x_1448961_NC-PM DAY_thursday(0..1), coeff=4, offset=0), IntAffine(expr=x_1448957_NC-PM DAY_thursday(0..1), coeff=4, offset=0), IntAffine(expr=x_1448958_NC-PM DAY_thursday(0..1), coeff=4, offset=0), IntAffine(expr=x_1448953_NC-PM DAY_thursday(0..1), coeff=4, offset=0), IntAffine(expr=x_1448954_NC-PM DAY_thursday(0..1), coeff=4, offset=0), IntAffine(expr=x_1448950_NC-PM DAY_thursday(0..1), coeff=14, offset=0), IntAffine(expr=x_1448853_NC-PM DAY_thursday(0..1), coeff=16, offset=0), IntAffine(expr=x_1448829_NC-PM DAY_thursday(0..1), coeff=2, offset=0), IntAffine(expr=x_1448711_NC-PM DAY_thursday(0..1), coeff=16, offset=0), IntAffine(expr=x_1448703_NC-PM DAY_thursday(0..1), coeff=16, offset=0), IntAffine(expr=x_1448454_NC-PM DAY_thursday(0..1), coeff=2, offset=0), IntAffine(expr=x_1444534_NC-PM DAY_thursday(0..1), coeff=12, offset=0), IntAffine(expr=x_1439371_NC-PM DAY_thursday(0..1), coeff=16, offset=0), IntAffine(expr=x_1439358_NC-PM DAY_thursday(0..1), coeff=12, offset=0), IntAffine(expr=x_1437635_NC-PM DAY_thursday(0..1), coeff=3, offset=0), IntAffine(expr=x_1437534_NC-PM DAY_thursday(0..1), coeff=8, offset=0), IntAffine(expr=x_1435201_NC-PM DAY_thursday(0..1), coeff=12, offset=0), IntAffine(expr=x_1418463_NC-PM DAY_thursday(0..1), coeff=12, offset=0), IntAffine(expr=x_1381313_NC-PM DAY_thursday(0..1), coeff=7, offset=0)]"
NC-PM DAY,friday,345,96,"[IntAffine(expr=x_1453482_NC-PM DAY_friday(0..1), coeff=2, offset=0), IntAffine(expr=x_1453481_NC-PM DAY_friday(0..1), coeff=2, offset=0), IntAffine(expr=x_1452404_NC-PM DAY_friday(0..1), coeff=16, offset=0), IntAffine(expr=x_1450285_NC-PM DAY_friday(0..1), coeff=2, offset=0), IntAffine(expr=x_1450272_NC-PM DAY_friday(0..1), coeff=8, offset=0), IntAffine(expr=x_1450233_NC-PM DAY_friday(0..1), coeff=2, offset=0), IntAffine(expr=x_1450130_NC-PM DAY_friday(0..1), coeff=2, offset=0), IntAffine(expr=x_1450126_NC-PM DAY_friday(0..1), coeff=2, offset=0), IntAffine(expr=x_1450125_NC-PM DAY_friday(0..1), coeff=2, offset=0), IntAffine(expr=x_1449372_NC-PM DAY_friday(0..1), coeff=16, offset=0), IntAffine(expr=x_1449371_NC-PM DAY_friday(0..1), coeff=16, offset=0), IntAffine(expr=x_1449163_NC-PM DAY_friday(0..1), coeff=2, offset=0), IntAffine(expr=x_1449134_NC-PM DAY_friday(0..1), coeff=8, offset=0), IntAffine(expr=x_1449135_NC-PM DAY_friday(0..1), coeff=8, offset=0), IntAffine(expr=x_1449136_NC-PM DAY_friday(0..1), coeff=8, offset=0), IntAffine(expr=x_1449132_NC-PM DAY_friday(0..1), coeff=8, offset=0), x_1449097_NC-PM DAY_friday(0..1), IntAffine(expr=x_1449069_NC-PM DAY_friday(0..1), coeff=2, offset=0), IntAffine(expr=x_1449074_NC-PM DAY_friday(0..1), coeff=2, offset=0), IntAffine(expr=x_1449030_NC-PM DAY_friday(0..1), coeff=4, offset=0), IntAffine(expr=x_1449031_NC-PM DAY_friday(0..1), coeff=4, offset=0), IntAffine(expr=x_1449019_NC-PM DAY_friday(0..1), coeff=8, offset=0), IntAffine(expr=x_1449018_NC-PM DAY_friday(0..1), coeff=8, offset=0), IntAffine(expr=x_1449005_NC-PM DAY_friday(0..1), coeff=5, offset=0), IntAffine(expr=x_1449004_NC-PM DAY_friday(0..1), coeff=5, offset=0), IntAffine(expr=x_1448981_NC-PM DAY_friday(0..1), coeff=10, offset=0), IntAffine(expr=x_1448982_NC-PM DAY_friday(0..1), coeff=5, offset=0), IntAffine(expr=x_1448983_NC-PM DAY_friday(0..1), coeff=10, offset=0), IntAffine(expr=x_1448980_NC-PM DAY_friday(0..1), coeff=5, offset=0), IntAffine(expr=x_1448962_NC-PM DAY_friday(0..1), coeff=4, offset=0), IntAffine(expr=x_1448961_NC-PM DAY_friday(0..1), coeff=4, offset=0), IntAffine(expr=x_1448957_NC-PM DAY_friday(0..1), coeff=4, offset=0), IntAffine(expr=x_1448958_NC-PM DAY_friday(0..1), coeff=4, offset=0), IntAffine(expr=x_1448953_NC-PM DAY_friday(0..1), coeff=4, offset=0), IntAffine(expr=x_1448954_NC-PM DAY_friday(0..1), coeff=4, offset=0), IntAffine(expr=x_1448950_NC-PM DAY_friday(0..1), coeff=14, offset=0), IntAffine(expr=x_1448853_NC-PM DAY_friday(0..1), coeff=16, offset=0), IntAffine(expr=x_1448829_NC-PM DAY_friday(0..1), coeff=2, offset=0), IntAffine(expr=x_1448711_NC-PM DAY_friday(0..1), coeff=16, offset=0), IntAffine(expr=x_1448703_NC-PM DAY_friday(0..1), coeff=16, offset=0), IntAffine(expr=x_1448454_NC-PM DAY_friday(0..1), coeff=2, offset=0), IntAffine(expr=x_1444534_NC-PM DAY_friday(0..1), coeff=12, offset=0), IntAffine(expr=x_1439371_NC-PM DAY_friday(0..1), coeff=16, offset=0), IntAffine(expr=x_1439358_NC-PM DAY_friday(0..1), coeff=12, offset=0), IntAffine(expr=x_1437635_NC-PM DAY_friday(0..1), coeff=3, offset=0), IntAffine(expr=x_1437534_NC-PM DAY_friday(0..1), coeff=8, offset=0), IntAffine(expr=x_1435201_NC-PM DAY_friday(0..1), coeff=12, offset=0), IntAffine(expr=x_1418463_NC-PM DAY_friday(0..1), coeff=12, offset=0), IntAffine(expr=x_1381313_NC-PM DAY_friday(0..1), coeff=7, offset=0)]"
NC-PM DAY,saturday,345,96,"[IntAffine(expr=x_1453482_NC-PM DAY_saturday(0..1), coeff=2, offset=0), IntAffine(expr=x_1453481_NC-PM DAY_saturday(0..1), coeff=2, offset=0), IntAffine(expr=x_1452404_NC-PM DAY_saturday(0..1), coeff=16, offset=0), IntAffine(expr=x_1450285_NC-PM DAY_saturday(0..1), coeff=2, offset=0), IntAffine(expr=x_1450272_NC-PM DAY_saturday(0..1), coeff=8, offset=0), IntAffine(expr=x_1450233_NC-PM DAY_saturday(0..1), coeff=2, offset=0), IntAffine(expr=x_1450130_NC-PM DAY_saturday(0..1), coeff=2, offset=0), IntAffine(expr=x_1450126_NC-PM DAY_saturday(0..1), coeff=2, offset=0), IntAffine(expr=x_1450125_NC-PM DAY_saturday(0..1), coeff=2, offset=0), IntAffine(expr=x_1449372_NC-PM DAY_saturday(0..1), coeff=16, offset=0), IntAffine(expr=x_1449371_NC-PM DAY_saturday(0..1), coeff=16, offset=0), IntAffine(expr=x_1449163_NC-PM DAY_saturday(0..1), coeff=2, offset=0), IntAffine(expr=x_1449134_NC-PM DAY_saturday(0..1), coeff=8, offset=0), IntAffine(expr=x_1449135_NC-PM DAY_saturday(0..1), coeff=8, offset=0), IntAffine(expr=x_1449136_NC-PM DAY_saturday(0..1), coeff=8, offset=0), IntAffine(expr=x_1449132_NC-PM DAY_saturday(0..1), coeff=8, offset=0), x_1449097_NC-PM DAY_saturday(0..1), IntAffine(expr=x_1449069_NC-PM DAY_saturday(0..1), coeff=2, offset=0), IntAffine(expr=x_1449074_NC-PM DAY_saturday(0..1), coeff=2, offset=0), IntAffine(expr=x_1449030_NC-PM DAY_saturday(0..1), coeff=4, offset=0), IntAffine(expr=x_1449031_NC-PM DAY_saturday(0..1), coeff=4, offset=0), IntAffine(expr=x_1449019_NC-PM DAY_saturday(0..1), coeff=8, offset=0), IntAffine(expr=x_1449018_NC-PM DAY_saturday(0..1), coeff=8, offset=0), IntAffine(expr=x_1449005_NC-PM DAY_saturday(0..1), coeff=5, offset=0), IntAffine(expr=x_1449004_NC-PM DAY_saturday(0..1), coeff=5, offset=0), IntAffine(expr=x_1448981_NC-PM DAY_saturday(0..1), coeff=10, offset=0), IntAffine(expr=x_1448982_NC-PM DAY_saturday(0..1), coeff=5, offset=0), IntAffine(expr=x_1448983_NC-PM DAY_saturday(0..1), coeff=10, offset=0), IntAffine(expr=x_1448980_NC-PM DAY_saturday(0..1), coeff=5, offset=0), IntAffine(expr=x_1448962_NC-PM DAY_saturday(0..1), coeff=4, offset=0), IntAffine(expr=x_1448961_NC-PM DAY_saturday(0..1), coeff=4, offset=0), IntAffine(expr=x_1448957_NC-PM DAY_saturday(0..1), coeff=4, offset=0), IntAffine(expr=x_1448958_NC-PM DAY_saturday(0..1), coeff=4, offset=0), IntAffine(expr=x_1448953_NC-PM DAY_saturday(0..1), coeff=4, offset=0), IntAffine(expr=x_1448954_NC-PM DAY_saturday(0..1), coeff=4, offset=0), IntAffine(expr=x_1448950_NC-PM DAY_saturday(0..1), coeff=14, offset=0), IntAffine(expr=x_1448853_NC-PM DAY_saturday(0..1), coeff=16, offset=0), IntAffine(expr=x_1448829_NC-PM DAY_saturday(0..1), coeff=2, offset=0), IntAffine(expr=x_1448711_NC-PM DAY_saturday(0..1), coeff=16, offset=0), IntAffine(expr=x_1448703_NC-PM DAY_saturday(0..1), coeff=16, offset=0), IntAffine(expr=x_1448454_NC-PM DAY_saturday(0..1), coeff=2, offset=0), IntAffine(expr=x_1444534_NC-PM DAY_saturday(0..1), coeff=12, offset=0), IntAffine(expr=x_1439371_NC-PM DAY_saturday(0..1), coeff=16, offset=0), IntAffine(expr=x_1439358_NC-PM DAY_saturday(0..1), coeff=12, offset=0), IntAffine(expr=x_1437635_NC-PM DAY_saturday(0..1), coeff=3, offset=0), IntAffine(expr=x_1437534_NC-PM DAY_saturday(0..1), coeff=8, offset=0), IntAffine(expr=x_1435201_NC-PM DAY_saturday(0..1), coeff=12, offset=0), IntAffine(expr=x_1418463_NC-PM DAY_saturday(0..1), coeff=12, offset=0), IntAffine(expr=x_1381313_NC-PM DAY_saturday(0..1), coeff=7, offset=0)]"
NC-PM DAY,sunday,345,96,"[IntAffine(expr=x_1453482_NC-PM DAY_sunday(0..1), coeff=2, offset=0), IntAffine(expr=x_1453481_NC-PM DAY_sunday(0..1), coeff=2, offset=0), IntAffine(expr=x_1452404_NC-PM DAY_sunday(0..1), coeff=16, offset=0), IntAffine(expr=x_1450285_NC-PM DAY_sunday(0..1), coeff=2, offset=0), IntAffine(expr=x_1450272_NC-PM DAY_sunday(0..1), coeff=8, offset=0), IntAffine(expr=x_1450233_NC-PM DAY_sunday(0..1), coeff=2, offset=0), IntAffine(expr=x_1450130_NC-PM DAY_sunday(0..1), coeff=2, offset=0), IntAffine(expr=x_1450126_NC-PM DAY_sunday(0..1), coeff=2, offset=0), IntAffine(expr=x_1450125_NC-PM DAY_sunday(0..1), coeff=2, offset=0), IntAffine(expr=x_1449372_NC-PM DAY_sunday(0..1), coeff=16, offset=0), IntAffine(expr=x_1449371_NC-PM DAY_sunday(0..1), coeff=16, offset=0), IntAffine(expr=x_1449163_NC-PM DAY_sunday(0..1), coeff=2, offset=0), IntAffine(expr=x_1449134_NC-PM DAY_sunday(0..1), coeff=8, offset=0), IntAffine(expr=x_1449135_NC-PM DAY_sunday(0..1), coeff=8, offset=0), IntAffine(expr=x_1449136_NC-PM DAY_sunday(0..1), coeff=8, offset=0), IntAffine(expr=x_1449132_NC-PM DAY_sunday(0..1), coeff=8, offset=0), x_1449097_NC-PM DAY_sunday(0..1), IntAffine(expr=x_1449069_NC-PM DAY_sunday(0..1), coeff=2, offset=0), IntAffine(expr=x_1449074_NC-PM DAY_sunday(0..1), coeff=2, offset=0), IntAffine(expr=x_1449030_NC-PM DAY_sunday(0..1), coeff=4, offset=0), IntAffine(expr=x_1449031_NC-PM DAY_sunday(0..1), coeff=4, offset=0), IntAffine(expr=x_1449019_NC-PM DAY_sunday(0..1), coeff=8, offset=0), IntAffine(expr=x_1449018_NC-PM DAY_sunday(0..1), coeff=8, offset=0), IntAffine(expr=x_1449005_NC-PM DAY_sunday(0..1), coeff=5, offset=0), IntAffine(expr=x_1449004_NC-PM DAY_sunday(0..1), coeff=5, offset=0), IntAffine(expr=x_1448981_NC-PM DAY_sunday(0..1), coeff=10, offset=0), IntAffine(expr=x_1448982_NC-PM DAY_sunday(0..1), coeff=5, offset=0), IntAffine(expr=x_1448983_NC-PM DAY_sunday(0..1), coeff=10, offset=0), IntAffine(expr=x_1448980_NC-PM DAY_sunday(0..1), coeff=5, offset=0), IntAffine(expr=x_1448962_NC-PM DAY_sunday(0..1), coeff=4, offset=0), IntAffine(expr=x_1448961_NC-PM DAY_sunday(0..1), coeff=4, offset=0), IntAffine(expr=x_1448957_NC-PM DAY_sunday(0..1), coeff=4, offset=0), IntAffine(expr=x_1448958_NC-PM DAY_sunday(0..1), coeff=4, offset=0), IntAffine(expr=x_1448953_NC-PM DAY_sunday(0..1), coeff=4, offset=0), IntAffine(expr=x_1448954_NC-PM DAY_sunday(0..1), coeff=4, offset=0), IntAffine(expr=x_1448950_NC-PM DAY_sunday(0..1), coeff=14, offset=0), IntAffine(expr=x_1448853_NC-PM DAY_sunday(0..1), coeff=16, offset=0), IntAffine(expr=x_1448829_NC-PM DAY_sunday(0..1), coeff=2, offset=0), IntAffine(expr=x_1448711_NC-PM DAY_sunday(0..1), coeff=16, offset=0), IntAffine(expr=x_1448703_NC-PM DAY_sunday(0..1), coeff=16, offset=0), IntAffine(expr=x_1448454_NC-PM DAY_sunday(0..1), coeff=2, offset=0), IntAffine(expr=x_1444534_NC-PM DAY_sunday(0..1), coeff=12, offset=0), IntAffine(expr=x_1439371_NC-PM DAY_sunday(0..1), coeff=16, offset=0), IntAffine(expr=x_1439358_NC-PM DAY_sunday(0..1), coeff=12, offset=0), IntAffine(expr=x_1437635_NC-PM DAY_sunday(0..1), coeff=3, offset=0), IntAffine(expr=x_1437534_NC-PM DAY_sunday(0..1), coeff=8, offset=0), IntAffine(expr=x_1435201_NC-PM DAY_sunday(0..1), coeff=12, offset=0), IntAffine(expr=x_1418463_NC-PM DAY_sunday(0..1), coeff=12, offset=0), IntAffine(expr=x_1381313_NC-PM DAY_sunday(0..1), coeff=7, offset=0)]"
NC-PM NIGHT,monday,108,48,"[IntAffine(expr=x_1452505_NC-PM NIGHT_monday(0..1), coeff=4, offset=0), x_1448993_NC-PM NIGHT_monday(0..1), x_1448994_NC-PM NIGHT_monday(0..1), IntAffine(expr=x_1448902_NC-PM NIGHT_monday(0..1), coeff=4, offset=0), IntAffine(expr=x_1448904_NC-PM NIGHT_monday(0..1), coeff=16, offset=0), IntAffine(expr=x_1448908_NC-PM NIGHT_monday(0..1), coeff=16, offset=0), IntAffine(expr=x_1448906_NC-PM NIGHT_monday(0..1), coeff=8, offset=0), IntAffine(expr=x_1448887_NC-PM NIGHT_monday(0..1), coeff=4, offset=0), IntAffine(expr=x_1448889_NC-PM NIGHT_monday(0..1), coeff=16, offset=0), IntAffine(expr=x_1448896_NC-PM NIGHT_monday(0..1), coeff=2, offset=0), IntAffine(expr=x_1448894_NC-PM NIGHT_monday(0..1), coeff=16, offset=0), IntAffine(expr=x_1448892_NC-PM NIGHT_monday(0..1), coeff=8, offset=0), IntAffine(expr=x_1444511_NC-PM NIGHT_monday(0..1), coeff=12, offset=0)]"
NC-PM NIGHT,tuesday,108,48,"[IntAffine(expr=x_1452505_NC-PM NIGHT_tuesday(0..1), coeff=4, offset=0), x_1448993_NC-PM NIGHT_tuesday(0..1), x_1448994_NC-PM NIGHT_tuesday(0..1), IntAffine(expr=x_1448902_NC-PM NIGHT_tuesday(0..1), coeff=4, offset=0), IntAffine(expr=x_1448904_NC-PM NIGHT_tuesday(0..1), coeff=16, offset=0), IntAffine(expr=x_1448908_NC-PM NIGHT_tuesday(0..1), coeff=16, offset=0), IntAffine(expr=x_1448906_NC-PM NIGHT_tuesday(0..1), coeff=8, offset=0), IntAffine(expr=x_1448887_NC-PM NIGHT_tuesday(0..1), coeff=4, offset=0), IntAffine(expr=x_1448889_NC-PM NIGHT_tuesday(0..1), coeff=16, offset=0), IntAffine(expr=x_1448896_NC-PM NIGHT_tuesday(0..1), coeff=2, offset=0), IntAffine(expr=x_1448894_NC-PM NIGHT_tuesday(0..1), coeff=16, offset=0), IntAffine(expr=x_1448892_NC-PM NIGHT_tuesday(0..1), coeff=8, offset=0), IntAffine(expr=x_1444511_NC-PM NIGHT_tuesday(0..1), coeff=12, offset=0)]"
NC-PM NIGHT,wednesday,108,48,"[IntAffine(expr=x_1452505_NC-PM NIGHT_wednesday(0..1), coeff=4, offset=0), x_1448993_NC-PM NIGHT_wednesday(0..1), x_1448994_NC-PM NIGHT_wednesday(0..1), IntAffine(expr=x_1448902_NC-PM NIGHT_wednesday(0..1), coeff=4, offset=0), IntAffine(expr=x_1448904_NC-PM NIGHT_wednesday(0..1), coeff=16, offset=0), IntAffine(expr=x_1448908_NC-PM NIGHT_wednesday(0..1), coeff=16, offset=0), IntAffine(expr=x_1448906_NC-PM NIGHT_wednesday(0..1), coeff=8, offset=0), IntAffine(expr=x_1448887_NC-PM NIGHT_wednesday(0..1), coeff=4, offset=0), IntAffine(expr=x_1448889_NC-PM NIGHT_wednesday(0..1), coeff=16, offset=0), IntAffine(expr=x_1448896_NC-PM NIGHT_wednesday(0..1), coeff=2, offset=0), IntAffine(expr=x_1448894_NC-PM NIGHT_wednesday(0..1), coeff=16, offset=0), IntAffine(expr=x_1448892_NC-PM NIGHT_wednesday(0..1), coeff=8, offset=0), IntAffine(expr=x_1444511_NC-PM NIGHT_wednesday(0..1), coeff=12, offset=0)]"
NC-PM NIGHT,thursday,108,48,"[IntAffine(expr=x_1452505_NC-PM NIGHT_thursday(0..1), coeff=4, offset=0), x_1448993_NC-PM NIGHT_thursday(0..1), x_1448994_NC-PM NIGHT_thursday(0..1), IntAffine(expr=x_1448902_NC-PM NIGHT_thursday(0..1), coeff=4, offset=0), IntAffine(expr=x_1448904_NC-PM NIGHT_thursday(0..1), coeff=16, offset=0), IntAffine(expr=x_1448908_NC-PM NIGHT_thursday(0..1), coeff=16, offset=0), IntAffine(expr=x_1448906_NC-PM NIGHT_thursday(0..1), coeff=8, offset=0), IntAffine(expr=x_1448887_NC-PM NIGHT_thursday(0..1), coeff=4, offset=0), IntAffine(expr=x_1448889_NC-PM NIGHT_thursday(0..1), coeff=16, offset=0), IntAffine(expr=x_1448896_NC-PM NIGHT_thursday(0..1), coeff=2, offset=0), IntAffine(expr=x_1448894_NC-PM NIGHT_thursday(0..1), coeff=16, offset=0), IntAffine(expr=x_1448892_NC-PM NIGHT_thursday(0..1), coeff=8, offset=0), IntAffine(expr=x_1444511_NC-PM NIGHT_thursday(0..1), coeff=12, offset=0)]"
NC-PM NIGHT,friday,108,48,"[IntAffine(expr=x_1452505_NC-PM NIGHT_friday(0..1), coeff=4, offset=0), x_1448993_NC-PM NIGHT_friday(0..1), x_1448994_NC-PM NIGHT_friday(0..1), IntAffine(expr=x_1448902_NC-PM NIGHT_friday(0..1), coeff=4, offset=0), IntAffine(expr=x_1448904_NC-PM NIGHT_friday(0..1), coeff=16, offset=0), IntAffine(expr=x_1448908_NC-PM NIGHT_friday(0..1), coeff=16, offset=0), IntAffine(expr=x_1448906_NC-PM NIGHT_friday(0..1), coeff=8, offset=0), IntAffine(expr=x_1448887_NC-PM NIGHT_friday(0..1), coeff=4, offset=0), IntAffine(expr=x_1448889_NC-PM NIGHT_friday(0..1), coeff=16, offset=0), IntAffine(expr=x_1448896_NC-PM NIGHT_friday(0..1), coeff=2, offset=0), IntAffine(expr=x_1448894_NC-PM NIGHT_friday(0..1), coeff=16, offset=0), IntAffine(expr=x_1448892_NC-PM NIGHT_friday(0..1), coeff=8, offset=0), IntAffine(expr=x_1444511_NC-PM NIGHT_friday(0..1), coeff=12, offset=0)]"
NC-PM NIGHT,saturday,108,48,"[IntAffine(expr=x_1452505_NC-PM NIGHT_saturday(0..1), coeff=4, offset=0), x_1448993_NC-PM NIGHT_saturday(0..1), x_1448994_NC-PM NIGHT_saturday(0..1), IntAffine(expr=x_1448902_NC-PM NIGHT_saturday(0..1), coeff=4, offset=0), IntAffine(expr=x_1448904_NC-PM NIGHT_saturday(0..1), coeff=16, offset=0), IntAffine(expr=x_1448908_NC-PM NIGHT_saturday(0..1), coeff=16, offset=0), IntAffine(expr=x_1448906_NC-PM NIGHT_saturday(0..1), coeff=8, offset=0), IntAffine(expr=x_1448887_NC-PM NIGHT_saturday(0..1), coeff=4, offset=0), IntAffine(expr=x_1448889_NC-PM NIGHT_saturday(0..1), coeff=16, offset=0), IntAffine(expr=x_1448896_NC-PM NIGHT_saturday(0..1), coeff=2, offset=0), IntAffine(expr=x_1448894_NC-PM NIGHT_saturday(0..1), coeff=16, offset=0), IntAffine(expr=x_1448892_NC-PM NIGHT_saturday(0..1), coeff=8, offset=0), IntAffine(expr=x_1444511_NC-PM NIGHT_saturday(0..1), coeff=12, offset=0)]"
NC-PM NIGHT,sunday,108,48,"[IntAffine(expr=x_1452505_NC-PM NIGHT_sunday(0..1), coeff=4, offset=0), x_1448993_NC-PM NIGHT_sunday(0..1), x_1448994_NC-PM NIGHT_sunday(0..1), IntAffine(expr=x_1448902_NC-PM NIGHT_sunday(0..1), coeff=4, offset=0), IntAffine(expr=x_1448904_NC-PM NIGHT_sunday(0..1), coeff=16, offset=0), IntAffine(expr=x_1448908_NC-PM NIGHT_sunday(0..1), coeff=16, offset=0), IntAffine(expr=x_1448906_NC-PM NIGHT_sunday(0..1), coeff=8, offset=0), IntAffine(expr=x_1448887_NC-PM NIGHT_sunday(0..1), coeff=4, offset=0), IntAffine(expr=x_1448889_NC-PM NIGHT_sunday(0..1), coeff=16, offset=0), IntAffine(expr=x_1448896_NC-PM NIGHT_sunday(0..1), coeff=2, offset=0), IntAffine(expr=x_1448894_NC-PM NIGHT_sunday(0..1), coeff=16, offset=0), IntAffine(expr=x_1448892_NC-PM NIGHT_sunday(0..1), coeff=8, offset=0), IntAffine(expr=x_1444511_NC-PM NIGHT_sunday(0..1), coeff=12, offset=0)]"
NC-REBUILD,monday,292,40,"[IntAffine(expr=x_1453428_NC-REBUILD_monday(0..1), coeff=16, offset=0), IntAffine(expr=x_1453071_NC-REBUILD_monday(0..1), coeff=24, offset=0), IntAffine(expr=x_1453069_NC-REBUILD_monday(0..1), coeff=16, offset=0), IntAffine(expr=x_1452557_NC-REBUILD_monday(0..1), coeff=32, offset=0), IntAffine(expr=x_1452462_NC-REBUILD_monday(0..1), coeff=16, offset=0), IntAffine(expr=x_1452443_NC-REBUILD_monday(0..1), coeff=32, offset=0), IntAffine(expr=x_1451369_NC-REBUILD_monday(0..1), coeff=16, offset=0), IntAffine(expr=x_1450159_NC-REBUILD_monday(0..1), coeff=16, offset=0), IntAffine(expr=x_1448480_NC-REBUILD_monday(0..1), coeff=24, offset=0), IntAffine(expr=x_1447544_NC-REBUILD_monday(0..1), coeff=32, offset=0), IntAffine(expr=x_1447328_NC-REBUILD_monday(0..1), coeff=24, offset=0), IntAffine(expr=x_1442883_NC-REBUILD_monday(0..1), coeff=32, offset=0), IntAffine(expr=x_1441822_NC-REBUILD_monday(0..1), coeff=12, offset=0)]"
NC-REBUILD,tuesday,292,40,"[IntAffine(expr=x_1453428_NC-REBUILD_tuesday(0..1), coeff=16, offset=0), IntAffine(expr=x_1453071_NC-REBUILD_tuesday(0..1), coeff=24, offset=0), IntAffine(expr=x_1453069_NC-REBUILD_tuesday(0..1), coeff=16, offset=0), IntAffine(expr=x_1452557_NC-REBUILD_tuesday(0..1), coeff=32, offset=0), IntAffine(expr=x_1452462_NC-REBUILD_tuesday(0..1), coeff=16, offset=0), IntAffine(expr=x_1452443_NC-REBUILD_tuesday(0..1), coeff=32, offset=0), IntAffine(expr=x_1451369_NC-REBUILD_tuesday(0..1), coeff=16, offset=0), IntAffine(expr=x_1450159_NC-REBUILD_tuesday(0..1), coeff=16, offset=0), IntAffine(expr=x_1448480_NC-REBUILD_tuesday(0..1), coeff=24, offset=0), IntAffine(expr=x_1447544_NC-REBUILD_tuesday(0..1), coeff=32, offset=0), IntAffine(expr=x_1447328_NC-REBUILD_tuesday(0..1), coeff=24, offset=0), IntAffine(expr=x_1442883_NC-REBUILD_tuesday(0..1), coeff=32, offset=0), IntAffine(expr=x_1441822_NC-REBUILD_tuesday(0..1), coeff=12, offset=0)]"
NC-REBUILD,wednesday,292,40,"[IntAffine(expr=x_1453428_NC-REBUILD_wednesday(0..1), coeff=16, offset=0), IntAffine(expr=x_1453071_NC-REBUILD_wednesday(0..1), coeff=24, offset=0), IntAffine(expr=x_1453069_NC-REBUILD_wednesday(0..1), coeff=16, offset=0), IntAffine(expr=x_1452557_NC-REBUILD_wednesday(0..1), coeff=32, offset=0), IntAffine(expr=x_1452462_NC-REBUILD_wednesday(0..1), coeff=16, offset=0), IntAffine(expr=x_1452443_NC-REBUILD_wednesday(0..1), coeff=32, offset=0), IntAffine(expr=x_1451369_NC-REBUILD_wednesday(0..1), coeff=16, offset=0), IntAffine(expr=x_1450159_NC-REBUILD_wednesday(0..1), coeff=16, offset=0), IntAffine(expr=x_1448480_NC-REBUILD_wednesday(0..1), coeff=24, offset=0), IntAffine(expr=x_1447544_NC-REBUILD_wednesday(0..1), coeff=32, offset=0), IntAffine(expr=x_1447328_NC-REBUILD_wednesday(0..1), coeff=24, offset=0), IntAffine(expr=x_1442883_NC-REBUILD_wednesday(0..1), coeff=32, offset=0), IntAffine(expr=x_1441822_NC-REBUILD_wednesday(0..1), coeff=12, offset=0)]"
NC-REBUILD,thursday,292,40,"[IntAffine(expr=x_1453428_NC-REBUILD_thursday(0..1), coeff=16, offset=0), IntAffine(expr=x_1453071_NC-REBUILD_thursday(0..1), coeff=24, offset=0), IntAffine(expr=x_1453069_NC-REBUILD_thursday(0..1), coeff=16, offset=0), IntAffine(expr=x_1452557_NC-REBUILD_thursday(0..1), coeff=32, offset=0), IntAffine(expr=x_1452462_NC-REBUILD_thursday(0..1), coeff=16, offset=0), IntAffine(expr=x_1452443_NC-REBUILD_thursday(0..1), coeff=32, offset=0), IntAffine(expr=x_1451369_NC-REBUILD_thursday(0..1), coeff=16, offset=0), IntAffine(expr=x_1450159_NC-REBUILD_thursday(0..1), coeff=16, offset=0), IntAffine(expr=x_1448480_NC-REBUILD_thursday(0..1), coeff=24, offset=0), IntAffine(expr=x_1447544_NC-REBUILD_thursday(0..1), coeff=32, offset=0), IntAffine(expr=x_1447328_NC-REBUILD_thursday(0..1), coeff=24, offset=0), IntAffine(expr=x_1442883_NC-REBUILD_thursday(0..1), coeff=32, offset=0), IntAffine(expr=x_1441822_NC-REBUILD_thursday(0..1), coeff=12, offset=0)]"
NC-REBUILD,friday,292,40,"[IntAffine(expr=x_1453428_NC-REBUILD_friday(0..1), coeff=16, offset=0), IntAffine(expr=x_1453071_NC-REBUILD_friday(0..1), coeff=24, offset=0), IntAffine(expr=x_1453069_NC-REBUILD_friday(0..1), coeff=16, offset=0), IntAffine(expr=x_1452557_NC-REBUILD_friday(0..1), coeff=32, offset=0), IntAffine(expr=x_1452462_NC-REBUILD_friday(0..1), coeff=16, offset=0), IntAffine(expr=x_1452443_NC-REBUILD_friday(0..1), coeff=32, offset=0), IntAffine(expr=x_1451369_NC-REBUILD_friday(0..1), coeff=16, offset=0), IntAffine(expr=x_1450159_NC-REBUILD_friday(0..1), coeff=16, offset=0), IntAffine(expr=x_1448480_NC-REBUILD_friday(0..1), coeff=24, offset=0), IntAffine(expr=x_1447544_NC-REBUILD_friday(0..1), coeff=32, offset=0), IntAffine(expr=x_1447328_NC-REBUILD_friday(0..1), coeff=24, offset=0), IntAffine(expr=x_1442883_NC-REBUILD_friday(0..1), coeff=32, offset=0), IntAffine(expr=x_1441822_NC-REBUILD_friday(0..1), coeff=12, offset=0)]"
